[2026-02-05 05:03:20] Company: 1
Input: {"update_id":86303729,
"message":{"message_id":49,"from":{"id":768732984,"is_bot":false,"first_name":"Hay Kongmeng -","last_name":"\u17a0\u17c3 \u1782\u1784\u17cb\u1798\u17c9\u17c1\u1784","username":"KongMeng_Hay","language_code":"en"},"chat":{"id":768732984,"first_name":"Hay Kongmeng -","last_name":"\u17a0\u17c3 \u1782\u1784\u17cb\u1798\u17c9\u17c1\u1784","username":"KongMeng_Hay","type":"private"},"date":1770267799,"text":"/start","entities":[{"offset":0,"length":6,"type":"bot_command"}]}}
---
[2026-02-05 05:03:33] Company: 1
Input: {"update_id":86303730,
"message":{"message_id":50,"from":{"id":768732984,"is_bot":false,"first_name":"Hay Kongmeng -","last_name":"\u17a0\u17c3 \u1782\u1784\u17cb\u1798\u17c9\u17c1\u1784","username":"KongMeng_Hay","language_code":"en"},"chat":{"id":768732984,"first_name":"Hay Kongmeng -","last_name":"\u17a0\u17c3 \u1782\u1784\u17cb\u1798\u17c9\u17c1\u1784","username":"KongMeng_Hay","type":"private"},"date":1770267813,"text":"/start","entities":[{"offset":0,"length":6,"type":"bot_command"}]}}
---
[2026-02-05 05:06:20] Company: 1
Input: {"update_id":86303731,
"message":{"message_id":51,"from":{"id":768732984,"is_bot":false,"first_name":"Hay Kongmeng -","last_name":"\u17a0\u17c3 \u1782\u1784\u17cb\u1798\u17c9\u17c1\u1784","username":"KongMeng_Hay","language_code":"en"},"chat":{"id":768732984,"first_name":"Hay Kongmeng -","last_name":"\u17a0\u17c3 \u1782\u1784\u17cb\u1798\u17c9\u17c1\u1784","username":"KongMeng_Hay","type":"private"},"date":1770267979,"text":"/start","entities":[{"offset":0,"length":6,"type":"bot_command"}]}}
---
[2026-02-05 05:31:42] Company: 1
Input: {"update_id":86303732,
"message":{"message_id":52,"from":{"id":768732984,"is_bot":false,"first_name":"Hay Kongmeng -","last_name":"\u17a0\u17c3 \u1782\u1784\u17cb\u1798\u17c9\u17c1\u1784","username":"KongMeng_Hay","language_code":"en"},"chat":{"id":768732984,"first_name":"Hay Kongmeng -","last_name":"\u17a0\u17c3 \u1782\u1784\u17cb\u1798\u17c9\u17c1\u1784","username":"KongMeng_Hay","type":"private"},"date":1770268018,"text":"/start","entities":[{"offset":0,"length":6,"type":"bot_command"}]}}
---
[2026-02-05 05:31:42] Company: 1
Input: {"update_id":86303733,
"message":{"message_id":53,"from":{"id":768732984,"is_bot":false,"first_name":"Hay Kongmeng -","last_name":"\u17a0\u17c3 \u1782\u1784\u17cb\u1798\u17c9\u17c1\u1784","username":"KongMeng_Hay","language_code":"en"},"chat":{"id":768732984,"first_name":"Hay Kongmeng -","last_name":"\u17a0\u17c3 \u1782\u1784\u17cb\u1798\u17c9\u17c1\u1784","username":"KongMeng_Hay","type":"private"},"date":1770268147,"text":"/start","entities":[{"offset":0,"length":6,"type":"bot_command"}]}}
---
[2026-02-05 05:31:43] Company: 1
Input: {"update_id":86303734,
"message":{"message_id":54,"from":{"id":768732984,"is_bot":false,"first_name":"Hay Kongmeng -","last_name":"\u17a0\u17c3 \u1782\u1784\u17cb\u1798\u17c9\u17c1\u1784","username":"KongMeng_Hay","language_code":"en"},"chat":{"id":768732984,"first_name":"Hay Kongmeng -","last_name":"\u17a0\u17c3 \u1782\u1784\u17cb\u1798\u17c9\u17c1\u1784","username":"KongMeng_Hay","type":"private"},"date":1770268289,"text":"/start","entities":[{"offset":0,"length":6,"type":"bot_command"}]}}
---
[2026-02-05 05:31:43] Company: 1
Input: {"update_id":86303735,
"message":{"message_id":55,"from":{"id":768732984,"is_bot":false,"first_name":"Hay Kongmeng -","last_name":"\u17a0\u17c3 \u1782\u1784\u17cb\u1798\u17c9\u17c1\u1784","username":"KongMeng_Hay","language_code":"en"},"chat":{"id":768732984,"first_name":"Hay Kongmeng -","last_name":"\u17a0\u17c3 \u1782\u1784\u17cb\u1798\u17c9\u17c1\u1784","username":"KongMeng_Hay","type":"private"},"date":1770268393,"text":"/start","entities":[{"offset":0,"length":6,"type":"bot_command"}]}}
---
[2026-02-05 05:31:43] Company: 1
Input: {"update_id":86303736,
"message":{"message_id":56,"from":{"id":768732984,"is_bot":false,"first_name":"Hay Kongmeng -","last_name":"\u17a0\u17c3 \u1782\u1784\u17cb\u1798\u17c9\u17c1\u1784","username":"KongMeng_Hay","language_code":"en"},"chat":{"id":768732984,"first_name":"Hay Kongmeng -","last_name":"\u17a0\u17c3 \u1782\u1784\u17cb\u1798\u17c9\u17c1\u1784","username":"KongMeng_Hay","type":"private"},"date":1770268399,"text":"/start","entities":[{"offset":0,"length":6,"type":"bot_command"}]}}
---
[2026-02-05 05:31:43] Company: 1
Input: {"update_id":86303737,
"message":{"message_id":57,"from":{"id":768732984,"is_bot":false,"first_name":"Hay Kongmeng -","last_name":"\u17a0\u17c3 \u1782\u1784\u17cb\u1798\u17c9\u17c1\u1784","username":"KongMeng_Hay","language_code":"en"},"chat":{"id":768732984,"first_name":"Hay Kongmeng -","last_name":"\u17a0\u17c3 \u1782\u1784\u17cb\u1798\u17c9\u17c1\u1784","username":"KongMeng_Hay","type":"private"},"date":1770268610,"text":"/start","entities":[{"offset":0,"length":6,"type":"bot_command"}]}}
---
[2026-02-05 05:31:44] Company: 1
Input: {"update_id":86303738,
"message":{"message_id":58,"from":{"id":768732984,"is_bot":false,"first_name":"Hay Kongmeng -","last_name":"\u17a0\u17c3 \u1782\u1784\u17cb\u1798\u17c9\u17c1\u1784","username":"KongMeng_Hay","language_code":"en"},"chat":{"id":768732984,"first_name":"Hay Kongmeng -","last_name":"\u17a0\u17c3 \u1782\u1784\u17cb\u1798\u17c9\u17c1\u1784","username":"KongMeng_Hay","type":"private"},"date":1770268749,"text":"/start","entities":[{"offset":0,"length":6,"type":"bot_command"}]}}
---
[2026-02-05 05:31:44] Company: 1
Input: {"update_id":86303739,
"message":{"message_id":59,"from":{"id":768732984,"is_bot":false,"first_name":"Hay Kongmeng -","last_name":"\u17a0\u17c3 \u1782\u1784\u17cb\u1798\u17c9\u17c1\u1784","username":"KongMeng_Hay","language_code":"en"},"chat":{"id":768732984,"first_name":"Hay Kongmeng -","last_name":"\u17a0\u17c3 \u1782\u1784\u17cb\u1798\u17c9\u17c1\u1784","username":"KongMeng_Hay","type":"private"},"date":1770268822,"text":"/start","entities":[{"offset":0,"length":6,"type":"bot_command"}]}}
---
[2026-02-05 05:31:44] Company: 1
Input: {"update_id":86303740,
"message":{"message_id":60,"from":{"id":768732984,"is_bot":false,"first_name":"Hay Kongmeng -","last_name":"\u17a0\u17c3 \u1782\u1784\u17cb\u1798\u17c9\u17c1\u1784","username":"KongMeng_Hay","language_code":"en"},"chat":{"id":768732984,"first_name":"Hay Kongmeng -","last_name":"\u17a0\u17c3 \u1782\u1784\u17cb\u1798\u17c9\u17c1\u1784","username":"KongMeng_Hay","type":"private"},"date":1770268836,"text":"/start","entities":[{"offset":0,"length":6,"type":"bot_command"}]}}
---
[2026-02-05 05:31:44] Company: 1
Input: {"update_id":86303741,
"message":{"message_id":61,"from":{"id":768732984,"is_bot":false,"first_name":"Hay Kongmeng -","last_name":"\u17a0\u17c3 \u1782\u1784\u17cb\u1798\u17c9\u17c1\u1784","username":"KongMeng_Hay","language_code":"en"},"chat":{"id":768732984,"first_name":"Hay Kongmeng -","last_name":"\u17a0\u17c3 \u1782\u1784\u17cb\u1798\u17c9\u17c1\u1784","username":"KongMeng_Hay","type":"private"},"date":1770269051,"text":"/start","entities":[{"offset":0,"length":6,"type":"bot_command"}]}}
---
[2026-02-05 05:31:45] Company: 1
Input: {"update_id":86303742,
"message":{"message_id":62,"from":{"id":768732984,"is_bot":false,"first_name":"Hay Kongmeng -","last_name":"\u17a0\u17c3 \u1782\u1784\u17cb\u1798\u17c9\u17c1\u1784","username":"KongMeng_Hay","language_code":"en"},"chat":{"id":768732984,"first_name":"Hay Kongmeng -","last_name":"\u17a0\u17c3 \u1782\u1784\u17cb\u1798\u17c9\u17c1\u1784","username":"KongMeng_Hay","type":"private"},"date":1770269088,"text":"/start","entities":[{"offset":0,"length":6,"type":"bot_command"}]}}
---
[2026-02-05 05:31:45] Company: 1
Input: {"update_id":86303743,
"message":{"message_id":63,"from":{"id":768732984,"is_bot":false,"first_name":"Hay Kongmeng -","last_name":"\u17a0\u17c3 \u1782\u1784\u17cb\u1798\u17c9\u17c1\u1784","username":"KongMeng_Hay","language_code":"en"},"chat":{"id":768732984,"first_name":"Hay Kongmeng -","last_name":"\u17a0\u17c3 \u1782\u1784\u17cb\u1798\u17c9\u17c1\u1784","username":"KongMeng_Hay","type":"private"},"date":1770269295,"text":"/start","entities":[{"offset":0,"length":6,"type":"bot_command"}]}}
---
[2026-02-05 05:31:45] Company: 1
Input: {"update_id":86303744,
"message":{"message_id":64,"from":{"id":768732984,"is_bot":false,"first_name":"Hay Kongmeng -","last_name":"\u17a0\u17c3 \u1782\u1784\u17cb\u1798\u17c9\u17c1\u1784","username":"KongMeng_Hay","language_code":"en"},"chat":{"id":768732984,"first_name":"Hay Kongmeng -","last_name":"\u17a0\u17c3 \u1782\u1784\u17cb\u1798\u17c9\u17c1\u1784","username":"KongMeng_Hay","type":"private"},"date":1770269466,"text":"/start","entities":[{"offset":0,"length":6,"type":"bot_command"}]}}
---
[2026-02-05 05:32:00] Company: 1
Input: {"update_id":86303745,
"message":{"message_id":65,"from":{"id":768732984,"is_bot":false,"first_name":"Hay Kongmeng -","last_name":"\u17a0\u17c3 \u1782\u1784\u17cb\u1798\u17c9\u17c1\u1784","username":"KongMeng_Hay","language_code":"en"},"chat":{"id":768732984,"first_name":"Hay Kongmeng -","last_name":"\u17a0\u17c3 \u1782\u1784\u17cb\u1798\u17c9\u17c1\u1784","username":"KongMeng_Hay","type":"private"},"date":1770269520,"text":"/start","entities":[{"offset":0,"length":6,"type":"bot_command"}]}}
---
[2026-02-05 06:12:08] Company: 1
Input: {"update_id":86303746,
"message":{"message_id":66,"from":{"id":768732984,"is_bot":false,"first_name":"Hay Kongmeng -","last_name":"\u17a0\u17c3 \u1782\u1784\u17cb\u1798\u17c9\u17c1\u1784","username":"KongMeng_Hay","language_code":"en"},"chat":{"id":768732984,"first_name":"Hay Kongmeng -","last_name":"\u17a0\u17c3 \u1782\u1784\u17cb\u1798\u17c9\u17c1\u1784","username":"KongMeng_Hay","type":"private"},"date":1770269697,"text":"/start","entities":[{"offset":0,"length":6,"type":"bot_command"}]}}
---
[2026-02-05 06:12:09] Company: 1
Input: {"update_id":86303747,
"message":{"message_id":67,"from":{"id":768732984,"is_bot":false,"first_name":"Hay Kongmeng -","last_name":"\u17a0\u17c3 \u1782\u1784\u17cb\u1798\u17c9\u17c1\u1784","username":"KongMeng_Hay","language_code":"en"},"chat":{"id":768732984,"first_name":"Hay Kongmeng -","last_name":"\u17a0\u17c3 \u1782\u1784\u17cb\u1798\u17c9\u17c1\u1784","username":"KongMeng_Hay","type":"private"},"date":1770271366,"text":"/start","entities":[{"offset":0,"length":6,"type":"bot_command"}]}}
---
[2026-02-05 06:12:09] Company: 1
Input: {"update_id":86303748,
"message":{"message_id":69,"from":{"id":768732984,"is_bot":false,"first_name":"Hay Kongmeng -","last_name":"\u17a0\u17c3 \u1782\u1784\u17cb\u1798\u17c9\u17c1\u1784","username":"KongMeng_Hay","language_code":"en"},"chat":{"id":768732984,"first_name":"Hay Kongmeng -","last_name":"\u17a0\u17c3 \u1782\u1784\u17cb\u1798\u17c9\u17c1\u1784","username":"KongMeng_Hay","type":"private"},"date":1770271830,"text":"/start","entities":[{"offset":0,"length":6,"type":"bot_command"}]}}
---
[2026-02-05 06:35:40] Company: 1
Input: {"update_id":86303757,
"message":{"message_id":78,"from":{"id":768732984,"is_bot":false,"first_name":"Hay Kongmeng -","last_name":"\u17a0\u17c3 \u1782\u1784\u17cb\u1798\u17c9\u17c1\u1784","username":"KongMeng_Hay","language_code":"en"},"chat":{"id":768732984,"first_name":"Hay Kongmeng -","last_name":"\u17a0\u17c3 \u1782\u1784\u17cb\u1798\u17c9\u17c1\u1784","username":"KongMeng_Hay","type":"private"},"date":1770273340,"text":"/start","entities":[{"offset":0,"length":6,"type":"bot_command"}]}}
---
[2026-02-05 06:39:55] Company: 1
Input: {"update_id":86303758,
"message":{"message_id":79,"from":{"id":768732984,"is_bot":false,"first_name":"Hay Kongmeng -","last_name":"\u17a0\u17c3 \u1782\u1784\u17cb\u1798\u17c9\u17c1\u1784","username":"KongMeng_Hay","language_code":"en"},"chat":{"id":768732984,"first_name":"Hay Kongmeng -","last_name":"\u17a0\u17c3 \u1782\u1784\u17cb\u1798\u17c9\u17c1\u1784","username":"KongMeng_Hay","type":"private"},"date":1770273595,"text":"/start","entities":[{"offset":0,"length":6,"type":"bot_command"}]}}
---
[2026-02-05 06:40:26] Company: 1
Input: {"update_id":86303759,
"message":{"message_id":80,"from":{"id":768732984,"is_bot":false,"first_name":"Hay Kongmeng -","last_name":"\u17a0\u17c3 \u1782\u1784\u17cb\u1798\u17c9\u17c1\u1784","username":"KongMeng_Hay","language_code":"en"},"chat":{"id":768732984,"first_name":"Hay Kongmeng -","last_name":"\u17a0\u17c3 \u1782\u1784\u17cb\u1798\u17c9\u17c1\u1784","username":"KongMeng_Hay","type":"private"},"date":1770273626,"text":"/start","entities":[{"offset":0,"length":6,"type":"bot_command"}]}}
---
[2026-02-05 06:47:22] Company: 1
Input: {"update_id":86303760,
"message":{"message_id":81,"from":{"id":768732984,"is_bot":false,"first_name":"Hay Kongmeng -","last_name":"\u17a0\u17c3 \u1782\u1784\u17cb\u1798\u17c9\u17c1\u1784","username":"KongMeng_Hay","language_code":"en"},"chat":{"id":768732984,"first_name":"Hay Kongmeng -","last_name":"\u17a0\u17c3 \u1782\u1784\u17cb\u1798\u17c9\u17c1\u1784","username":"KongMeng_Hay","type":"private"},"date":1770273665,"text":"/start","entities":[{"offset":0,"length":6,"type":"bot_command"}]}}
---
[2026-02-05 06:47:24] Company: 1
Input: {"update_id":86303761,
"message":{"message_id":82,"from":{"id":768732984,"is_bot":false,"first_name":"Hay Kongmeng -","last_name":"\u17a0\u17c3 \u1782\u1784\u17cb\u1798\u17c9\u17c1\u1784","username":"KongMeng_Hay","language_code":"en"},"chat":{"id":768732984,"first_name":"Hay Kongmeng -","last_name":"\u17a0\u17c3 \u1782\u1784\u17cb\u1798\u17c9\u17c1\u1784","username":"KongMeng_Hay","type":"private"},"date":1770273787,"text":"/start","entities":[{"offset":0,"length":6,"type":"bot_command"}]}}
---
[2026-02-05 06:47:25] Company: 1
Input: {"update_id":86303762,
"message":{"message_id":83,"from":{"id":768732984,"is_bot":false,"first_name":"Hay Kongmeng -","last_name":"\u17a0\u17c3 \u1782\u1784\u17cb\u1798\u17c9\u17c1\u1784","username":"KongMeng_Hay","language_code":"en"},"chat":{"id":768732984,"first_name":"Hay Kongmeng -","last_name":"\u17a0\u17c3 \u1782\u1784\u17cb\u1798\u17c9\u17c1\u1784","username":"KongMeng_Hay","type":"private"},"date":1770273852,"text":"/start","entities":[{"offset":0,"length":6,"type":"bot_command"}]}}
---
[2026-02-05 06:47:36] Company: 1
Input: {"update_id":86303763,
"message":{"message_id":87,"from":{"id":768732984,"is_bot":false,"first_name":"Hay Kongmeng -","last_name":"\u17a0\u17c3 \u1782\u1784\u17cb\u1798\u17c9\u17c1\u1784","username":"KongMeng_Hay","language_code":"en"},"chat":{"id":768732984,"first_name":"Hay Kongmeng -","last_name":"\u17a0\u17c3 \u1782\u1784\u17cb\u1798\u17c9\u17c1\u1784","username":"KongMeng_Hay","type":"private"},"date":1770274056,"text":"/start","entities":[{"offset":0,"length":6,"type":"bot_command"}]}}
---
[2026-02-05 07:15:06] Company: 1
Input: {"update_id":86303764,
"message":{"message_id":91,"from":{"id":768732984,"is_bot":false,"first_name":"Hay Kongmeng -","last_name":"\u17a0\u17c3 \u1782\u1784\u17cb\u1798\u17c9\u17c1\u1784","username":"KongMeng_Hay","language_code":"en"},"chat":{"id":768732984,"first_name":"Hay Kongmeng -","last_name":"\u17a0\u17c3 \u1782\u1784\u17cb\u1798\u17c9\u17c1\u1784","username":"KongMeng_Hay","type":"private"},"date":1770275705,"text":"/start","entities":[{"offset":0,"length":6,"type":"bot_command"}]}}
---
[2026-02-05 07:15:34] Company: 1
Input: {"update_id":86303765,
"message":{"message_id":92,"from":{"id":768732984,"is_bot":false,"first_name":"Hay Kongmeng -","last_name":"\u17a0\u17c3 \u1782\u1784\u17cb\u1798\u17c9\u17c1\u1784","username":"KongMeng_Hay","language_code":"en"},"chat":{"id":768732984,"first_name":"Hay Kongmeng -","last_name":"\u17a0\u17c3 \u1782\u1784\u17cb\u1798\u17c9\u17c1\u1784","username":"KongMeng_Hay","type":"private"},"date":1770275734,"text":"/start","entities":[{"offset":0,"length":6,"type":"bot_command"}]}}
---
[2026-02-05 07:15:42] Company: 1
Input: {"update_id":86303766,
"message":{"message_id":93,"from":{"id":768732984,"is_bot":false,"first_name":"Hay Kongmeng -","last_name":"\u17a0\u17c3 \u1782\u1784\u17cb\u1798\u17c9\u17c1\u1784","username":"KongMeng_Hay","language_code":"en"},"chat":{"id":768732984,"first_name":"Hay Kongmeng -","last_name":"\u17a0\u17c3 \u1782\u1784\u17cb\u1798\u17c9\u17c1\u1784","username":"KongMeng_Hay","type":"private"},"date":1770275742,"text":"/mytickets","entities":[{"offset":0,"length":10,"type":"bot_command"}]}}
---
[2026-02-05 07:16:26] Company: 1
Input: {"update_id":86303767,
"message":{"message_id":95,"from":{"id":768732984,"is_bot":false,"first_name":"Hay Kongmeng -","last_name":"\u17a0\u17c3 \u1782\u1784\u17cb\u1798\u17c9\u17c1\u1784","username":"KongMeng_Hay","language_code":"en"},"chat":{"id":768732984,"first_name":"Hay Kongmeng -","last_name":"\u17a0\u17c3 \u1782\u1784\u17cb\u1798\u17c9\u17c1\u1784","username":"KongMeng_Hay","type":"private"},"date":1770275786,"text":"/mytickets","entities":[{"offset":0,"length":10,"type":"bot_command"}]}}
---
[2026-02-05 07:16:50] Company: 1
Input: {"update_id":86303768,
"message":{"message_id":96,"from":{"id":768732984,"is_bot":false,"first_name":"Hay Kongmeng -","last_name":"\u17a0\u17c3 \u1782\u1784\u17cb\u1798\u17c9\u17c1\u1784","username":"KongMeng_Hay","language_code":"en"},"chat":{"id":768732984,"first_name":"Hay Kongmeng -","last_name":"\u17a0\u17c3 \u1782\u1784\u17cb\u1798\u17c9\u17c1\u1784","username":"KongMeng_Hay","type":"private"},"date":1770275810,"text":"/start","entities":[{"offset":0,"length":6,"type":"bot_command"}]}}
---
[2026-02-05 07:19:06] Company: 1
Input: {"update_id":86303769,
"message":{"message_id":97,"from":{"id":768732984,"is_bot":false,"first_name":"Hay Kongmeng -","last_name":"\u17a0\u17c3 \u1782\u1784\u17cb\u1798\u17c9\u17c1\u1784","username":"KongMeng_Hay","language_code":"en"},"chat":{"id":768732984,"first_name":"Hay Kongmeng -","last_name":"\u17a0\u17c3 \u1782\u1784\u17cb\u1798\u17c9\u17c1\u1784","username":"KongMeng_Hay","type":"private"},"date":1770275945,"text":"/start","entities":[{"offset":0,"length":6,"type":"bot_command"}]}}
---
[2026-02-05 07:20:16] Company: 1
Input: {"update_id":86303770,
"message":{"message_id":98,"from":{"id":768732984,"is_bot":false,"first_name":"Hay Kongmeng -","last_name":"\u17a0\u17c3 \u1782\u1784\u17cb\u1798\u17c9\u17c1\u1784","username":"KongMeng_Hay","language_code":"en"},"chat":{"id":768732984,"first_name":"Hay Kongmeng -","last_name":"\u17a0\u17c3 \u1782\u1784\u17cb\u1798\u17c9\u17c1\u1784","username":"KongMeng_Hay","type":"private"},"date":1770276015,"text":"/start","entities":[{"offset":0,"length":6,"type":"bot_command"}]}}
---
[2026-02-05 07:21:45] Company: 1
Input: {"update_id":86303771,
"message":{"message_id":99,"from":{"id":768732984,"is_bot":false,"first_name":"Hay Kongmeng -","last_name":"\u17a0\u17c3 \u1782\u1784\u17cb\u1798\u17c9\u17c1\u1784","username":"KongMeng_Hay","language_code":"en"},"chat":{"id":768732984,"first_name":"Hay Kongmeng -","last_name":"\u17a0\u17c3 \u1782\u1784\u17cb\u1798\u17c9\u17c1\u1784","username":"KongMeng_Hay","type":"private"},"date":1770276104,"text":"/start","entities":[{"offset":0,"length":6,"type":"bot_command"}]}}
---
[2026-02-05 07:21:50] Company: 1
Input: {"update_id":86303772,
"message":{"message_id":101,"from":{"id":768732984,"is_bot":false,"first_name":"Hay Kongmeng -","last_name":"\u17a0\u17c3 \u1782\u1784\u17cb\u1798\u17c9\u17c1\u1784","username":"KongMeng_Hay","language_code":"en"},"chat":{"id":768732984,"first_name":"Hay Kongmeng -","last_name":"\u17a0\u17c3 \u1782\u1784\u17cb\u1798\u17c9\u17c1\u1784","username":"KongMeng_Hay","type":"private"},"date":1770276110,"text":"/start","entities":[{"offset":0,"length":6,"type":"bot_command"}]}}
---
[2026-02-05 07:21:55] Company: 1
Input: {"update_id":86303773,
"message":{"message_id":103,"from":{"id":768732984,"is_bot":false,"first_name":"Hay Kongmeng -","last_name":"\u17a0\u17c3 \u1782\u1784\u17cb\u1798\u17c9\u17c1\u1784","username":"KongMeng_Hay","language_code":"en"},"chat":{"id":768732984,"first_name":"Hay Kongmeng -","last_name":"\u17a0\u17c3 \u1782\u1784\u17cb\u1798\u17c9\u17c1\u1784","username":"KongMeng_Hay","type":"private"},"date":1770276115,"text":"/start","entities":[{"offset":0,"length":6,"type":"bot_command"}]}}
---
[2026-02-05 07:22:00] Company: 1
Input: {"update_id":86303774,
"message":{"message_id":105,"from":{"id":768732984,"is_bot":false,"first_name":"Hay Kongmeng -","last_name":"\u17a0\u17c3 \u1782\u1784\u17cb\u1798\u17c9\u17c1\u1784","username":"KongMeng_Hay","language_code":"en"},"chat":{"id":768732984,"first_name":"Hay Kongmeng -","last_name":"\u17a0\u17c3 \u1782\u1784\u17cb\u1798\u17c9\u17c1\u1784","username":"KongMeng_Hay","type":"private"},"date":1770276120,"text":"/mytickets","entities":[{"offset":0,"length":10,"type":"bot_command"}]}}
---
[2026-02-05 07:22:02] Company: 1
Input: {"update_id":86303775,
"callback_query":{"id":"3301683027516101126","from":{"id":768732984,"is_bot":false,"first_name":"Hay Kongmeng -","last_name":"\u17a0\u17c3 \u1782\u1784\u17cb\u1798\u17c9\u17c1\u1784","username":"KongMeng_Hay","language_code":"en"},"message":{"message_id":106,"from":{"id":8511296428,"is_bot":true,"first_name":"Provida Support","username":"provida_support_bot"},"chat":{"id":768732984,"first_name":"Hay Kongmeng -","last_name":"\u17a0\u17c3 \u1782\u1784\u17cb\u1798\u17c9\u17c1\u1784","username":"KongMeng_Hay","type":"private"},"date":1770276120,"text":"Your Tickets\n\n#TKT-000004 - Open\nError vps","entities":[{"offset":0,"length":12,"type":"bold"},{"offset":14,"length":4,"type":"hashtag"}],"reply_markup":{"inline_keyboard":[[{"text":"#TKT-000004 - Open","callback_data":"view_ticket:4"}]]}},"chat_instance":"8104401338582714748","data":"view_ticket:4"}}
---
[2026-02-05 07:22:07] Company: 1
Input: {"update_id":86303776,
"callback_query":{"id":"3301683027958354317","from":{"id":768732984,"is_bot":false,"first_name":"Hay Kongmeng -","last_name":"\u17a0\u17c3 \u1782\u1784\u17cb\u1798\u17c9\u17c1\u1784","username":"KongMeng_Hay","language_code":"en"},"message":{"message_id":107,"from":{"id":8511296428,"is_bot":true,"first_name":"Provida Support","username":"provida_support_bot"},"chat":{"id":768732984,"first_name":"Hay Kongmeng -","last_name":"\u17a0\u17c3 \u1782\u1784\u17cb\u1798\u17c9\u17c1\u1784","username":"KongMeng_Hay","type":"private"},"date":1770276123,"text":"Ticket #TKT-000004\n\nSubject: Error vps\nStatus: Open\nPriority: High\nCreated: Feb 5, 2026 11:42 AM\n\nDescription:\ni can't login ssh\n\nLatest Reply (Support):\nhi","entities":[{"offset":0,"length":7,"type":"bold"},{"offset":7,"length":4,"type":"hashtag"},{"offset":7,"length":4,"type":"bold"},{"offset":11,"length":7,"type":"bold"},{"offset":20,"length":8,"type":"bold"},{"offset":39,"length":7,"type":"bold"},{"offset":52,"length":9,"type":"bold"},{"offset":67,"length":8,"type":"bold"},{"offset":98,"length":12,"type":"bold"},{"offset":130,"length":23,"type":"bold"}],"reply_markup":{"inline_keyboard":[[{"text":"Reply","callback_data":"reply_ticket:4"}]]}},"chat_instance":"8104401338582714748","data":"reply_ticket:4"}}
---
[2026-02-05 07:22:11] Company: 1
Input: {"update_id":86303777,
"message":{"message_id":109,"from":{"id":768732984,"is_bot":false,"first_name":"Hay Kongmeng -","last_name":"\u17a0\u17c3 \u1782\u1784\u17cb\u1798\u17c9\u17c1\u1784","username":"KongMeng_Hay","language_code":"en"},"chat":{"id":768732984,"first_name":"Hay Kongmeng -","last_name":"\u17a0\u17c3 \u1782\u1784\u17cb\u1798\u17c9\u17c1\u1784","username":"KongMeng_Hay","type":"private"},"date":1770276130,"text":"hi"}}
---
[2026-02-05 07:27:29] Company: 1
Input: {"update_id":86303778,
"message":{"message_id":111,"from":{"id":768732984,"is_bot":false,"first_name":"Hay Kongmeng -","last_name":"\u17a0\u17c3 \u1782\u1784\u17cb\u1798\u17c9\u17c1\u1784","username":"KongMeng_Hay","language_code":"en"},"chat":{"id":768732984,"first_name":"Hay Kongmeng -","last_name":"\u17a0\u17c3 \u1782\u1784\u17cb\u1798\u17c9\u17c1\u1784","username":"KongMeng_Hay","type":"private"},"date":1770276448,"text":"/mytickets","entities":[{"offset":0,"length":10,"type":"bot_command"}]}}
---
[2026-02-05 07:27:31] Company: 1
Input: {"update_id":86303779,
"callback_query":{"id":"3301683026119840625","from":{"id":768732984,"is_bot":false,"first_name":"Hay Kongmeng -","last_name":"\u17a0\u17c3 \u1782\u1784\u17cb\u1798\u17c9\u17c1\u1784","username":"KongMeng_Hay","language_code":"en"},"message":{"message_id":112,"from":{"id":8511296428,"is_bot":true,"first_name":"Provida Support","username":"provida_support_bot"},"chat":{"id":768732984,"first_name":"Hay Kongmeng -","last_name":"\u17a0\u17c3 \u1782\u1784\u17cb\u1798\u17c9\u17c1\u1784","username":"KongMeng_Hay","type":"private"},"date":1770276449,"text":"Your Tickets\n\n#TKT-000004 - Open\nError vps","entities":[{"offset":0,"length":12,"type":"bold"},{"offset":14,"length":4,"type":"hashtag"}],"reply_markup":{"inline_keyboard":[[{"text":"#TKT-000004 - Open","callback_data":"view_ticket:4"}]]}},"chat_instance":"8104401338582714748","data":"view_ticket:4"}}
---
[2026-02-05 07:27:35] Company: 1
Input: {"update_id":86303780,
"callback_query":{"id":"3301683026210866508","from":{"id":768732984,"is_bot":false,"first_name":"Hay Kongmeng -","last_name":"\u17a0\u17c3 \u1782\u1784\u17cb\u1798\u17c9\u17c1\u1784","username":"KongMeng_Hay","language_code":"en"},"message":{"message_id":113,"from":{"id":8511296428,"is_bot":true,"first_name":"Provida Support","username":"provida_support_bot"},"chat":{"id":768732984,"first_name":"Hay Kongmeng -","last_name":"\u17a0\u17c3 \u1782\u1784\u17cb\u1798\u17c9\u17c1\u1784","username":"KongMeng_Hay","type":"private"},"date":1770276453,"text":"Ticket #TKT-000004\n\nSubject: Error vps\nStatus: Open\nPriority: High\nCreated: Feb 5, 2026 11:42 AM\n\nDescription:\ni can't login ssh\n\nLatest Reply (You):\nhi","entities":[{"offset":0,"length":7,"type":"bold"},{"offset":7,"length":4,"type":"hashtag"},{"offset":7,"length":4,"type":"bold"},{"offset":11,"length":7,"type":"bold"},{"offset":20,"length":8,"type":"bold"},{"offset":39,"length":7,"type":"bold"},{"offset":52,"length":9,"type":"bold"},{"offset":67,"length":8,"type":"bold"},{"offset":98,"length":12,"type":"bold"},{"offset":130,"length":19,"type":"bold"}],"reply_markup":{"inline_keyboard":[[{"text":"Reply","callback_data":"reply_ticket:4"}]]}},"chat_instance":"8104401338582714748","data":"reply_ticket:4"}}
---
[2026-02-05 07:27:38] Company: 1
Input: {"update_id":86303781,
"message":{"message_id":115,"from":{"id":768732984,"is_bot":false,"first_name":"Hay Kongmeng -","last_name":"\u17a0\u17c3 \u1782\u1784\u17cb\u1798\u17c9\u17c1\u1784","username":"KongMeng_Hay","language_code":"en"},"chat":{"id":768732984,"first_name":"Hay Kongmeng -","last_name":"\u17a0\u17c3 \u1782\u1784\u17cb\u1798\u17c9\u17c1\u1784","username":"KongMeng_Hay","type":"private"},"date":1770276458,"text":"hello"}}
---
[2026-02-05 07:28:05] Company: 1
Input: {"update_id":86303782,
"message":{"message_id":117,"from":{"id":768732984,"is_bot":false,"first_name":"Hay Kongmeng -","last_name":"\u17a0\u17c3 \u1782\u1784\u17cb\u1798\u17c9\u17c1\u1784","username":"KongMeng_Hay","language_code":"en"},"chat":{"id":768732984,"first_name":"Hay Kongmeng -","last_name":"\u17a0\u17c3 \u1782\u1784\u17cb\u1798\u17c9\u17c1\u1784","username":"KongMeng_Hay","type":"private"},"date":1770276485,"text":"/newticket","entities":[{"offset":0,"length":10,"type":"bot_command"}]}}
---
[2026-02-05 07:28:14] Company: 1
Input: {"update_id":86303783,
"message":{"message_id":119,"from":{"id":768732984,"is_bot":false,"first_name":"Hay Kongmeng -","last_name":"\u17a0\u17c3 \u1782\u1784\u17cb\u1798\u17c9\u17c1\u1784","username":"KongMeng_Hay","language_code":"en"},"chat":{"id":768732984,"first_name":"Hay Kongmeng -","last_name":"\u17a0\u17c3 \u1782\u1784\u17cb\u1798\u17c9\u17c1\u1784","username":"KongMeng_Hay","type":"private"},"date":1770276494,"text":"/mytickets","entities":[{"offset":0,"length":10,"type":"bot_command"}]}}
---
[2026-02-05 07:28:16] Company: 1
Input: {"update_id":86303784,
"callback_query":{"id":"3301683029420523387","from":{"id":768732984,"is_bot":false,"first_name":"Hay Kongmeng -","last_name":"\u17a0\u17c3 \u1782\u1784\u17cb\u1798\u17c9\u17c1\u1784","username":"KongMeng_Hay","language_code":"en"},"message":{"message_id":120,"from":{"id":8511296428,"is_bot":true,"first_name":"Provida Support","username":"provida_support_bot"},"chat":{"id":768732984,"first_name":"Hay Kongmeng -","last_name":"\u17a0\u17c3 \u1782\u1784\u17cb\u1798\u17c9\u17c1\u1784","username":"KongMeng_Hay","type":"private"},"date":1770276495,"text":"Your Tickets\n\n#TKT-000004 - Open\nError vps","entities":[{"offset":0,"length":12,"type":"bold"},{"offset":14,"length":4,"type":"hashtag"}],"reply_markup":{"inline_keyboard":[[{"text":"#TKT-000004 - Open","callback_data":"view_ticket:4"}]]}},"chat_instance":"8104401338582714748","data":"view_ticket:4"}}
---
[2026-02-05 07:28:19] Company: 1
Input: {"update_id":86303785,
"callback_query":{"id":"3301683027214580192","from":{"id":768732984,"is_bot":false,"first_name":"Hay Kongmeng -","last_name":"\u17a0\u17c3 \u1782\u1784\u17cb\u1798\u17c9\u17c1\u1784","username":"KongMeng_Hay","language_code":"en"},"message":{"message_id":121,"from":{"id":8511296428,"is_bot":true,"first_name":"Provida Support","username":"provida_support_bot"},"chat":{"id":768732984,"first_name":"Hay Kongmeng -","last_name":"\u17a0\u17c3 \u1782\u1784\u17cb\u1798\u17c9\u17c1\u1784","username":"KongMeng_Hay","type":"private"},"date":1770276498,"text":"Ticket #TKT-000004\n\nSubject: Error vps\nStatus: Open\nPriority: High\nCreated: Feb 5, 2026 11:42 AM\n\nDescription:\ni can't login ssh\n\nLatest Reply (You):\nhello","entities":[{"offset":0,"length":7,"type":"bold"},{"offset":7,"length":4,"type":"hashtag"},{"offset":7,"length":4,"type":"bold"},{"offset":11,"length":7,"type":"bold"},{"offset":20,"length":8,"type":"bold"},{"offset":39,"length":7,"type":"bold"},{"offset":52,"length":9,"type":"bold"},{"offset":67,"length":8,"type":"bold"},{"offset":98,"length":12,"type":"bold"},{"offset":130,"length":19,"type":"bold"}],"reply_markup":{"inline_keyboard":[[{"text":"Reply","callback_data":"reply_ticket:4"}]]}},"chat_instance":"8104401338582714748","data":"reply_ticket:4"}}
---
[2026-02-05 07:28:25] Company: 1
Input: {"update_id":86303786,
"message":{"message_id":123,"from":{"id":768732984,"is_bot":false,"first_name":"Hay Kongmeng -","last_name":"\u17a0\u17c3 \u1782\u1784\u17cb\u1798\u17c9\u17c1\u1784","username":"KongMeng_Hay","language_code":"en"},"chat":{"id":768732984,"first_name":"Hay Kongmeng -","last_name":"\u17a0\u17c3 \u1782\u1784\u17cb\u1798\u17c9\u17c1\u1784","username":"KongMeng_Hay","type":"private"},"date":1770276505,"text":"test"}}
---
[2026-02-05 08:09:05] Company: 1
Input: {"update_id":86303787,
"message":{"message_id":125,"from":{"id":768732984,"is_bot":false,"first_name":"Hay Kongmeng -","last_name":"\u17a0\u17c3 \u1782\u1784\u17cb\u1798\u17c9\u17c1\u1784","username":"KongMeng_Hay","language_code":"en"},"chat":{"id":768732984,"first_name":"Hay Kongmeng -","last_name":"\u17a0\u17c3 \u1782\u1784\u17cb\u1798\u17c9\u17c1\u1784","username":"KongMeng_Hay","type":"private"},"date":1770278944,"text":"/start","entities":[{"offset":0,"length":6,"type":"bot_command"}]}}
---
[2026-02-05 08:12:04] Company: 1
Input: {"update_id":86303788,
"message":{"message_id":127,"from":{"id":768732984,"is_bot":false,"first_name":"Hay Kongmeng -","last_name":"\u17a0\u17c3 \u1782\u1784\u17cb\u1798\u17c9\u17c1\u1784","username":"KongMeng_Hay","language_code":"en"},"chat":{"id":768732984,"first_name":"Hay Kongmeng -","last_name":"\u17a0\u17c3 \u1782\u1784\u17cb\u1798\u17c9\u17c1\u1784","username":"KongMeng_Hay","type":"private"},"date":1770279123,"text":"/start","entities":[{"offset":0,"length":6,"type":"bot_command"}]}}
---
[2026-02-05 08:12:38] Company: 1
Input: {"update_id":86303789,
"message":{"message_id":129,"from":{"id":768732984,"is_bot":false,"first_name":"Hay Kongmeng -","last_name":"\u17a0\u17c3 \u1782\u1784\u17cb\u1798\u17c9\u17c1\u1784","username":"KongMeng_Hay","language_code":"en"},"chat":{"id":768732984,"first_name":"Hay Kongmeng -","last_name":"\u17a0\u17c3 \u1782\u1784\u17cb\u1798\u17c9\u17c1\u1784","username":"KongMeng_Hay","type":"private"},"date":1770279158,"text":"/start","entities":[{"offset":0,"length":6,"type":"bot_command"}]}}
---
[2026-02-05 08:19:36] Company: 1
Input: {"update_id":86303790,
"message":{"message_id":131,"from":{"id":768732984,"is_bot":false,"first_name":"Hay Kongmeng -","last_name":"\u17a0\u17c3 \u1782\u1784\u17cb\u1798\u17c9\u17c1\u1784","username":"KongMeng_Hay","language_code":"en"},"chat":{"id":768732984,"first_name":"Hay Kongmeng -","last_name":"\u17a0\u17c3 \u1782\u1784\u17cb\u1798\u17c9\u17c1\u1784","username":"KongMeng_Hay","type":"private"},"date":1770279576,"text":"/link","entities":[{"offset":0,"length":5,"type":"bot_command"}]}}
---
[2026-02-05 08:19:51] Company: 1
Input: {"update_id":86303791,
"message":{"message_id":133,"from":{"id":768732984,"is_bot":false,"first_name":"Hay Kongmeng -","last_name":"\u17a0\u17c3 \u1782\u1784\u17cb\u1798\u17c9\u17c1\u1784","username":"KongMeng_Hay","language_code":"en"},"chat":{"id":768732984,"first_name":"Hay Kongmeng -","last_name":"\u17a0\u17c3 \u1782\u1784\u17cb\u1798\u17c9\u17c1\u1784","username":"KongMeng_Hay","type":"private"},"date":1770279590,"text":"hkongmeng50@gmail.com","entities":[{"offset":0,"length":21,"type":"email"}]}}
---
[2026-02-05 08:20:02] Company: 1
Input: {"update_id":86303792,
"message":{"message_id":135,"from":{"id":768732984,"is_bot":false,"first_name":"Hay Kongmeng -","last_name":"\u17a0\u17c3 \u1782\u1784\u17cb\u1798\u17c9\u17c1\u1784","username":"KongMeng_Hay","language_code":"en"},"chat":{"id":768732984,"first_name":"Hay Kongmeng -","last_name":"\u17a0\u17c3 \u1782\u1784\u17cb\u1798\u17c9\u17c1\u1784","username":"KongMeng_Hay","type":"private"},"date":1770279602,"text":"/mytickets","entities":[{"offset":0,"length":10,"type":"bot_command"}]}}
---
[2026-02-05 08:20:06] Company: 1
Input: {"update_id":86303793,
"callback_query":{"id":"3301683026316531282","from":{"id":768732984,"is_bot":false,"first_name":"Hay Kongmeng -","last_name":"\u17a0\u17c3 \u1782\u1784\u17cb\u1798\u17c9\u17c1\u1784","username":"KongMeng_Hay","language_code":"en"},"message":{"message_id":136,"from":{"id":8511296428,"is_bot":true,"first_name":"Provida Support","username":"provida_support_bot"},"chat":{"id":768732984,"first_name":"Hay Kongmeng -","last_name":"\u17a0\u17c3 \u1782\u1784\u17cb\u1798\u17c9\u17c1\u1784","username":"KongMeng_Hay","type":"private"},"date":1770279602,"text":"Your Tickets\n\n#TKT-000004 - Open\nError vps","entities":[{"offset":0,"length":12,"type":"bold"},{"offset":14,"length":4,"type":"hashtag"}],"reply_markup":{"inline_keyboard":[[{"text":"#TKT-000004 - Open","callback_data":"view_ticket:4"}]]}},"chat_instance":"8104401338582714748","data":"view_ticket:4"}}
---
[2026-02-05 08:20:15] Company: 1
Input: {"update_id":86303794,
"message":{"message_id":138,"from":{"id":768732984,"is_bot":false,"first_name":"Hay Kongmeng -","last_name":"\u17a0\u17c3 \u1782\u1784\u17cb\u1798\u17c9\u17c1\u1784","username":"KongMeng_Hay","language_code":"en"},"chat":{"id":768732984,"first_name":"Hay Kongmeng -","last_name":"\u17a0\u17c3 \u1782\u1784\u17cb\u1798\u17c9\u17c1\u1784","username":"KongMeng_Hay","type":"private"},"date":1770279615,"text":"/link","entities":[{"offset":0,"length":5,"type":"bot_command"}]}}
---
[2026-02-05 08:20:23] Company: 1
Input: {"update_id":86303795,
"message":{"message_id":140,"from":{"id":768732984,"is_bot":false,"first_name":"Hay Kongmeng -","last_name":"\u17a0\u17c3 \u1782\u1784\u17cb\u1798\u17c9\u17c1\u1784","username":"KongMeng_Hay","language_code":"en"},"chat":{"id":768732984,"first_name":"Hay Kongmeng -","last_name":"\u17a0\u17c3 \u1782\u1784\u17cb\u1798\u17c9\u17c1\u1784","username":"KongMeng_Hay","type":"private"},"date":1770279623,"text":"hkongmeng@gmail.com","entities":[{"offset":0,"length":19,"type":"email"}]}}
---
[2026-02-05 08:20:27] Company: 1
Input: {"update_id":86303796,
"message":{"message_id":142,"from":{"id":768732984,"is_bot":false,"first_name":"Hay Kongmeng -","last_name":"\u17a0\u17c3 \u1782\u1784\u17cb\u1798\u17c9\u17c1\u1784","username":"KongMeng_Hay","language_code":"en"},"chat":{"id":768732984,"first_name":"Hay Kongmeng -","last_name":"\u17a0\u17c3 \u1782\u1784\u17cb\u1798\u17c9\u17c1\u1784","username":"KongMeng_Hay","type":"private"},"date":1770279627,"text":"/newticket","entities":[{"offset":0,"length":10,"type":"bot_command"}]}}
---
[2026-02-05 08:20:39] Company: 1
Input: {"update_id":86303797,
"message":{"message_id":144,"from":{"id":768732984,"is_bot":false,"first_name":"Hay Kongmeng -","last_name":"\u17a0\u17c3 \u1782\u1784\u17cb\u1798\u17c9\u17c1\u1784","username":"KongMeng_Hay","language_code":"en"},"chat":{"id":768732984,"first_name":"Hay Kongmeng -","last_name":"\u17a0\u17c3 \u1782\u1784\u17cb\u1798\u17c9\u17c1\u1784","username":"KongMeng_Hay","type":"private"},"date":1770279639,"text":"ot dg dae"}}
---
[2026-02-05 08:20:52] Company: 1
Input: {"update_id":86303798,
"message":{"message_id":146,"from":{"id":768732984,"is_bot":false,"first_name":"Hay Kongmeng -","last_name":"\u17a0\u17c3 \u1782\u1784\u17cb\u1798\u17c9\u17c1\u1784","username":"KongMeng_Hay","language_code":"en"},"chat":{"id":768732984,"first_name":"Hay Kongmeng -","last_name":"\u17a0\u17c3 \u1782\u1784\u17cb\u1798\u17c9\u17c1\u1784","username":"KongMeng_Hay","type":"private"},"date":1770279652,"text":"i wonder why i have this question"}}
---
[2026-02-05 08:24:43] Company: 1
Input: {"update_id":86303799,
"message":{"message_id":149,"from":{"id":768732984,"is_bot":false,"first_name":"Hay Kongmeng -","last_name":"\u17a0\u17c3 \u1782\u1784\u17cb\u1798\u17c9\u17c1\u1784","username":"KongMeng_Hay","language_code":"en"},"chat":{"id":768732984,"first_name":"Hay Kongmeng -","last_name":"\u17a0\u17c3 \u1782\u1784\u17cb\u1798\u17c9\u17c1\u1784","username":"KongMeng_Hay","type":"private"},"date":1770279882,"text":"/mytickets","entities":[{"offset":0,"length":10,"type":"bot_command"}]}}
---
[2026-02-05 08:24:45] Company: 1
Input: {"update_id":86303800,
"callback_query":{"id":"3301683025698963196","from":{"id":768732984,"is_bot":false,"first_name":"Hay Kongmeng -","last_name":"\u17a0\u17c3 \u1782\u1784\u17cb\u1798\u17c9\u17c1\u1784","username":"KongMeng_Hay","language_code":"en"},"message":{"message_id":150,"from":{"id":8511296428,"is_bot":true,"first_name":"Provida Support","username":"provida_support_bot"},"chat":{"id":768732984,"first_name":"Hay Kongmeng -","last_name":"\u17a0\u17c3 \u1782\u1784\u17cb\u1798\u17c9\u17c1\u1784","username":"KongMeng_Hay","type":"private"},"date":1770279883,"text":"Your Tickets\n\n#TKT-000005 - Open\not dg dae\n\n#TKT-000004 - Open\nError vps","entities":[{"offset":0,"length":12,"type":"bold"},{"offset":14,"length":4,"type":"hashtag"},{"offset":44,"length":4,"type":"hashtag"}],"reply_markup":{"inline_keyboard":[[{"text":"#TKT-000005 - Open","callback_data":"view_ticket:5"}],[{"text":"#TKT-000004 - Open","callback_data":"view_ticket:4"}]]}},"chat_instance":"8104401338582714748","data":"view_ticket:5"}}
---
[2026-02-05 08:25:13] Company: 1
Input: {"update_id":86303801,
"message":{"message_id":153,"from":{"id":768732984,"is_bot":false,"first_name":"Hay Kongmeng -","last_name":"\u17a0\u17c3 \u1782\u1784\u17cb\u1798\u17c9\u17c1\u1784","username":"KongMeng_Hay","language_code":"en"},"chat":{"id":768732984,"first_name":"Hay Kongmeng -","last_name":"\u17a0\u17c3 \u1782\u1784\u17cb\u1798\u17c9\u17c1\u1784","username":"KongMeng_Hay","type":"private"},"date":1770279913,"text":"/mytickets","entities":[{"offset":0,"length":10,"type":"bot_command"}]}}
---
[2026-02-05 08:27:05] Company: 1
Input: {"update_id":86303802,
"message":{"message_id":156,"from":{"id":768732984,"is_bot":false,"first_name":"Hay Kongmeng -","last_name":"\u17a0\u17c3 \u1782\u1784\u17cb\u1798\u17c9\u17c1\u1784","username":"KongMeng_Hay","language_code":"en"},"chat":{"id":768732984,"first_name":"Hay Kongmeng -","last_name":"\u17a0\u17c3 \u1782\u1784\u17cb\u1798\u17c9\u17c1\u1784","username":"KongMeng_Hay","type":"private"},"date":1770280024,"text":"/help","entities":[{"offset":0,"length":5,"type":"bot_command"}]}}
---
[2026-02-05 08:27:33] Company: 1
Input: {"update_id":86303803,
"message":{"message_id":158,"from":{"id":768732984,"is_bot":false,"first_name":"Hay Kongmeng -","last_name":"\u17a0\u17c3 \u1782\u1784\u17cb\u1798\u17c9\u17c1\u1784","username":"KongMeng_Hay","language_code":"en"},"chat":{"id":768732984,"first_name":"Hay Kongmeng -","last_name":"\u17a0\u17c3 \u1782\u1784\u17cb\u1798\u17c9\u17c1\u1784","username":"KongMeng_Hay","type":"private"},"date":1770280053,"text":"/status","entities":[{"offset":0,"length":7,"type":"bot_command"}]}}
---
[2026-02-05 08:27:45] Company: 1
Input: {"update_id":86303804,
"message":{"message_id":160,"from":{"id":768732984,"is_bot":false,"first_name":"Hay Kongmeng -","last_name":"\u17a0\u17c3 \u1782\u1784\u17cb\u1798\u17c9\u17c1\u1784","username":"KongMeng_Hay","language_code":"en"},"chat":{"id":768732984,"first_name":"Hay Kongmeng -","last_name":"\u17a0\u17c3 \u1782\u1784\u17cb\u1798\u17c9\u17c1\u1784","username":"KongMeng_Hay","type":"private"},"date":1770280065,"text":"/status TKT-000001","entities":[{"offset":0,"length":7,"type":"bot_command"}]}}
---
[2026-02-05 08:34:45] Company: 1
Input: {"update_id":86303805,
"message":{"message_id":162,"from":{"id":768732984,"is_bot":false,"first_name":"Hay Kongmeng -","last_name":"\u17a0\u17c3 \u1782\u1784\u17cb\u1798\u17c9\u17c1\u1784","username":"KongMeng_Hay","language_code":"en"},"chat":{"id":768732984,"first_name":"Hay Kongmeng -","last_name":"\u17a0\u17c3 \u1782\u1784\u17cb\u1798\u17c9\u17c1\u1784","username":"KongMeng_Hay","type":"private"},"date":1770280484,"text":"/link","entities":[{"offset":0,"length":5,"type":"bot_command"}]}}
---
[2026-02-05 08:35:31] Company: 1
Input: {"update_id":86303806,
"message":{"message_id":164,"from":{"id":768732984,"is_bot":false,"first_name":"Hay Kongmeng -","last_name":"\u17a0\u17c3 \u1782\u1784\u17cb\u1798\u17c9\u17c1\u1784","username":"KongMeng_Hay","language_code":"en"},"chat":{"id":768732984,"first_name":"Hay Kongmeng -","last_name":"\u17a0\u17c3 \u1782\u1784\u17cb\u1798\u17c9\u17c1\u1784","username":"KongMeng_Hay","type":"private"},"date":1770280531,"text":"/link","entities":[{"offset":0,"length":5,"type":"bot_command"}]}}
---
[2026-02-05 09:16:35] Company: 1
Input: {"update_id":86303807,
"message":{"message_id":166,"from":{"id":768732984,"is_bot":false,"first_name":"Hay Kongmeng -","last_name":"\u17a0\u17c3 \u1782\u1784\u17cb\u1798\u17c9\u17c1\u1784","username":"KongMeng_Hay","language_code":"en"},"chat":{"id":768732984,"first_name":"Hay Kongmeng -","last_name":"\u17a0\u17c3 \u1782\u1784\u17cb\u1798\u17c9\u17c1\u1784","username":"KongMeng_Hay","type":"private"},"date":1770282995,"text":"/newticket","entities":[{"offset":0,"length":10,"type":"bot_command"}]}}
---
[2026-02-05 09:16:41] Company: 1
Input: {"update_id":86303808,
"message":{"message_id":168,"from":{"id":768732984,"is_bot":false,"first_name":"Hay Kongmeng -","last_name":"\u17a0\u17c3 \u1782\u1784\u17cb\u1798\u17c9\u17c1\u1784","username":"KongMeng_Hay","language_code":"en"},"chat":{"id":768732984,"first_name":"Hay Kongmeng -","last_name":"\u17a0\u17c3 \u1782\u1784\u17cb\u1798\u17c9\u17c1\u1784","username":"KongMeng_Hay","type":"private"},"date":1770283000,"text":"/help","entities":[{"offset":0,"length":5,"type":"bot_command"}]}}
---
[2026-02-05 09:16:57] Company: 1
Input: {"update_id":86303809,
"message":{"message_id":170,"from":{"id":768732984,"is_bot":false,"first_name":"Hay Kongmeng -","last_name":"\u17a0\u17c3 \u1782\u1784\u17cb\u1798\u17c9\u17c1\u1784","username":"KongMeng_Hay","language_code":"en"},"chat":{"id":768732984,"first_name":"Hay Kongmeng -","last_name":"\u17a0\u17c3 \u1782\u1784\u17cb\u1798\u17c9\u17c1\u1784","username":"KongMeng_Hay","type":"private"},"date":1770283017,"text":"/status","entities":[{"offset":0,"length":7,"type":"bot_command"}]}}
---
[2026-02-05 09:17:01] Company: 1
Input: {"update_id":86303810,
"message":{"message_id":172,"from":{"id":768732984,"is_bot":false,"first_name":"Hay Kongmeng -","last_name":"\u17a0\u17c3 \u1782\u1784\u17cb\u1798\u17c9\u17c1\u1784","username":"KongMeng_Hay","language_code":"en"},"chat":{"id":768732984,"first_name":"Hay Kongmeng -","last_name":"\u17a0\u17c3 \u1782\u1784\u17cb\u1798\u17c9\u17c1\u1784","username":"KongMeng_Hay","type":"private"},"date":1770283021,"text":"/newticket","entities":[{"offset":0,"length":10,"type":"bot_command"}]}}
---
[2026-02-05 09:17:04] Company: 1
Input: {"update_id":86303811,
"message":{"message_id":174,"from":{"id":768732984,"is_bot":false,"first_name":"Hay Kongmeng -","last_name":"\u17a0\u17c3 \u1782\u1784\u17cb\u1798\u17c9\u17c1\u1784","username":"KongMeng_Hay","language_code":"en"},"chat":{"id":768732984,"first_name":"Hay Kongmeng -","last_name":"\u17a0\u17c3 \u1782\u1784\u17cb\u1798\u17c9\u17c1\u1784","username":"KongMeng_Hay","type":"private"},"date":1770283024,"text":"/start","entities":[{"offset":0,"length":6,"type":"bot_command"}]}}
---
[2026-02-05 09:18:40] Company: 1
Input: {"update_id":86303812,
"message":{"message_id":176,"from":{"id":768732984,"is_bot":false,"first_name":"Hay Kongmeng -","last_name":"\u17a0\u17c3 \u1782\u1784\u17cb\u1798\u17c9\u17c1\u1784","username":"KongMeng_Hay","language_code":"en"},"chat":{"id":768732984,"first_name":"Hay Kongmeng -","last_name":"\u17a0\u17c3 \u1782\u1784\u17cb\u1798\u17c9\u17c1\u1784","username":"KongMeng_Hay","type":"private"},"date":1770283119,"text":"/start","entities":[{"offset":0,"length":6,"type":"bot_command"}]}}
---
[2026-02-05 09:23:20] Company: 1
Input: {"update_id":86303813,
"message":{"message_id":178,"from":{"id":768732984,"is_bot":false,"first_name":"Hay Kongmeng -","last_name":"\u17a0\u17c3 \u1782\u1784\u17cb\u1798\u17c9\u17c1\u1784","username":"KongMeng_Hay","language_code":"en"},"chat":{"id":768732984,"first_name":"Hay Kongmeng -","last_name":"\u17a0\u17c3 \u1782\u1784\u17cb\u1798\u17c9\u17c1\u1784","username":"KongMeng_Hay","type":"private"},"date":1770283399,"text":"/start","entities":[{"offset":0,"length":6,"type":"bot_command"}]}}
---
[2026-02-05 09:23:33] Company: 1
Input: {"update_id":86303814,
"message":{"message_id":180,"from":{"id":768732984,"is_bot":false,"first_name":"Hay Kongmeng -","last_name":"\u17a0\u17c3 \u1782\u1784\u17cb\u1798\u17c9\u17c1\u1784","username":"KongMeng_Hay","language_code":"en"},"chat":{"id":768732984,"first_name":"Hay Kongmeng -","last_name":"\u17a0\u17c3 \u1782\u1784\u17cb\u1798\u17c9\u17c1\u1784","username":"KongMeng_Hay","type":"private"},"date":1770283412,"text":"/link","entities":[{"offset":0,"length":5,"type":"bot_command"}]}}
---
[2026-02-05 09:23:40] Company: 1
Input: {"update_id":86303815,
"message":{"message_id":182,"from":{"id":768732984,"is_bot":false,"first_name":"Hay Kongmeng -","last_name":"\u17a0\u17c3 \u1782\u1784\u17cb\u1798\u17c9\u17c1\u1784","username":"KongMeng_Hay","language_code":"en"},"chat":{"id":768732984,"first_name":"Hay Kongmeng -","last_name":"\u17a0\u17c3 \u1782\u1784\u17cb\u1798\u17c9\u17c1\u1784","username":"KongMeng_Hay","type":"private"},"date":1770283420,"text":"hkongmeng@gmail.com","entities":[{"offset":0,"length":19,"type":"email"}]}}
---
[2026-02-05 09:24:40] Company: 1
Input: {"update_id":86303816,
"message":{"message_id":184,"from":{"id":768732984,"is_bot":false,"first_name":"Hay Kongmeng -","last_name":"\u17a0\u17c3 \u1782\u1784\u17cb\u1798\u17c9\u17c1\u1784","username":"KongMeng_Hay","language_code":"en"},"chat":{"id":768732984,"first_name":"Hay Kongmeng -","last_name":"\u17a0\u17c3 \u1782\u1784\u17cb\u1798\u17c9\u17c1\u1784","username":"KongMeng_Hay","type":"private"},"date":1770283480,"text":"/start","entities":[{"offset":0,"length":6,"type":"bot_command"}]}}
---
[2026-02-05 09:25:00] Company: 1
Input: {"update_id":86303817,
"message":{"message_id":186,"from":{"id":768732984,"is_bot":false,"first_name":"Hay Kongmeng -","last_name":"\u17a0\u17c3 \u1782\u1784\u17cb\u1798\u17c9\u17c1\u1784","username":"KongMeng_Hay","language_code":"en"},"chat":{"id":768732984,"first_name":"Hay Kongmeng -","last_name":"\u17a0\u17c3 \u1782\u1784\u17cb\u1798\u17c9\u17c1\u1784","username":"KongMeng_Hay","type":"private"},"date":1770283500,"text":"/start","entities":[{"offset":0,"length":6,"type":"bot_command"}]}}
---
[2026-02-05 09:27:20] Company: 1
Input: {"update_id":86303818,
"message":{"message_id":188,"from":{"id":768732984,"is_bot":false,"first_name":"Hay Kongmeng -","last_name":"\u17a0\u17c3 \u1782\u1784\u17cb\u1798\u17c9\u17c1\u1784","username":"KongMeng_Hay","language_code":"en"},"chat":{"id":768732984,"first_name":"Hay Kongmeng -","last_name":"\u17a0\u17c3 \u1782\u1784\u17cb\u1798\u17c9\u17c1\u1784","username":"KongMeng_Hay","type":"private"},"date":1770283639,"text":"/help","entities":[{"offset":0,"length":5,"type":"bot_command"}]}}
---
[2026-02-05 09:27:31] Company: 1
Input: {"update_id":86303819,
"message":{"message_id":190,"from":{"id":768732984,"is_bot":false,"first_name":"Hay Kongmeng -","last_name":"\u17a0\u17c3 \u1782\u1784\u17cb\u1798\u17c9\u17c1\u1784","username":"KongMeng_Hay","language_code":"en"},"chat":{"id":768732984,"first_name":"Hay Kongmeng -","last_name":"\u17a0\u17c3 \u1782\u1784\u17cb\u1798\u17c9\u17c1\u1784","username":"KongMeng_Hay","type":"private"},"date":1770283651,"text":"/status","entities":[{"offset":0,"length":7,"type":"bot_command"}]}}
---
[2026-02-05 09:27:41] Company: 1
Input: {"update_id":86303820,
"message":{"message_id":192,"from":{"id":768732984,"is_bot":false,"first_name":"Hay Kongmeng -","last_name":"\u17a0\u17c3 \u1782\u1784\u17cb\u1798\u17c9\u17c1\u1784","username":"KongMeng_Hay","language_code":"en"},"chat":{"id":768732984,"first_name":"Hay Kongmeng -","last_name":"\u17a0\u17c3 \u1782\u1784\u17cb\u1798\u17c9\u17c1\u1784","username":"KongMeng_Hay","type":"private"},"date":1770283661,"text":"/mytickets","entities":[{"offset":0,"length":10,"type":"bot_command"}]}}
---
[2026-02-05 09:51:27] Company: 1
Input: {"update_id":86303821,
"message":{"message_id":194,"from":{"id":768732984,"is_bot":false,"first_name":"Hay Kongmeng -","last_name":"\u17a0\u17c3 \u1782\u1784\u17cb\u1798\u17c9\u17c1\u1784","username":"KongMeng_Hay","language_code":"en"},"chat":{"id":768732984,"first_name":"Hay Kongmeng -","last_name":"\u17a0\u17c3 \u1782\u1784\u17cb\u1798\u17c9\u17c1\u1784","username":"KongMeng_Hay","type":"private"},"date":1770285086,"text":"/start","entities":[{"offset":0,"length":6,"type":"bot_command"}]}}
---
[2026-02-05 09:51:31] Company: 1
Input: {"update_id":86303822,
"message":{"message_id":196,"from":{"id":768732984,"is_bot":false,"first_name":"Hay Kongmeng -","last_name":"\u17a0\u17c3 \u1782\u1784\u17cb\u1798\u17c9\u17c1\u1784","username":"KongMeng_Hay","language_code":"en"},"chat":{"id":768732984,"first_name":"Hay Kongmeng -","last_name":"\u17a0\u17c3 \u1782\u1784\u17cb\u1798\u17c9\u17c1\u1784","username":"KongMeng_Hay","type":"private"},"date":1770285091,"text":"/help","entities":[{"offset":0,"length":5,"type":"bot_command"}]}}
---
[2026-02-05 09:51:40] Company: 1
Input: {"update_id":86303823,
"message":{"message_id":198,"from":{"id":768732984,"is_bot":false,"first_name":"Hay Kongmeng -","last_name":"\u17a0\u17c3 \u1782\u1784\u17cb\u1798\u17c9\u17c1\u1784","username":"KongMeng_Hay","language_code":"en"},"chat":{"id":768732984,"first_name":"Hay Kongmeng -","last_name":"\u17a0\u17c3 \u1782\u1784\u17cb\u1798\u17c9\u17c1\u1784","username":"KongMeng_Hay","type":"private"},"date":1770285099,"text":"/mytickets","entities":[{"offset":0,"length":10,"type":"bot_command"}]}}
---
[2026-02-05 09:51:45] Company: 1
Input: {"update_id":86303824,
"callback_query":{"id":"3301683028622329970","from":{"id":768732984,"is_bot":false,"first_name":"Hay Kongmeng -","last_name":"\u17a0\u17c3 \u1782\u1784\u17cb\u1798\u17c9\u17c1\u1784","username":"KongMeng_Hay","language_code":"en"},"message":{"message_id":199,"from":{"id":8511296428,"is_bot":true,"first_name":"Provida Support","username":"provida_support_bot"},"chat":{"id":768732984,"first_name":"Hay Kongmeng -","last_name":"\u17a0\u17c3 \u1782\u1784\u17cb\u1798\u17c9\u17c1\u1784","username":"KongMeng_Hay","type":"private"},"date":1770285101,"text":"Your Tickets\n\n#TKT-000005 - Open\not dg dae\n\n#TKT-000004 - Open\nError vps","entities":[{"offset":0,"length":12,"type":"bold"},{"offset":14,"length":4,"type":"hashtag"},{"offset":44,"length":4,"type":"hashtag"}],"reply_markup":{"inline_keyboard":[[{"text":"#TKT-000005 - Open","callback_data":"view_ticket:5"}],[{"text":"#TKT-000004 - Open","callback_data":"view_ticket:4"}]]}},"chat_instance":"8104401338582714748","data":"view_ticket:5"}}
---
[2026-02-05 09:51:57] Company: 1
Input: {"update_id":86303825,
"message":{"message_id":201,"from":{"id":768732984,"is_bot":false,"first_name":"Hay Kongmeng -","last_name":"\u17a0\u17c3 \u1782\u1784\u17cb\u1798\u17c9\u17c1\u1784","username":"KongMeng_Hay","language_code":"en"},"chat":{"id":768732984,"first_name":"Hay Kongmeng -","last_name":"\u17a0\u17c3 \u1782\u1784\u17cb\u1798\u17c9\u17c1\u1784","username":"KongMeng_Hay","type":"private"},"date":1770285117,"text":"/newticket","entities":[{"offset":0,"length":10,"type":"bot_command"}]}}
---
[2026-02-05 09:52:06] Company: 1
Input: {"update_id":86303826,
"message":{"message_id":203,"from":{"id":768732984,"is_bot":false,"first_name":"Hay Kongmeng -","last_name":"\u17a0\u17c3 \u1782\u1784\u17cb\u1798\u17c9\u17c1\u1784","username":"KongMeng_Hay","language_code":"en"},"chat":{"id":768732984,"first_name":"Hay Kongmeng -","last_name":"\u17a0\u17c3 \u1782\u1784\u17cb\u1798\u17c9\u17c1\u1784","username":"KongMeng_Hay","type":"private"},"date":1770285126,"photo":[{"file_id":"AgACAgUAAxkBAAPLaYRoRt7LrwlScNu3H9udfv9uNj8AAskNaxtRBClUSil2iMzZbiwBAAMCAANzAAM4BA","file_unique_id":"AQADyQ1rG1EEKVR4","file_size":943,"width":90,"height":47},{"file_id":"AgACAgUAAxkBAAPLaYRoRt7LrwlScNu3H9udfv9uNj8AAskNaxtRBClUSil2iMzZbiwBAAMCAANtAAM4BA","file_unique_id":"AQADyQ1rG1EEKVRy","file_size":11591,"width":320,"height":167},{"file_id":"AgACAgUAAxkBAAPLaYRoRt7LrwlScNu3H9udfv9uNj8AAskNaxtRBClUSil2iMzZbiwBAAMCAAN4AAM4BA","file_unique_id":"AQADyQ1rG1EEKVR9","file_size":22536,"width":563,"height":293}]}}
---
[2026-02-05 09:52:16] Company: 1
Input: {"update_id":86303827,
"message":{"message_id":205,"from":{"id":768732984,"is_bot":false,"first_name":"Hay Kongmeng -","last_name":"\u17a0\u17c3 \u1782\u1784\u17cb\u1798\u17c9\u17c1\u1784","username":"KongMeng_Hay","language_code":"en"},"chat":{"id":768732984,"first_name":"Hay Kongmeng -","last_name":"\u17a0\u17c3 \u1782\u1784\u17cb\u1798\u17c9\u17c1\u1784","username":"KongMeng_Hay","type":"private"},"date":1770285136,"text":"tests"}}
---
[2026-02-05 09:52:21] Company: 1
Input: {"update_id":86303828,
"message":{"message_id":207,"from":{"id":768732984,"is_bot":false,"first_name":"Hay Kongmeng -","last_name":"\u17a0\u17c3 \u1782\u1784\u17cb\u1798\u17c9\u17c1\u1784","username":"KongMeng_Hay","language_code":"en"},"chat":{"id":768732984,"first_name":"Hay Kongmeng -","last_name":"\u17a0\u17c3 \u1782\u1784\u17cb\u1798\u17c9\u17c1\u1784","username":"KongMeng_Hay","type":"private"},"date":1770285141,"text":"tesffffffffff"}}
---
[2026-02-05 09:52:25] Company: 1
Input: {"update_id":86303829,
"message":{"message_id":209,"from":{"id":768732984,"is_bot":false,"first_name":"Hay Kongmeng -","last_name":"\u17a0\u17c3 \u1782\u1784\u17cb\u1798\u17c9\u17c1\u1784","username":"KongMeng_Hay","language_code":"en"},"chat":{"id":768732984,"first_name":"Hay Kongmeng -","last_name":"\u17a0\u17c3 \u1782\u1784\u17cb\u1798\u17c9\u17c1\u1784","username":"KongMeng_Hay","type":"private"},"date":1770285145,"text":"/mytickets","entities":[{"offset":0,"length":10,"type":"bot_command"}]}}
---
[2026-02-05 09:52:28] Company: 1
Input: {"update_id":86303830,
"callback_query":{"id":"3301683027558218267","from":{"id":768732984,"is_bot":false,"first_name":"Hay Kongmeng -","last_name":"\u17a0\u17c3 \u1782\u1784\u17cb\u1798\u17c9\u17c1\u1784","username":"KongMeng_Hay","language_code":"en"},"message":{"message_id":210,"from":{"id":8511296428,"is_bot":true,"first_name":"Provida Support","username":"provida_support_bot"},"chat":{"id":768732984,"first_name":"Hay Kongmeng -","last_name":"\u17a0\u17c3 \u1782\u1784\u17cb\u1798\u17c9\u17c1\u1784","username":"KongMeng_Hay","type":"private"},"date":1770285146,"text":"Your Tickets\n\n#TKT-000006 - Open\ntests\n\n#TKT-000005 - Open\not dg dae\n\n#TKT-000004 - Open\nError vps","entities":[{"offset":0,"length":12,"type":"bold"},{"offset":14,"length":4,"type":"hashtag"},{"offset":40,"length":4,"type":"hashtag"},{"offset":70,"length":4,"type":"hashtag"}],"reply_markup":{"inline_keyboard":[[{"text":"#TKT-000006 - Open","callback_data":"view_ticket:6"}],[{"text":"#TKT-000005 - Open","callback_data":"view_ticket:5"}],[{"text":"#TKT-000004 - Open","callback_data":"view_ticket:4"}]]}},"chat_instance":"8104401338582714748","data":"view_ticket:4"}}
---
[2026-02-05 09:52:34] Company: 1
Input: {"update_id":86303831,
"callback_query":{"id":"3301683029458144867","from":{"id":768732984,"is_bot":false,"first_name":"Hay Kongmeng -","last_name":"\u17a0\u17c3 \u1782\u1784\u17cb\u1798\u17c9\u17c1\u1784","username":"KongMeng_Hay","language_code":"en"},"message":{"message_id":211,"from":{"id":8511296428,"is_bot":true,"first_name":"Provida Support","username":"provida_support_bot"},"chat":{"id":768732984,"first_name":"Hay Kongmeng -","last_name":"\u17a0\u17c3 \u1782\u1784\u17cb\u1798\u17c9\u17c1\u1784","username":"KongMeng_Hay","type":"private"},"date":1770285149,"text":"Ticket #TKT-000004\n\nSubject: Error vps\nStatus: Open\nPriority: High\nCreated: Feb 5, 2026 11:42 AM\n\nDescription:\ni can't login ssh\n\nLatest Reply (You):\ntest","entities":[{"offset":0,"length":7,"type":"bold"},{"offset":7,"length":4,"type":"hashtag"},{"offset":7,"length":4,"type":"bold"},{"offset":11,"length":7,"type":"bold"},{"offset":20,"length":8,"type":"bold"},{"offset":39,"length":7,"type":"bold"},{"offset":52,"length":9,"type":"bold"},{"offset":67,"length":8,"type":"bold"},{"offset":98,"length":12,"type":"bold"},{"offset":130,"length":19,"type":"bold"}],"reply_markup":{"inline_keyboard":[[{"text":"Reply","callback_data":"reply_ticket:4"}]]}},"chat_instance":"8104401338582714748","data":"reply_ticket:4"}}
---
[2026-02-05 09:52:39] Company: 1
Input: {"update_id":86303832,
"message":{"message_id":213,"from":{"id":768732984,"is_bot":false,"first_name":"Hay Kongmeng -","last_name":"\u17a0\u17c3 \u1782\u1784\u17cb\u1798\u17c9\u17c1\u1784","username":"KongMeng_Hay","language_code":"en"},"chat":{"id":768732984,"first_name":"Hay Kongmeng -","last_name":"\u17a0\u17c3 \u1782\u1784\u17cb\u1798\u17c9\u17c1\u1784","username":"KongMeng_Hay","type":"private"},"date":1770285159,"photo":[{"file_id":"AgACAgUAAxkBAAPLaYRoRt7LrwlScNu3H9udfv9uNj8AAskNaxtRBClUSil2iMzZbiwBAAMCAANzAAM4BA","file_unique_id":"AQADyQ1rG1EEKVR4","file_size":943,"width":90,"height":47},{"file_id":"AgACAgUAAxkBAAPLaYRoRt7LrwlScNu3H9udfv9uNj8AAskNaxtRBClUSil2iMzZbiwBAAMCAANtAAM4BA","file_unique_id":"AQADyQ1rG1EEKVRy","file_size":11591,"width":320,"height":167},{"file_id":"AgACAgUAAxkBAAPLaYRoRt7LrwlScNu3H9udfv9uNj8AAskNaxtRBClUSil2iMzZbiwBAAMCAAN4AAM4BA","file_unique_id":"AQADyQ1rG1EEKVR9","file_size":22536,"width":563,"height":293}]}}
---
[2026-02-05 09:53:29] Company: 1
Input: {"update_id":86303833,
"message":{"message_id":215,"from":{"id":768732984,"is_bot":false,"first_name":"Hay Kongmeng -","last_name":"\u17a0\u17c3 \u1782\u1784\u17cb\u1798\u17c9\u17c1\u1784","username":"KongMeng_Hay","language_code":"en"},"chat":{"id":768732984,"first_name":"Hay Kongmeng -","last_name":"\u17a0\u17c3 \u1782\u1784\u17cb\u1798\u17c9\u17c1\u1784","username":"KongMeng_Hay","type":"private"},"date":1770285209,"text":"/mytickets","entities":[{"offset":0,"length":10,"type":"bot_command"}]}}
---
[2026-02-05 09:53:31] Company: 1
Input: {"update_id":86303834,
"callback_query":{"id":"3301683026484540695","from":{"id":768732984,"is_bot":false,"first_name":"Hay Kongmeng -","last_name":"\u17a0\u17c3 \u1782\u1784\u17cb\u1798\u17c9\u17c1\u1784","username":"KongMeng_Hay","language_code":"en"},"message":{"message_id":216,"from":{"id":8511296428,"is_bot":true,"first_name":"Provida Support","username":"provida_support_bot"},"chat":{"id":768732984,"first_name":"Hay Kongmeng -","last_name":"\u17a0\u17c3 \u1782\u1784\u17cb\u1798\u17c9\u17c1\u1784","username":"KongMeng_Hay","type":"private"},"date":1770285209,"text":"Your Tickets\n\n#TKT-000006 - Open\ntests\n\n#TKT-000005 - Open\not dg dae\n\n#TKT-000004 - Open\nError vps","entities":[{"offset":0,"length":12,"type":"bold"},{"offset":14,"length":4,"type":"hashtag"},{"offset":40,"length":4,"type":"hashtag"},{"offset":70,"length":4,"type":"hashtag"}],"reply_markup":{"inline_keyboard":[[{"text":"#TKT-000006 - Open","callback_data":"view_ticket:6"}],[{"text":"#TKT-000005 - Open","callback_data":"view_ticket:5"}],[{"text":"#TKT-000004 - Open","callback_data":"view_ticket:4"}]]}},"chat_instance":"8104401338582714748","data":"view_ticket:4"}}
---
[2026-02-05 09:53:34] Company: 1
Input: {"update_id":86303835,
"callback_query":{"id":"3301683029165144791","from":{"id":768732984,"is_bot":false,"first_name":"Hay Kongmeng -","last_name":"\u17a0\u17c3 \u1782\u1784\u17cb\u1798\u17c9\u17c1\u1784","username":"KongMeng_Hay","language_code":"en"},"message":{"message_id":217,"from":{"id":8511296428,"is_bot":true,"first_name":"Provida Support","username":"provida_support_bot"},"chat":{"id":768732984,"first_name":"Hay Kongmeng -","last_name":"\u17a0\u17c3 \u1782\u1784\u17cb\u1798\u17c9\u17c1\u1784","username":"KongMeng_Hay","type":"private"},"date":1770285213,"text":"Ticket #TKT-000004\n\nSubject: Error vps\nStatus: Open\nPriority: High\nCreated: Feb 5, 2026 11:42 AM\n\nDescription:\ni can't login ssh\n\nLatest Reply (You):","entities":[{"offset":0,"length":7,"type":"bold"},{"offset":7,"length":4,"type":"hashtag"},{"offset":7,"length":4,"type":"bold"},{"offset":11,"length":7,"type":"bold"},{"offset":20,"length":8,"type":"bold"},{"offset":39,"length":7,"type":"bold"},{"offset":52,"length":9,"type":"bold"},{"offset":67,"length":8,"type":"bold"},{"offset":98,"length":12,"type":"bold"},{"offset":130,"length":19,"type":"bold"}],"reply_markup":{"inline_keyboard":[[{"text":"Reply","callback_data":"reply_ticket:4"}]]}},"chat_instance":"8104401338582714748","data":"reply_ticket:4"}}
---
[2026-02-05 09:53:45] Company: 1
Input: {"update_id":86303836,
"message":{"message_id":219,"from":{"id":768732984,"is_bot":false,"first_name":"Hay Kongmeng -","last_name":"\u17a0\u17c3 \u1782\u1784\u17cb\u1798\u17c9\u17c1\u1784","username":"KongMeng_Hay","language_code":"en"},"chat":{"id":768732984,"first_name":"Hay Kongmeng -","last_name":"\u17a0\u17c3 \u1782\u1784\u17cb\u1798\u17c9\u17c1\u1784","username":"KongMeng_Hay","type":"private"},"date":1770285225,"photo":[{"file_id":"AgACAgUAAxkBAAPLaYRoRt7LrwlScNu3H9udfv9uNj8AAskNaxtRBClUSil2iMzZbiwBAAMCAANzAAM4BA","file_unique_id":"AQADyQ1rG1EEKVR4","file_size":943,"width":90,"height":47},{"file_id":"AgACAgUAAxkBAAPLaYRoRt7LrwlScNu3H9udfv9uNj8AAskNaxtRBClUSil2iMzZbiwBAAMCAANtAAM4BA","file_unique_id":"AQADyQ1rG1EEKVRy","file_size":11591,"width":320,"height":167},{"file_id":"AgACAgUAAxkBAAPLaYRoRt7LrwlScNu3H9udfv9uNj8AAskNaxtRBClUSil2iMzZbiwBAAMCAAN4AAM4BA","file_unique_id":"AQADyQ1rG1EEKVR9","file_size":22536,"width":563,"height":293}]}}
---
[2026-02-05 10:00:49] Company: 1
Input: {"update_id":86303837,
"message":{"message_id":221,"from":{"id":768732984,"is_bot":false,"first_name":"Hay Kongmeng -","last_name":"\u17a0\u17c3 \u1782\u1784\u17cb\u1798\u17c9\u17c1\u1784","username":"KongMeng_Hay","language_code":"en"},"chat":{"id":768732984,"first_name":"Hay Kongmeng -","last_name":"\u17a0\u17c3 \u1782\u1784\u17cb\u1798\u17c9\u17c1\u1784","username":"KongMeng_Hay","type":"private"},"date":1770285648,"text":"/mytickets","entities":[{"offset":0,"length":10,"type":"bot_command"}]}}
---
[2026-02-05 10:00:51] Company: 1
Input: {"update_id":86303838,
"callback_query":{"id":"3301683026822405919","from":{"id":768732984,"is_bot":false,"first_name":"Hay Kongmeng -","last_name":"\u17a0\u17c3 \u1782\u1784\u17cb\u1798\u17c9\u17c1\u1784","username":"KongMeng_Hay","language_code":"en"},"message":{"message_id":222,"from":{"id":8511296428,"is_bot":true,"first_name":"Provida Support","username":"provida_support_bot"},"chat":{"id":768732984,"first_name":"Hay Kongmeng -","last_name":"\u17a0\u17c3 \u1782\u1784\u17cb\u1798\u17c9\u17c1\u1784","username":"KongMeng_Hay","type":"private"},"date":1770285649,"text":"Your Tickets\n\n#TKT-000006 - Open\ntests\n\n#TKT-000005 - Open\not dg dae\n\n#TKT-000004 - Open\nError vps","entities":[{"offset":0,"length":12,"type":"bold"},{"offset":14,"length":4,"type":"hashtag"},{"offset":40,"length":4,"type":"hashtag"},{"offset":70,"length":4,"type":"hashtag"}],"reply_markup":{"inline_keyboard":[[{"text":"#TKT-000006 - Open","callback_data":"view_ticket:6"}],[{"text":"#TKT-000005 - Open","callback_data":"view_ticket:5"}],[{"text":"#TKT-000004 - Open","callback_data":"view_ticket:4"}]]}},"chat_instance":"8104401338582714748","data":"view_ticket:4"}}
---
[2026-02-05 10:00:53] Company: 1
Input: {"update_id":86303839,
"callback_query":{"id":"3301683027299568157","from":{"id":768732984,"is_bot":false,"first_name":"Hay Kongmeng -","last_name":"\u17a0\u17c3 \u1782\u1784\u17cb\u1798\u17c9\u17c1\u1784","username":"KongMeng_Hay","language_code":"en"},"message":{"message_id":223,"from":{"id":8511296428,"is_bot":true,"first_name":"Provida Support","username":"provida_support_bot"},"chat":{"id":768732984,"first_name":"Hay Kongmeng -","last_name":"\u17a0\u17c3 \u1782\u1784\u17cb\u1798\u17c9\u17c1\u1784","username":"KongMeng_Hay","type":"private"},"date":1770285652,"text":"Ticket #TKT-000004\n\nSubject: Error vps\nStatus: Open\nPriority: High\nCreated: Feb 5, 2026 11:42 AM\n\nDescription:\ni can't login ssh\n\nLatest Reply (You):","entities":[{"offset":0,"length":7,"type":"bold"},{"offset":7,"length":4,"type":"hashtag"},{"offset":7,"length":4,"type":"bold"},{"offset":11,"length":7,"type":"bold"},{"offset":20,"length":8,"type":"bold"},{"offset":39,"length":7,"type":"bold"},{"offset":52,"length":9,"type":"bold"},{"offset":67,"length":8,"type":"bold"},{"offset":98,"length":12,"type":"bold"},{"offset":130,"length":19,"type":"bold"}],"reply_markup":{"inline_keyboard":[[{"text":"Reply","callback_data":"reply_ticket:4"}]]}},"chat_instance":"8104401338582714748","data":"reply_ticket:4"}}
---
[2026-02-05 10:00:59] Company: 1
Input: {"update_id":86303840,
"message":{"message_id":225,"from":{"id":768732984,"is_bot":false,"first_name":"Hay Kongmeng -","last_name":"\u17a0\u17c3 \u1782\u1784\u17cb\u1798\u17c9\u17c1\u1784","username":"KongMeng_Hay","language_code":"en"},"chat":{"id":768732984,"first_name":"Hay Kongmeng -","last_name":"\u17a0\u17c3 \u1782\u1784\u17cb\u1798\u17c9\u17c1\u1784","username":"KongMeng_Hay","type":"private"},"date":1770285658,"photo":[{"file_id":"AgACAgUAAxkBAAPLaYRoRt7LrwlScNu3H9udfv9uNj8AAskNaxtRBClUSil2iMzZbiwBAAMCAANzAAM4BA","file_unique_id":"AQADyQ1rG1EEKVR4","file_size":943,"width":90,"height":47},{"file_id":"AgACAgUAAxkBAAPLaYRoRt7LrwlScNu3H9udfv9uNj8AAskNaxtRBClUSil2iMzZbiwBAAMCAANtAAM4BA","file_unique_id":"AQADyQ1rG1EEKVRy","file_size":11591,"width":320,"height":167},{"file_id":"AgACAgUAAxkBAAPLaYRoRt7LrwlScNu3H9udfv9uNj8AAskNaxtRBClUSil2iMzZbiwBAAMCAAN4AAM4BA","file_unique_id":"AQADyQ1rG1EEKVR9","file_size":22536,"width":563,"height":293}]}}
---
[2026-02-05 10:01:15] Company: 1
Input: {"update_id":86303841,
"message":{"message_id":226,"from":{"id":768732984,"is_bot":false,"first_name":"Hay Kongmeng -","last_name":"\u17a0\u17c3 \u1782\u1784\u17cb\u1798\u17c9\u17c1\u1784","username":"KongMeng_Hay","language_code":"en"},"chat":{"id":768732984,"first_name":"Hay Kongmeng -","last_name":"\u17a0\u17c3 \u1782\u1784\u17cb\u1798\u17c9\u17c1\u1784","username":"KongMeng_Hay","type":"private"},"date":1770285675,"text":"sdd"}}
---
[2026-02-05 10:02:22] Company: 1
Input: {"update_id":86303842,
"message":{"message_id":228,"from":{"id":768732984,"is_bot":false,"first_name":"Hay Kongmeng -","last_name":"\u17a0\u17c3 \u1782\u1784\u17cb\u1798\u17c9\u17c1\u1784","username":"KongMeng_Hay","language_code":"en"},"chat":{"id":768732984,"first_name":"Hay Kongmeng -","last_name":"\u17a0\u17c3 \u1782\u1784\u17cb\u1798\u17c9\u17c1\u1784","username":"KongMeng_Hay","type":"private"},"date":1770285741,"photo":[{"file_id":"AgACAgUAAxkBAAPkaYRqrXegpnh3thW7k1AHYlbLnSgAAtANaxtRBClUaTmMWyz8ZKABAAMCAANzAAM4BA","file_unique_id":"AQAD0A1rG1EEKVR4","file_size":576,"width":90,"height":55},{"file_id":"AgACAgUAAxkBAAPkaYRqrXegpnh3thW7k1AHYlbLnSgAAtANaxtRBClUaTmMWyz8ZKABAAMCAANtAAM4BA","file_unique_id":"AQAD0A1rG1EEKVRy","file_size":6165,"width":320,"height":197},{"file_id":"AgACAgUAAxkBAAPkaYRqrXegpnh3thW7k1AHYlbLnSgAAtANaxtRBClUaTmMWyz8ZKABAAMCAAN4AAM4BA","file_unique_id":"AQAD0A1rG1EEKVR9","file_size":24251,"width":800,"height":492},{"file_id":"AgACAgUAAxkBAAPkaYRqrXegpnh3thW7k1AHYlbLnSgAAtANaxtRBClUaTmMWyz8ZKABAAMCAAN5AAM4BA","file_unique_id":"AQAD0A1rG1EEKVR-","file_size":40150,"width":1280,"height":788}]}}
---
[2026-02-05 10:02:27] Company: 1
Input: {"update_id":86303843,
"message":{"message_id":230,"from":{"id":768732984,"is_bot":false,"first_name":"Hay Kongmeng -","last_name":"\u17a0\u17c3 \u1782\u1784\u17cb\u1798\u17c9\u17c1\u1784","username":"KongMeng_Hay","language_code":"en"},"chat":{"id":768732984,"first_name":"Hay Kongmeng -","last_name":"\u17a0\u17c3 \u1782\u1784\u17cb\u1798\u17c9\u17c1\u1784","username":"KongMeng_Hay","type":"private"},"date":1770285746,"text":"/mytickets","entities":[{"offset":0,"length":10,"type":"bot_command"}]}}
---
[2026-02-05 10:02:31] Company: 1
Input: {"update_id":86303844,
"callback_query":{"id":"3301683028221921161","from":{"id":768732984,"is_bot":false,"first_name":"Hay Kongmeng -","last_name":"\u17a0\u17c3 \u1782\u1784\u17cb\u1798\u17c9\u17c1\u1784","username":"KongMeng_Hay","language_code":"en"},"message":{"message_id":231,"from":{"id":8511296428,"is_bot":true,"first_name":"Provida Support","username":"provida_support_bot"},"chat":{"id":768732984,"first_name":"Hay Kongmeng -","last_name":"\u17a0\u17c3 \u1782\u1784\u17cb\u1798\u17c9\u17c1\u1784","username":"KongMeng_Hay","type":"private"},"date":1770285747,"text":"Your Tickets\n\n#TKT-000006 - Open\ntests\n\n#TKT-000005 - Open\not dg dae\n\n#TKT-000004 - Open\nError vps","entities":[{"offset":0,"length":12,"type":"bold"},{"offset":14,"length":4,"type":"hashtag"},{"offset":40,"length":4,"type":"hashtag"},{"offset":70,"length":4,"type":"hashtag"}],"reply_markup":{"inline_keyboard":[[{"text":"#TKT-000006 - Open","callback_data":"view_ticket:6"}],[{"text":"#TKT-000005 - Open","callback_data":"view_ticket:5"}],[{"text":"#TKT-000004 - Open","callback_data":"view_ticket:4"}]]}},"chat_instance":"8104401338582714748","data":"view_ticket:4"}}
---
[2026-02-05 10:05:23] Company: 1
Input: {"update_id":86303845,
"callback_query":{"id":"3301683026150237425","from":{"id":768732984,"is_bot":false,"first_name":"Hay Kongmeng -","last_name":"\u17a0\u17c3 \u1782\u1784\u17cb\u1798\u17c9\u17c1\u1784","username":"KongMeng_Hay","language_code":"en"},"message":{"message_id":232,"from":{"id":8511296428,"is_bot":true,"first_name":"Provida Support","username":"provida_support_bot"},"chat":{"id":768732984,"first_name":"Hay Kongmeng -","last_name":"\u17a0\u17c3 \u1782\u1784\u17cb\u1798\u17c9\u17c1\u1784","username":"KongMeng_Hay","type":"private"},"date":1770285752,"text":"Ticket #TKT-000004\n\nSubject: Error vps\nStatus: Open\nPriority: High\nCreated: Feb 5, 2026 11:42 AM\n\nDescription:\ni can't login ssh\n\nLatest Reply (You):\nsdd","entities":[{"offset":0,"length":7,"type":"bold"},{"offset":7,"length":4,"type":"hashtag"},{"offset":7,"length":4,"type":"bold"},{"offset":11,"length":7,"type":"bold"},{"offset":20,"length":8,"type":"bold"},{"offset":39,"length":7,"type":"bold"},{"offset":52,"length":9,"type":"bold"},{"offset":67,"length":8,"type":"bold"},{"offset":98,"length":12,"type":"bold"},{"offset":130,"length":19,"type":"bold"}],"reply_markup":{"inline_keyboard":[[{"text":"Reply","callback_data":"reply_ticket:4"}]]}},"chat_instance":"8104401338582714748","data":"reply_ticket:4"}}
---
[2026-02-05 10:05:28] Company: 1
Input: {"update_id":86303846,
"message":{"message_id":234,"from":{"id":768732984,"is_bot":false,"first_name":"Hay Kongmeng -","last_name":"\u17a0\u17c3 \u1782\u1784\u17cb\u1798\u17c9\u17c1\u1784","username":"KongMeng_Hay","language_code":"en"},"chat":{"id":768732984,"first_name":"Hay Kongmeng -","last_name":"\u17a0\u17c3 \u1782\u1784\u17cb\u1798\u17c9\u17c1\u1784","username":"KongMeng_Hay","type":"private"},"date":1770285928,"photo":[{"file_id":"AgACAgUAAxkBAAPkaYRqrXegpnh3thW7k1AHYlbLnSgAAtANaxtRBClUaTmMWyz8ZKABAAMCAANzAAM4BA","file_unique_id":"AQAD0A1rG1EEKVR4","file_size":576,"width":90,"height":55},{"file_id":"AgACAgUAAxkBAAPkaYRqrXegpnh3thW7k1AHYlbLnSgAAtANaxtRBClUaTmMWyz8ZKABAAMCAANtAAM4BA","file_unique_id":"AQAD0A1rG1EEKVRy","file_size":6165,"width":320,"height":197},{"file_id":"AgACAgUAAxkBAAPkaYRqrXegpnh3thW7k1AHYlbLnSgAAtANaxtRBClUaTmMWyz8ZKABAAMCAAN4AAM4BA","file_unique_id":"AQAD0A1rG1EEKVR9","file_size":24251,"width":800,"height":492},{"file_id":"AgACAgUAAxkBAAPkaYRqrXegpnh3thW7k1AHYlbLnSgAAtANaxtRBClUaTmMWyz8ZKABAAMCAAN5AAM4BA","file_unique_id":"AQAD0A1rG1EEKVR-","file_size":40150,"width":1280,"height":788}]}}
---
[2026-02-05 10:10:31] Company: 1
Input: {"update_id":86303847,
"message":{"message_id":235,"from":{"id":768732984,"is_bot":false,"first_name":"Hay Kongmeng -","last_name":"\u17a0\u17c3 \u1782\u1784\u17cb\u1798\u17c9\u17c1\u1784","username":"KongMeng_Hay","language_code":"en"},"chat":{"id":768732984,"first_name":"Hay Kongmeng -","last_name":"\u17a0\u17c3 \u1782\u1784\u17cb\u1798\u17c9\u17c1\u1784","username":"KongMeng_Hay","type":"private"},"date":1770286230,"text":"/mytickets","entities":[{"offset":0,"length":10,"type":"bot_command"}]}}
---
[2026-02-05 10:10:33] Company: 1
Input: {"update_id":86303848,
"callback_query":{"id":"3301683027348398263","from":{"id":768732984,"is_bot":false,"first_name":"Hay Kongmeng -","last_name":"\u17a0\u17c3 \u1782\u1784\u17cb\u1798\u17c9\u17c1\u1784","username":"KongMeng_Hay","language_code":"en"},"message":{"message_id":236,"from":{"id":8511296428,"is_bot":true,"first_name":"Provida Support","username":"provida_support_bot"},"chat":{"id":768732984,"first_name":"Hay Kongmeng -","last_name":"\u17a0\u17c3 \u1782\u1784\u17cb\u1798\u17c9\u17c1\u1784","username":"KongMeng_Hay","type":"private"},"date":1770286232,"text":"Your Tickets\n\n#TKT-000006 - Open\ntests\n\n#TKT-000005 - Open\not dg dae\n\n#TKT-000004 - Open\nError vps","entities":[{"offset":0,"length":12,"type":"bold"},{"offset":14,"length":4,"type":"hashtag"},{"offset":40,"length":4,"type":"hashtag"},{"offset":70,"length":4,"type":"hashtag"}],"reply_markup":{"inline_keyboard":[[{"text":"#TKT-000006 - Open","callback_data":"view_ticket:6"}],[{"text":"#TKT-000005 - Open","callback_data":"view_ticket:5"}],[{"text":"#TKT-000004 - Open","callback_data":"view_ticket:4"}]]}},"chat_instance":"8104401338582714748","data":"view_ticket:4"}}
---
[2026-02-05 10:10:36] Company: 1
Input: {"update_id":86303849,
"callback_query":{"id":"3301683027909667447","from":{"id":768732984,"is_bot":false,"first_name":"Hay Kongmeng -","last_name":"\u17a0\u17c3 \u1782\u1784\u17cb\u1798\u17c9\u17c1\u1784","username":"KongMeng_Hay","language_code":"en"},"message":{"message_id":237,"from":{"id":8511296428,"is_bot":true,"first_name":"Provida Support","username":"provida_support_bot"},"chat":{"id":768732984,"first_name":"Hay Kongmeng -","last_name":"\u17a0\u17c3 \u1782\u1784\u17cb\u1798\u17c9\u17c1\u1784","username":"KongMeng_Hay","type":"private"},"date":1770286235,"text":"Ticket #TKT-000004\n\nSubject: Error vps\nStatus: Open\nPriority: High\nCreated: Feb 5, 2026 11:42 AM\n\nDescription:\ni can't login ssh\n\nLatest Reply (You):\nsdd","entities":[{"offset":0,"length":7,"type":"bold"},{"offset":7,"length":4,"type":"hashtag"},{"offset":7,"length":4,"type":"bold"},{"offset":11,"length":7,"type":"bold"},{"offset":20,"length":8,"type":"bold"},{"offset":39,"length":7,"type":"bold"},{"offset":52,"length":9,"type":"bold"},{"offset":67,"length":8,"type":"bold"},{"offset":98,"length":12,"type":"bold"},{"offset":130,"length":19,"type":"bold"}],"reply_markup":{"inline_keyboard":[[{"text":"Reply","callback_data":"reply_ticket:4"}]]}},"chat_instance":"8104401338582714748","data":"reply_ticket:4"}}
---
[2026-02-05 10:10:42] Company: 1
Input: {"update_id":86303850,
"message":{"message_id":239,"from":{"id":768732984,"is_bot":false,"first_name":"Hay Kongmeng -","last_name":"\u17a0\u17c3 \u1782\u1784\u17cb\u1798\u17c9\u17c1\u1784","username":"KongMeng_Hay","language_code":"en"},"chat":{"id":768732984,"first_name":"Hay Kongmeng -","last_name":"\u17a0\u17c3 \u1782\u1784\u17cb\u1798\u17c9\u17c1\u1784","username":"KongMeng_Hay","type":"private"},"date":1770286242,"photo":[{"file_id":"AgACAgUAAxkBAAPkaYRqrXegpnh3thW7k1AHYlbLnSgAAtANaxtRBClUaTmMWyz8ZKABAAMCAANzAAM4BA","file_unique_id":"AQAD0A1rG1EEKVR4","file_size":576,"width":90,"height":55},{"file_id":"AgACAgUAAxkBAAPkaYRqrXegpnh3thW7k1AHYlbLnSgAAtANaxtRBClUaTmMWyz8ZKABAAMCAANtAAM4BA","file_unique_id":"AQAD0A1rG1EEKVRy","file_size":6165,"width":320,"height":197},{"file_id":"AgACAgUAAxkBAAPkaYRqrXegpnh3thW7k1AHYlbLnSgAAtANaxtRBClUaTmMWyz8ZKABAAMCAAN4AAM4BA","file_unique_id":"AQAD0A1rG1EEKVR9","file_size":24251,"width":800,"height":492},{"file_id":"AgACAgUAAxkBAAPkaYRqrXegpnh3thW7k1AHYlbLnSgAAtANaxtRBClUaTmMWyz8ZKABAAMCAAN5AAM4BA","file_unique_id":"AQAD0A1rG1EEKVR-","file_size":40150,"width":1280,"height":788}]}}
---
[2026-02-05 10:12:46] Company: 1
Input: {"update_id":86303851,
"message":{"message_id":241,"from":{"id":768732984,"is_bot":false,"first_name":"Hay Kongmeng -","last_name":"\u17a0\u17c3 \u1782\u1784\u17cb\u1798\u17c9\u17c1\u1784","username":"KongMeng_Hay","language_code":"en"},"chat":{"id":768732984,"first_name":"Hay Kongmeng -","last_name":"\u17a0\u17c3 \u1782\u1784\u17cb\u1798\u17c9\u17c1\u1784","username":"KongMeng_Hay","type":"private"},"date":1770286366,"text":"/mytickets","entities":[{"offset":0,"length":10,"type":"bot_command"}]}}
---
[2026-02-05 10:12:48] Company: 1
Input: {"update_id":86303852,
"callback_query":{"id":"3301683026374499848","from":{"id":768732984,"is_bot":false,"first_name":"Hay Kongmeng -","last_name":"\u17a0\u17c3 \u1782\u1784\u17cb\u1798\u17c9\u17c1\u1784","username":"KongMeng_Hay","language_code":"en"},"message":{"message_id":242,"from":{"id":8511296428,"is_bot":true,"first_name":"Provida Support","username":"provida_support_bot"},"chat":{"id":768732984,"first_name":"Hay Kongmeng -","last_name":"\u17a0\u17c3 \u1782\u1784\u17cb\u1798\u17c9\u17c1\u1784","username":"KongMeng_Hay","type":"private"},"date":1770286367,"text":"Your Tickets\n\n#TKT-000006 - Open\ntests\n\n#TKT-000005 - Open\not dg dae\n\n#TKT-000004 - Open\nError vps","entities":[{"offset":0,"length":12,"type":"bold"},{"offset":14,"length":4,"type":"hashtag"},{"offset":40,"length":4,"type":"hashtag"},{"offset":70,"length":4,"type":"hashtag"}],"reply_markup":{"inline_keyboard":[[{"text":"#TKT-000006 - Open","callback_data":"view_ticket:6"}],[{"text":"#TKT-000005 - Open","callback_data":"view_ticket:5"}],[{"text":"#TKT-000004 - Open","callback_data":"view_ticket:4"}]]}},"chat_instance":"8104401338582714748","data":"view_ticket:4"}}
---
[2026-02-05 10:12:51] Company: 1
Input: {"update_id":86303853,
"callback_query":{"id":"3301683029651728084","from":{"id":768732984,"is_bot":false,"first_name":"Hay Kongmeng -","last_name":"\u17a0\u17c3 \u1782\u1784\u17cb\u1798\u17c9\u17c1\u1784","username":"KongMeng_Hay","language_code":"en"},"message":{"message_id":243,"from":{"id":8511296428,"is_bot":true,"first_name":"Provida Support","username":"provida_support_bot"},"chat":{"id":768732984,"first_name":"Hay Kongmeng -","last_name":"\u17a0\u17c3 \u1782\u1784\u17cb\u1798\u17c9\u17c1\u1784","username":"KongMeng_Hay","type":"private"},"date":1770286370,"text":"Ticket #TKT-000004\n\nSubject: Error vps\nStatus: Open\nPriority: High\nCreated: Feb 5, 2026 11:42 AM\n\nDescription:\ni can't login ssh\n\nLatest Reply (You):\nsdd","entities":[{"offset":0,"length":7,"type":"bold"},{"offset":7,"length":4,"type":"hashtag"},{"offset":7,"length":4,"type":"bold"},{"offset":11,"length":7,"type":"bold"},{"offset":20,"length":8,"type":"bold"},{"offset":39,"length":7,"type":"bold"},{"offset":52,"length":9,"type":"bold"},{"offset":67,"length":8,"type":"bold"},{"offset":98,"length":12,"type":"bold"},{"offset":130,"length":19,"type":"bold"}],"reply_markup":{"inline_keyboard":[[{"text":"Reply","callback_data":"reply_ticket:4"}]]}},"chat_instance":"8104401338582714748","data":"reply_ticket:4"}}
---
[2026-02-05 10:12:57] Company: 1
Input: {"update_id":86303854,
"message":{"message_id":245,"from":{"id":768732984,"is_bot":false,"first_name":"Hay Kongmeng -","last_name":"\u17a0\u17c3 \u1782\u1784\u17cb\u1798\u17c9\u17c1\u1784","username":"KongMeng_Hay","language_code":"en"},"chat":{"id":768732984,"first_name":"Hay Kongmeng -","last_name":"\u17a0\u17c3 \u1782\u1784\u17cb\u1798\u17c9\u17c1\u1784","username":"KongMeng_Hay","type":"private"},"date":1770286377,"photo":[{"file_id":"AgACAgUAAxkBAAPkaYRqrXegpnh3thW7k1AHYlbLnSgAAtANaxtRBClUaTmMWyz8ZKABAAMCAANzAAM4BA","file_unique_id":"AQAD0A1rG1EEKVR4","file_size":576,"width":90,"height":55},{"file_id":"AgACAgUAAxkBAAPkaYRqrXegpnh3thW7k1AHYlbLnSgAAtANaxtRBClUaTmMWyz8ZKABAAMCAANtAAM4BA","file_unique_id":"AQAD0A1rG1EEKVRy","file_size":6165,"width":320,"height":197},{"file_id":"AgACAgUAAxkBAAPkaYRqrXegpnh3thW7k1AHYlbLnSgAAtANaxtRBClUaTmMWyz8ZKABAAMCAAN4AAM4BA","file_unique_id":"AQAD0A1rG1EEKVR9","file_size":24251,"width":800,"height":492},{"file_id":"AgACAgUAAxkBAAPkaYRqrXegpnh3thW7k1AHYlbLnSgAAtANaxtRBClUaTmMWyz8ZKABAAMCAAN5AAM4BA","file_unique_id":"AQAD0A1rG1EEKVR-","file_size":40150,"width":1280,"height":788}]}}
---
[2026-02-05 10:14:08] Company: 1
Input: {"update_id":86303855,
"message":{"message_id":248,"from":{"id":768732984,"is_bot":false,"first_name":"Hay Kongmeng -","last_name":"\u17a0\u17c3 \u1782\u1784\u17cb\u1798\u17c9\u17c1\u1784","username":"KongMeng_Hay","language_code":"en"},"chat":{"id":768732984,"first_name":"Hay Kongmeng -","last_name":"\u17a0\u17c3 \u1782\u1784\u17cb\u1798\u17c9\u17c1\u1784","username":"KongMeng_Hay","type":"private"},"date":1770286448,"video":{"duration":16,"width":704,"height":1280,"file_name":"19700121_1827_6974a16d4d5c8191b14f754e91ec8be4.mp4","mime_type":"video/mp4","thumbnail":{"file_id":"AAMCBQADGQEAA_hphG1vgxJdCB_9oiUc1KexoFLPjwACDCYAAlEEKVTd-iVt4MjEaAEAB20AAzgE","file_unique_id":"AQADDCYAAlEEKVRy","file_size":11170,"width":176,"height":320},"thumb":{"file_id":"AAMCBQADGQEAA_hphG1vgxJdCB_9oiUc1KexoFLPjwACDCYAAlEEKVTd-iVt4MjEaAEAB20AAzgE","file_unique_id":"AQADDCYAAlEEKVRy","file_size":11170,"width":176,"height":320},"file_id":"BAACAgUAAxkBAAP4aYRtb4MSXQgf_aIlHNSnsaBSz48AAgwmAAJRBClU3folbeDIxGg4BA","file_unique_id":"AgADDCYAAlEEKVQ","file_size":13429214}}}
---
[2026-02-05 10:16:48] Company: 1
Input: {"update_id":86303856,
"message":{"message_id":250,"from":{"id":768732984,"is_bot":false,"first_name":"Hay Kongmeng -","last_name":"\u17a0\u17c3 \u1782\u1784\u17cb\u1798\u17c9\u17c1\u1784","username":"KongMeng_Hay","language_code":"en"},"chat":{"id":768732984,"first_name":"Hay Kongmeng -","last_name":"\u17a0\u17c3 \u1782\u1784\u17cb\u1798\u17c9\u17c1\u1784","username":"KongMeng_Hay","type":"private"},"date":1770286607,"text":"/mytickets","entities":[{"offset":0,"length":10,"type":"bot_command"}]}}
---
[2026-02-05 10:16:50] Company: 1
Input: {"update_id":86303857,
"callback_query":{"id":"3301683028715573838","from":{"id":768732984,"is_bot":false,"first_name":"Hay Kongmeng -","last_name":"\u17a0\u17c3 \u1782\u1784\u17cb\u1798\u17c9\u17c1\u1784","username":"KongMeng_Hay","language_code":"en"},"message":{"message_id":251,"from":{"id":8511296428,"is_bot":true,"first_name":"Provida Support","username":"provida_support_bot"},"chat":{"id":768732984,"first_name":"Hay Kongmeng -","last_name":"\u17a0\u17c3 \u1782\u1784\u17cb\u1798\u17c9\u17c1\u1784","username":"KongMeng_Hay","type":"private"},"date":1770286608,"text":"Your Tickets\n\n#TKT-000006 - Open\ntests\n\n#TKT-000005 - Open\not dg dae\n\n#TKT-000004 - Open\nError vps","entities":[{"offset":0,"length":12,"type":"bold"},{"offset":14,"length":4,"type":"hashtag"},{"offset":40,"length":4,"type":"hashtag"},{"offset":70,"length":4,"type":"hashtag"}],"reply_markup":{"inline_keyboard":[[{"text":"#TKT-000006 - Open","callback_data":"view_ticket:6"}],[{"text":"#TKT-000005 - Open","callback_data":"view_ticket:5"}],[{"text":"#TKT-000004 - Open","callback_data":"view_ticket:4"}]]}},"chat_instance":"8104401338582714748","data":"view_ticket:4"}}
---
[2026-02-05 10:16:53] Company: 1
Input: {"update_id":86303858,
"callback_query":{"id":"3301683028700666567","from":{"id":768732984,"is_bot":false,"first_name":"Hay Kongmeng -","last_name":"\u17a0\u17c3 \u1782\u1784\u17cb\u1798\u17c9\u17c1\u1784","username":"KongMeng_Hay","language_code":"en"},"message":{"message_id":252,"from":{"id":8511296428,"is_bot":true,"first_name":"Provida Support","username":"provida_support_bot"},"chat":{"id":768732984,"first_name":"Hay Kongmeng -","last_name":"\u17a0\u17c3 \u1782\u1784\u17cb\u1798\u17c9\u17c1\u1784","username":"KongMeng_Hay","type":"private"},"date":1770286612,"text":"Ticket #TKT-000004\n\nSubject: Error vps\nStatus: Open\nPriority: High\nCreated: Feb 5, 2026 11:42 AM\n\nDescription:\ni can't login ssh\n\nLatest Reply (Support):\nfsaf","entities":[{"offset":0,"length":7,"type":"bold"},{"offset":7,"length":4,"type":"hashtag"},{"offset":7,"length":4,"type":"bold"},{"offset":11,"length":7,"type":"bold"},{"offset":20,"length":8,"type":"bold"},{"offset":39,"length":7,"type":"bold"},{"offset":52,"length":9,"type":"bold"},{"offset":67,"length":8,"type":"bold"},{"offset":98,"length":12,"type":"bold"},{"offset":130,"length":23,"type":"bold"}],"reply_markup":{"inline_keyboard":[[{"text":"Reply","callback_data":"reply_ticket:4"}]]}},"chat_instance":"8104401338582714748","data":"reply_ticket:4"}}
---
[2026-02-05 10:17:06] Company: 1
Input: {"update_id":86303859,
"message":{"message_id":254,"from":{"id":768732984,"is_bot":false,"first_name":"Hay Kongmeng -","last_name":"\u17a0\u17c3 \u1782\u1784\u17cb\u1798\u17c9\u17c1\u1784","username":"KongMeng_Hay","language_code":"en"},"chat":{"id":768732984,"first_name":"Hay Kongmeng -","last_name":"\u17a0\u17c3 \u1782\u1784\u17cb\u1798\u17c9\u17c1\u1784","username":"KongMeng_Hay","type":"private"},"date":1770286626,"photo":[{"file_id":"AgACAgUAAxkBAAPkaYRqrXegpnh3thW7k1AHYlbLnSgAAtANaxtRBClUaTmMWyz8ZKABAAMCAANzAAM4BA","file_unique_id":"AQAD0A1rG1EEKVR4","file_size":576,"width":90,"height":55},{"file_id":"AgACAgUAAxkBAAPkaYRqrXegpnh3thW7k1AHYlbLnSgAAtANaxtRBClUaTmMWyz8ZKABAAMCAANtAAM4BA","file_unique_id":"AQAD0A1rG1EEKVRy","file_size":6165,"width":320,"height":197},{"file_id":"AgACAgUAAxkBAAPkaYRqrXegpnh3thW7k1AHYlbLnSgAAtANaxtRBClUaTmMWyz8ZKABAAMCAAN4AAM4BA","file_unique_id":"AQAD0A1rG1EEKVR9","file_size":24251,"width":800,"height":492},{"file_id":"AgACAgUAAxkBAAPkaYRqrXegpnh3thW7k1AHYlbLnSgAAtANaxtRBClUaTmMWyz8ZKABAAMCAAN5AAM4BA","file_unique_id":"AQAD0A1rG1EEKVR-","file_size":40150,"width":1280,"height":788}]}}
---
[2026-02-06 06:24:02] Company: 1
Input: {"update_id":86303866,
"message":{"message_id":267,"from":{"id":768732984,"is_bot":false,"first_name":"Hay Kongmeng -","last_name":"\u17a0\u17c3 \u1782\u1784\u17cb\u1798\u17c9\u17c1\u1784","username":"KongMeng_Hay","language_code":"en"},"chat":{"id":768732984,"first_name":"Hay Kongmeng -","last_name":"\u17a0\u17c3 \u1782\u1784\u17cb\u1798\u17c9\u17c1\u1784","username":"KongMeng_Hay","type":"private"},"date":1770358792,"text":"/start","entities":[{"offset":0,"length":6,"type":"bot_command"}]}}
---
[2026-02-06 06:24:03] Company: 1
Input: {"update_id":86303867,
"message":{"message_id":268,"from":{"id":768732984,"is_bot":false,"first_name":"Hay Kongmeng -","last_name":"\u17a0\u17c3 \u1782\u1784\u17cb\u1798\u17c9\u17c1\u1784","username":"KongMeng_Hay","language_code":"en"},"chat":{"id":768732984,"first_name":"Hay Kongmeng -","last_name":"\u17a0\u17c3 \u1782\u1784\u17cb\u1798\u17c9\u17c1\u1784","username":"KongMeng_Hay","type":"private"},"date":1770358852,"text":"/start","entities":[{"offset":0,"length":6,"type":"bot_command"}]}}
---
[2026-02-06 06:24:05] Company: 1
Input: {"update_id":86303868,
"message":{"message_id":269,"from":{"id":768732984,"is_bot":false,"first_name":"Hay Kongmeng -","last_name":"\u17a0\u17c3 \u1782\u1784\u17cb\u1798\u17c9\u17c1\u1784","username":"KongMeng_Hay","language_code":"en"},"chat":{"id":768732984,"first_name":"Hay Kongmeng -","last_name":"\u17a0\u17c3 \u1782\u1784\u17cb\u1798\u17c9\u17c1\u1784","username":"KongMeng_Hay","type":"private"},"date":1770358883,"text":"/start","entities":[{"offset":0,"length":6,"type":"bot_command"}]}}
---
[2026-02-06 06:24:06] Company: 1
Input: {"update_id":86303869,
"message":{"message_id":270,"from":{"id":768732984,"is_bot":false,"first_name":"Hay Kongmeng -","last_name":"\u17a0\u17c3 \u1782\u1784\u17cb\u1798\u17c9\u17c1\u1784","username":"KongMeng_Hay","language_code":"en"},"chat":{"id":768732984,"first_name":"Hay Kongmeng -","last_name":"\u17a0\u17c3 \u1782\u1784\u17cb\u1798\u17c9\u17c1\u1784","username":"KongMeng_Hay","type":"private"},"date":1770359022,"text":"/start","entities":[{"offset":0,"length":6,"type":"bot_command"}]}}
---
[2026-02-06 06:24:45] Company: 1
Input: {"update_id":86303870,
"message":{"message_id":275,"from":{"id":768732984,"is_bot":false,"first_name":"Hay Kongmeng -","last_name":"\u17a0\u17c3 \u1782\u1784\u17cb\u1798\u17c9\u17c1\u1784","username":"KongMeng_Hay","language_code":"en"},"chat":{"id":768732984,"first_name":"Hay Kongmeng -","last_name":"\u17a0\u17c3 \u1782\u1784\u17cb\u1798\u17c9\u17c1\u1784","username":"KongMeng_Hay","type":"private"},"date":1770359085,"text":"/help","entities":[{"offset":0,"length":5,"type":"bot_command"}]}}
---
[2026-02-06 06:26:37] Company: 1
Input: {"update_id":86303871,
"message":{"message_id":277,"from":{"id":768732984,"is_bot":false,"first_name":"Hay Kongmeng -","last_name":"\u17a0\u17c3 \u1782\u1784\u17cb\u1798\u17c9\u17c1\u1784","username":"KongMeng_Hay","language_code":"en"},"chat":{"id":768732984,"first_name":"Hay Kongmeng -","last_name":"\u17a0\u17c3 \u1782\u1784\u17cb\u1798\u17c9\u17c1\u1784","username":"KongMeng_Hay","type":"private"},"date":1770359196,"text":"/start","entities":[{"offset":0,"length":6,"type":"bot_command"}]}}
---
[2026-02-06 06:30:13] Company: 1
Input: {"update_id":86303872,
"message":{"message_id":279,"from":{"id":768732984,"is_bot":false,"first_name":"Hay Kongmeng -","last_name":"\u17a0\u17c3 \u1782\u1784\u17cb\u1798\u17c9\u17c1\u1784","username":"KongMeng_Hay","language_code":"en"},"chat":{"id":768732984,"first_name":"Hay Kongmeng -","last_name":"\u17a0\u17c3 \u1782\u1784\u17cb\u1798\u17c9\u17c1\u1784","username":"KongMeng_Hay","type":"private"},"date":1770359412,"text":"/mytickets","entities":[{"offset":0,"length":10,"type":"bot_command"}]}}
---
[2026-02-06 06:30:15] Company: 1
Input: {"update_id":86303873,
"callback_query":{"id":"3301683026996561273","from":{"id":768732984,"is_bot":false,"first_name":"Hay Kongmeng -","last_name":"\u17a0\u17c3 \u1782\u1784\u17cb\u1798\u17c9\u17c1\u1784","username":"KongMeng_Hay","language_code":"en"},"message":{"message_id":280,"from":{"id":8511296428,"is_bot":true,"first_name":"Provida Support","username":"provida_support_bot"},"chat":{"id":768732984,"first_name":"Hay Kongmeng -","last_name":"\u17a0\u17c3 \u1782\u1784\u17cb\u1798\u17c9\u17c1\u1784","username":"KongMeng_Hay","type":"private"},"date":1770359414,"text":"Your Tickets\n\n#TKT-000006 - Open\ntests\n\n#TKT-000005 - Open\not dg dae\n\n#TKT-000004 - Open\nError vps","entities":[{"offset":0,"length":12,"type":"bold"},{"offset":14,"length":4,"type":"hashtag"},{"offset":40,"length":4,"type":"hashtag"},{"offset":70,"length":4,"type":"hashtag"}],"reply_markup":{"inline_keyboard":[[{"text":"#TKT-000006 - Open","callback_data":"view_ticket:6"}],[{"text":"#TKT-000005 - Open","callback_data":"view_ticket:5"}],[{"text":"#TKT-000004 - Open","callback_data":"view_ticket:4"}]]}},"chat_instance":"8104401338582714748","data":"view_ticket:4"}}
---
[2026-02-06 06:30:18] Company: 1
Input: {"update_id":86303874,
"callback_query":{"id":"3301683026522965924","from":{"id":768732984,"is_bot":false,"first_name":"Hay Kongmeng -","last_name":"\u17a0\u17c3 \u1782\u1784\u17cb\u1798\u17c9\u17c1\u1784","username":"KongMeng_Hay","language_code":"en"},"message":{"message_id":281,"from":{"id":8511296428,"is_bot":true,"first_name":"Provida Support","username":"provida_support_bot"},"chat":{"id":768732984,"first_name":"Hay Kongmeng -","last_name":"\u17a0\u17c3 \u1782\u1784\u17cb\u1798\u17c9\u17c1\u1784","username":"KongMeng_Hay","type":"private"},"date":1770359416,"text":"Ticket #TKT-000004\n\nSubject: Error vps\nStatus: Open\nPriority: High\nCreated: Feb 5, 2026 11:42 AM\n\nDescription:\ni can't login ssh\n\nLatest Reply (You):\n[\u179a\u17bc\u1794\u1797\u17b6\u1796\u1797\u17d2\u1787\u17b6\u1794\u17cb]","entities":[{"offset":0,"length":7,"type":"bold"},{"offset":7,"length":4,"type":"hashtag"},{"offset":7,"length":4,"type":"bold"},{"offset":11,"length":7,"type":"bold"},{"offset":20,"length":8,"type":"bold"},{"offset":39,"length":7,"type":"bold"},{"offset":52,"length":9,"type":"bold"},{"offset":67,"length":8,"type":"bold"},{"offset":98,"length":12,"type":"bold"},{"offset":130,"length":19,"type":"bold"}],"reply_markup":{"inline_keyboard":[[{"text":"Reply","callback_data":"reply_ticket:4"}]]}},"chat_instance":"8104401338582714748","data":"reply_ticket:4"}}
---
[2026-02-06 06:30:26] Company: 1
Input: {"update_id":86303875,
"message":{"message_id":283,"from":{"id":768732984,"is_bot":false,"first_name":"Hay Kongmeng -","last_name":"\u17a0\u17c3 \u1782\u1784\u17cb\u1798\u17c9\u17c1\u1784","username":"KongMeng_Hay","language_code":"en"},"chat":{"id":768732984,"first_name":"Hay Kongmeng -","last_name":"\u17a0\u17c3 \u1782\u1784\u17cb\u1798\u17c9\u17c1\u1784","username":"KongMeng_Hay","type":"private"},"date":1770359425,"photo":[{"file_id":"AgACAgUAAxkBAAIBG2mFioHs-HW6O4zVLPqQawlmPqkOAAKHDmsbUQQxVKhqMl73c70ZAQADAgADcwADOAQ","file_unique_id":"AQADhw5rG1EEMVR4","file_size":576,"width":90,"height":55},{"file_id":"AgACAgUAAxkBAAIBG2mFioHs-HW6O4zVLPqQawlmPqkOAAKHDmsbUQQxVKhqMl73c70ZAQADAgADbQADOAQ","file_unique_id":"AQADhw5rG1EEMVRy","file_size":6165,"width":320,"height":197},{"file_id":"AgACAgUAAxkBAAIBG2mFioHs-HW6O4zVLPqQawlmPqkOAAKHDmsbUQQxVKhqMl73c70ZAQADAgADeAADOAQ","file_unique_id":"AQADhw5rG1EEMVR9","file_size":24251,"width":800,"height":492},{"file_id":"AgACAgUAAxkBAAIBG2mFioHs-HW6O4zVLPqQawlmPqkOAAKHDmsbUQQxVKhqMl73c70ZAQADAgADeQADOAQ","file_unique_id":"AQADhw5rG1EEMVR-","file_size":40150,"width":1280,"height":788}]}}
---
[2026-02-06 06:36:25] Company: 1
Input: {"update_id":86303876,
"message":{"message_id":285,"from":{"id":768732984,"is_bot":false,"first_name":"Hay Kongmeng -","last_name":"\u17a0\u17c3 \u1782\u1784\u17cb\u1798\u17c9\u17c1\u1784","username":"KongMeng_Hay","language_code":"en"},"chat":{"id":768732984,"first_name":"Hay Kongmeng -","last_name":"\u17a0\u17c3 \u1782\u1784\u17cb\u1798\u17c9\u17c1\u1784","username":"KongMeng_Hay","type":"private"},"date":1770359784,"text":"/start","entities":[{"offset":0,"length":6,"type":"bot_command"}]}}
---
[2026-02-06 06:36:54] Company: 1
Input: {"update_id":86303877,
"message":{"message_id":286,"from":{"id":768732984,"is_bot":false,"first_name":"Hay Kongmeng -","last_name":"\u17a0\u17c3 \u1782\u1784\u17cb\u1798\u17c9\u17c1\u1784","username":"KongMeng_Hay","language_code":"en"},"chat":{"id":768732984,"first_name":"Hay Kongmeng -","last_name":"\u17a0\u17c3 \u1782\u1784\u17cb\u1798\u17c9\u17c1\u1784","username":"KongMeng_Hay","type":"private"},"date":1770359814,"text":"/start","entities":[{"offset":0,"length":6,"type":"bot_command"}]}}
---
[2026-02-06 06:38:26] Company: 1
Input: {"update_id":86303878,
"message":{"message_id":287,"from":{"id":768732984,"is_bot":false,"first_name":"Hay Kongmeng -","last_name":"\u17a0\u17c3 \u1782\u1784\u17cb\u1798\u17c9\u17c1\u1784","username":"KongMeng_Hay","language_code":"en"},"chat":{"id":768732984,"first_name":"Hay Kongmeng -","last_name":"\u17a0\u17c3 \u1782\u1784\u17cb\u1798\u17c9\u17c1\u1784","username":"KongMeng_Hay","type":"private"},"date":1770359839,"text":"/start","entities":[{"offset":0,"length":6,"type":"bot_command"}]}}
---
[2026-02-06 06:38:27] Company: 1
Input: {"update_id":86303879,
"message":{"message_id":288,"from":{"id":768732984,"is_bot":false,"first_name":"Hay Kongmeng -","last_name":"\u17a0\u17c3 \u1782\u1784\u17cb\u1798\u17c9\u17c1\u1784","username":"KongMeng_Hay","language_code":"en"},"chat":{"id":768732984,"first_name":"Hay Kongmeng -","last_name":"\u17a0\u17c3 \u1782\u1784\u17cb\u1798\u17c9\u17c1\u1784","username":"KongMeng_Hay","type":"private"},"date":1770359875,"text":"/start","entities":[{"offset":0,"length":6,"type":"bot_command"}]}}
---
[2026-02-06 06:38:27] Company: 1
Input: {"update_id":86303880,
"callback_query":{"id":"3301683027048611860","from":{"id":768732984,"is_bot":false,"first_name":"Hay Kongmeng -","last_name":"\u17a0\u17c3 \u1782\u1784\u17cb\u1798\u17c9\u17c1\u1784","username":"KongMeng_Hay","language_code":"en"},"message":{"message_id":280,"from":{"id":8511296428,"is_bot":true,"first_name":"Provida Support","username":"provida_support_bot"},"chat":{"id":768732984,"first_name":"Hay Kongmeng -","last_name":"\u17a0\u17c3 \u1782\u1784\u17cb\u1798\u17c9\u17c1\u1784","username":"KongMeng_Hay","type":"private"},"date":1770359414,"text":"Your Tickets\n\n#TKT-000006 - Open\ntests\n\n#TKT-000005 - Open\not dg dae\n\n#TKT-000004 - Open\nError vps","entities":[{"offset":0,"length":12,"type":"bold"},{"offset":14,"length":4,"type":"hashtag"},{"offset":40,"length":4,"type":"hashtag"},{"offset":70,"length":4,"type":"hashtag"}],"reply_markup":{"inline_keyboard":[[{"text":"#TKT-000006 - Open","callback_data":"view_ticket:6"}],[{"text":"#TKT-000005 - Open","callback_data":"view_ticket:5"}],[{"text":"#TKT-000004 - Open","callback_data":"view_ticket:4"}]]}},"chat_instance":"8104401338582714748","data":"view_ticket:6"}}
---
[2026-02-06 06:39:34] Company: 1
Input: {"update_id":86303881,
"message":{"message_id":289,"from":{"id":768732984,"is_bot":false,"first_name":"Hay Kongmeng -","last_name":"\u17a0\u17c3 \u1782\u1784\u17cb\u1798\u17c9\u17c1\u1784","username":"KongMeng_Hay","language_code":"en"},"chat":{"id":768732984,"first_name":"Hay Kongmeng -","last_name":"\u17a0\u17c3 \u1782\u1784\u17cb\u1798\u17c9\u17c1\u1784","username":"KongMeng_Hay","type":"private"},"date":1770359973,"text":"/start","entities":[{"offset":0,"length":6,"type":"bot_command"}]}}
---
[2026-02-06 06:40:27] Company: 1
Input: {"update_id":86303882,
"message":{"message_id":290,"from":{"id":768732984,"is_bot":false,"first_name":"Hay Kongmeng -","last_name":"\u17a0\u17c3 \u1782\u1784\u17cb\u1798\u17c9\u17c1\u1784","username":"KongMeng_Hay","language_code":"en"},"chat":{"id":768732984,"first_name":"Hay Kongmeng -","last_name":"\u17a0\u17c3 \u1782\u1784\u17cb\u1798\u17c9\u17c1\u1784","username":"KongMeng_Hay","type":"private"},"date":1770360027,"text":"/start","entities":[{"offset":0,"length":6,"type":"bot_command"}]}}
---
[2026-02-06 06:40:37] Company: 1
Input: {"update_id":86303883,
"message":{"message_id":291,"from":{"id":768732984,"is_bot":false,"first_name":"Hay Kongmeng -","last_name":"\u17a0\u17c3 \u1782\u1784\u17cb\u1798\u17c9\u17c1\u1784","username":"KongMeng_Hay","language_code":"en"},"chat":{"id":768732984,"first_name":"Hay Kongmeng -","last_name":"\u17a0\u17c3 \u1782\u1784\u17cb\u1798\u17c9\u17c1\u1784","username":"KongMeng_Hay","type":"private"},"date":1770360037,"text":"/start","entities":[{"offset":0,"length":6,"type":"bot_command"}]}}
---
[2026-02-06 06:43:03] Company: 1
Input: {"update_id":86303884,
"message":{"message_id":292,"from":{"id":768732984,"is_bot":false,"first_name":"Hay Kongmeng -","last_name":"\u17a0\u17c3 \u1782\u1784\u17cb\u1798\u17c9\u17c1\u1784","username":"KongMeng_Hay","language_code":"en"},"chat":{"id":768732984,"first_name":"Hay Kongmeng -","last_name":"\u17a0\u17c3 \u1782\u1784\u17cb\u1798\u17c9\u17c1\u1784","username":"KongMeng_Hay","type":"private"},"date":1770360183,"text":"/start","entities":[{"offset":0,"length":6,"type":"bot_command"}]}}
---
[2026-02-06 06:43:37] Company: 1
Input: {"update_id":86303885,
"message":{"message_id":294,"from":{"id":768732984,"is_bot":false,"first_name":"Hay Kongmeng -","last_name":"\u17a0\u17c3 \u1782\u1784\u17cb\u1798\u17c9\u17c1\u1784","username":"KongMeng_Hay","language_code":"en"},"chat":{"id":768732984,"first_name":"Hay Kongmeng -","last_name":"\u17a0\u17c3 \u1782\u1784\u17cb\u1798\u17c9\u17c1\u1784","username":"KongMeng_Hay","type":"private"},"date":1770360217,"text":"/start","entities":[{"offset":0,"length":6,"type":"bot_command"}]}}
---
[2026-02-06 07:08:45] Company: 1
Input: {"update_id":86303886,
"message":{"message_id":296,"from":{"id":768732984,"is_bot":false,"first_name":"Hay Kongmeng -","last_name":"\u17a0\u17c3 \u1782\u1784\u17cb\u1798\u17c9\u17c1\u1784","username":"KongMeng_Hay","language_code":"en"},"chat":{"id":768732984,"first_name":"Hay Kongmeng -","last_name":"\u17a0\u17c3 \u1782\u1784\u17cb\u1798\u17c9\u17c1\u1784","username":"KongMeng_Hay","type":"private"},"date":1770361725,"text":"/start","entities":[{"offset":0,"length":6,"type":"bot_command"}]}}
---
[2026-02-06 07:15:00] Company: 1
Input: {"update_id":86303887,
"message":{"message_id":298,"from":{"id":768732984,"is_bot":false,"first_name":"Hay Kongmeng -","last_name":"\u17a0\u17c3 \u1782\u1784\u17cb\u1798\u17c9\u17c1\u1784","username":"KongMeng_Hay","language_code":"en"},"chat":{"id":768732984,"first_name":"Hay Kongmeng -","last_name":"\u17a0\u17c3 \u1782\u1784\u17cb\u1798\u17c9\u17c1\u1784","username":"KongMeng_Hay","type":"private"},"date":1770362099,"text":"/start","entities":[{"offset":0,"length":6,"type":"bot_command"}]}}
---
[2026-02-06 07:46:59] Company: 1
Input: {"update_id":86303888,
"message":{"message_id":302,"from":{"id":768732984,"is_bot":false,"first_name":"Hay Kongmeng -","last_name":"\u17a0\u17c3 \u1782\u1784\u17cb\u1798\u17c9\u17c1\u1784","username":"KongMeng_Hay","language_code":"en"},"chat":{"id":768732984,"first_name":"Hay Kongmeng -","last_name":"\u17a0\u17c3 \u1782\u1784\u17cb\u1798\u17c9\u17c1\u1784","username":"KongMeng_Hay","type":"private"},"date":1770364018,"text":"/start","entities":[{"offset":0,"length":6,"type":"bot_command"}]}}
---
[2026-02-06 07:59:29] Company: 1
Input: {"update_id":86303889,
"message":{"message_id":304,"from":{"id":768732984,"is_bot":false,"first_name":"Hay Kongmeng -","last_name":"\u17a0\u17c3 \u1782\u1784\u17cb\u1798\u17c9\u17c1\u1784","username":"KongMeng_Hay","language_code":"en"},"chat":{"id":768732984,"first_name":"Hay Kongmeng -","last_name":"\u17a0\u17c3 \u1782\u1784\u17cb\u1798\u17c9\u17c1\u1784","username":"KongMeng_Hay","type":"private"},"date":1770364768,"text":"/help","entities":[{"offset":0,"length":5,"type":"bot_command"}]}}
---
[2026-02-06 08:06:15] Company: 1
Input: {"update_id":86303890,
"message":{"message_id":308,"from":{"id":768732984,"is_bot":false,"first_name":"Hay Kongmeng -","last_name":"\u17a0\u17c3 \u1782\u1784\u17cb\u1798\u17c9\u17c1\u1784","username":"KongMeng_Hay","language_code":"en"},"chat":{"id":768732984,"first_name":"Hay Kongmeng -","last_name":"\u17a0\u17c3 \u1782\u1784\u17cb\u1798\u17c9\u17c1\u1784","username":"KongMeng_Hay","type":"private"},"date":1770365175,"text":"/start","entities":[{"offset":0,"length":6,"type":"bot_command"}]}}
---
[2026-02-06 08:19:39] Company: 1
Input: {"update_id":86303891,
"message":{"message_id":310,"from":{"id":656454697,"is_bot":false,"first_name":"ROS","last_name":"Piseth","username":"rpiseth","language_code":"km"},"chat":{"id":656454697,"first_name":"ROS","last_name":"Piseth","username":"rpiseth","type":"private"},"date":1770365978,"text":"/start","entities":[{"offset":0,"length":6,"type":"bot_command"}]}}
---
[2026-02-06 08:19:55] Company: 1
Input: {"update_id":86303892,
"message":{"message_id":312,"from":{"id":656454697,"is_bot":false,"first_name":"ROS","last_name":"Piseth","username":"rpiseth","language_code":"km"},"chat":{"id":656454697,"first_name":"ROS","last_name":"Piseth","username":"rpiseth","type":"private"},"date":1770365995,"text":"/link","entities":[{"offset":0,"length":5,"type":"bot_command"}]}}
---
[2026-02-06 08:20:25] Company: 1
Input: {"update_id":86303893,
"message":{"message_id":314,"from":{"id":656454697,"is_bot":false,"first_name":"ROS","last_name":"Piseth","username":"rpiseth","language_code":"km"},"chat":{"id":656454697,"first_name":"ROS","last_name":"Piseth","username":"rpiseth","type":"private"},"date":1770366024,"text":"Rpiseth@provida.com","entities":[{"offset":0,"length":19,"type":"email"}]}}
---
[2026-02-06 08:20:28] Company: 1
Input: {"update_id":86303894,
"message":{"message_id":316,"from":{"id":656454697,"is_bot":false,"first_name":"ROS","last_name":"Piseth","username":"rpiseth","language_code":"km"},"chat":{"id":656454697,"first_name":"ROS","last_name":"Piseth","username":"rpiseth","type":"private"},"date":1770366028,"text":"/newticket","entities":[{"offset":0,"length":10,"type":"bot_command"}]}}
---
[2026-02-06 08:20:32] Company: 1
Input: {"update_id":86303895,
"message":{"message_id":318,"from":{"id":656454697,"is_bot":false,"first_name":"ROS","last_name":"Piseth","username":"rpiseth","language_code":"km"},"chat":{"id":656454697,"first_name":"ROS","last_name":"Piseth","username":"rpiseth","type":"private"},"date":1770366032,"text":"Hello"}}
---
[2026-02-06 08:20:37] Company: 1
Input: {"update_id":86303896,
"message":{"message_id":320,"from":{"id":656454697,"is_bot":false,"first_name":"ROS","last_name":"Piseth","username":"rpiseth","language_code":"km"},"chat":{"id":656454697,"first_name":"ROS","last_name":"Piseth","username":"rpiseth","type":"private"},"date":1770366037,"text":"Test"}}
---
[2026-02-06 08:20:53] Company: 1
Input: {"update_id":86303897,
"message":{"message_id":322,"from":{"id":656454697,"is_bot":false,"first_name":"ROS","last_name":"Piseth","username":"rpiseth","language_code":"km"},"chat":{"id":656454697,"first_name":"ROS","last_name":"Piseth","username":"rpiseth","type":"private"},"date":1770366053,"text":"Hello world having food to east yet"}}
---
[2026-02-06 08:21:10] Company: 1
Input: {"update_id":86303898,
"message":{"message_id":324,"from":{"id":656454697,"is_bot":false,"first_name":"ROS","last_name":"Piseth","username":"rpiseth","language_code":"km"},"chat":{"id":656454697,"first_name":"ROS","last_name":"Piseth","username":"rpiseth","type":"private"},"date":1770366069,"text":"/start","entities":[{"offset":0,"length":6,"type":"bot_command"}]}}
---
[2026-02-08 09:34:16] Company: 1
Input: {"update_id":86303899,
"message":{"message_id":326,"from":{"id":768732984,"is_bot":false,"first_name":"Hay Kongmeng -","last_name":"\u17a0\u17c3 \u1782\u1784\u17cb\u1798\u17c9\u17c1\u1784","username":"KongMeng_Hay","language_code":"en"},"chat":{"id":768732984,"first_name":"Hay Kongmeng -","last_name":"\u17a0\u17c3 \u1782\u1784\u17cb\u1798\u17c9\u17c1\u1784","username":"KongMeng_Hay","type":"private"},"date":1770543255,"text":"/start","entities":[{"offset":0,"length":6,"type":"bot_command"}]}}
---
[2026-02-09 12:26:02] Company: 1
Input: {"update_id":633184135,
"message":{"message_id":3,"from":{"id":768732984,"is_bot":false,"first_name":"Hay Kongmeng -","last_name":"\u17a0\u17c3 \u1782\u1784\u17cb\u1798\u17c9\u17c1\u1784","username":"KongMeng_Hay","language_code":"en"},"chat":{"id":768732984,"first_name":"Hay Kongmeng -","last_name":"\u17a0\u17c3 \u1782\u1784\u17cb\u1798\u17c9\u17c1\u1784","username":"KongMeng_Hay","type":"private"},"date":1770639930,"text":"/start","entities":[{"offset":0,"length":6,"type":"bot_command"}]}}
---
[2026-02-09 12:26:12] Company: 1
Input: {"update_id":633184136,
"message":{"message_id":5,"from":{"id":768732984,"is_bot":false,"first_name":"Hay Kongmeng -","last_name":"\u17a0\u17c3 \u1782\u1784\u17cb\u1798\u17c9\u17c1\u1784","username":"KongMeng_Hay","language_code":"en"},"chat":{"id":768732984,"first_name":"Hay Kongmeng -","last_name":"\u17a0\u17c3 \u1782\u1784\u17cb\u1798\u17c9\u17c1\u1784","username":"KongMeng_Hay","type":"private"},"date":1770639971,"text":"/link","entities":[{"offset":0,"length":5,"type":"bot_command"}]}}
---
[2026-02-09 12:26:19] Company: 1
Input: {"update_id":633184137,
"message":{"message_id":7,"from":{"id":768732984,"is_bot":false,"first_name":"Hay Kongmeng -","last_name":"\u17a0\u17c3 \u1782\u1784\u17cb\u1798\u17c9\u17c1\u1784","username":"KongMeng_Hay","language_code":"en"},"chat":{"id":768732984,"first_name":"Hay Kongmeng -","last_name":"\u17a0\u17c3 \u1782\u1784\u17cb\u1798\u17c9\u17c1\u1784","username":"KongMeng_Hay","type":"private"},"date":1770639978,"text":"hkongmeng@gmail.com","entities":[{"offset":0,"length":19,"type":"email"}]}}
---
[2026-02-09 12:26:25] Company: 1
Input: {"update_id":633184138,
"message":{"message_id":9,"from":{"id":768732984,"is_bot":false,"first_name":"Hay Kongmeng -","last_name":"\u17a0\u17c3 \u1782\u1784\u17cb\u1798\u17c9\u17c1\u1784","username":"KongMeng_Hay","language_code":"en"},"chat":{"id":768732984,"first_name":"Hay Kongmeng -","last_name":"\u17a0\u17c3 \u1782\u1784\u17cb\u1798\u17c9\u17c1\u1784","username":"KongMeng_Hay","type":"private"},"date":1770639984,"text":"/start","entities":[{"offset":0,"length":6,"type":"bot_command"}]}}
---
[2026-02-09 12:26:55] Company: 1
Input: {"update_id":633184139,
"message":{"message_id":11,"from":{"id":768732984,"is_bot":false,"first_name":"Hay Kongmeng -","last_name":"\u17a0\u17c3 \u1782\u1784\u17cb\u1798\u17c9\u17c1\u1784","username":"KongMeng_Hay","language_code":"en"},"chat":{"id":768732984,"first_name":"Hay Kongmeng -","last_name":"\u17a0\u17c3 \u1782\u1784\u17cb\u1798\u17c9\u17c1\u1784","username":"KongMeng_Hay","type":"private"},"date":1770640012,"text":"/newticket","entities":[{"offset":0,"length":10,"type":"bot_command"}]}}
---
[2026-02-09 12:27:01] Company: 1
Input: {"update_id":633184140,
"message":{"message_id":13,"from":{"id":768732984,"is_bot":false,"first_name":"Hay Kongmeng -","last_name":"\u17a0\u17c3 \u1782\u1784\u17cb\u1798\u17c9\u17c1\u1784","username":"KongMeng_Hay","language_code":"en"},"chat":{"id":768732984,"first_name":"Hay Kongmeng -","last_name":"\u17a0\u17c3 \u1782\u1784\u17cb\u1798\u17c9\u17c1\u1784","username":"KongMeng_Hay","type":"private"},"date":1770640019,"text":"/start","entities":[{"offset":0,"length":6,"type":"bot_command"}]}}
---
[2026-02-09 12:27:42] Company: 1
Input: {"update_id":633184141,
"message":{"message_id":15,"from":{"id":768732984,"is_bot":false,"first_name":"Hay Kongmeng -","last_name":"\u17a0\u17c3 \u1782\u1784\u17cb\u1798\u17c9\u17c1\u1784","username":"KongMeng_Hay","language_code":"en"},"chat":{"id":768732984,"first_name":"Hay Kongmeng -","last_name":"\u17a0\u17c3 \u1782\u1784\u17cb\u1798\u17c9\u17c1\u1784","username":"KongMeng_Hay","type":"private"},"date":1770640059,"text":"/newticket","entities":[{"offset":0,"length":10,"type":"bot_command"}]}}
---
[2026-02-09 12:27:48] Company: 1
Input: {"update_id":633184142,
"message":{"message_id":17,"from":{"id":768732984,"is_bot":false,"first_name":"Hay Kongmeng -","last_name":"\u17a0\u17c3 \u1782\u1784\u17cb\u1798\u17c9\u17c1\u1784","username":"KongMeng_Hay","language_code":"en"},"chat":{"id":768732984,"first_name":"Hay Kongmeng -","last_name":"\u17a0\u17c3 \u1782\u1784\u17cb\u1798\u17c9\u17c1\u1784","username":"KongMeng_Hay","type":"private"},"date":1770640066,"text":"sage 300 black screen"}}
---
[2026-02-09 12:27:52] Company: 1
Input: {"update_id":633184143,
"message":{"message_id":19,"from":{"id":768732984,"is_bot":false,"first_name":"Hay Kongmeng -","last_name":"\u17a0\u17c3 \u1782\u1784\u17cb\u1798\u17c9\u17c1\u1784","username":"KongMeng_Hay","language_code":"en"},"chat":{"id":768732984,"first_name":"Hay Kongmeng -","last_name":"\u17a0\u17c3 \u1782\u1784\u17cb\u1798\u17c9\u17c1\u1784","username":"KongMeng_Hay","type":"private"},"date":1770640070,"text":"sage 300 black screen"}}
---
[2026-02-09 12:28:30] Company: 1
Input: {"update_id":633184144,
"message":{"message_id":22,"from":{"id":768732984,"is_bot":false,"first_name":"Hay Kongmeng -","last_name":"\u17a0\u17c3 \u1782\u1784\u17cb\u1798\u17c9\u17c1\u1784","username":"KongMeng_Hay","language_code":"en"},"chat":{"id":768732984,"first_name":"Hay Kongmeng -","last_name":"\u17a0\u17c3 \u1782\u1784\u17cb\u1798\u17c9\u17c1\u1784","username":"KongMeng_Hay","type":"private"},"date":1770640108,"voice":{"duration":2,"mime_type":"audio/ogg","file_id":"AwACAgUAAxkBAAMWaYnS7A7qREZs1G2WPHylqUXPIF4AAl4fAAIOxVBU7HmfFF3qB906BA","file_unique_id":"AgADXh8AAg7FUFQ","file_size":6879}}}
---
[2026-02-09 12:28:33] Company: 1
Input: {"update_id":633184145,
"message":{"message_id":24,"from":{"id":768732984,"is_bot":false,"first_name":"Hay Kongmeng -","last_name":"\u17a0\u17c3 \u1782\u1784\u17cb\u1798\u17c9\u17c1\u1784","username":"KongMeng_Hay","language_code":"en"},"chat":{"id":768732984,"first_name":"Hay Kongmeng -","last_name":"\u17a0\u17c3 \u1782\u1784\u17cb\u1798\u17c9\u17c1\u1784","username":"KongMeng_Hay","type":"private"},"date":1770640112,"text":"/mytickets","entities":[{"offset":0,"length":10,"type":"bot_command"}]}}
---
[2026-02-09 12:28:36] Company: 1
Input: {"update_id":633184146,
"callback_query":{"id":"3301683025769509672","from":{"id":768732984,"is_bot":false,"first_name":"Hay Kongmeng -","last_name":"\u17a0\u17c3 \u1782\u1784\u17cb\u1798\u17c9\u17c1\u1784","username":"KongMeng_Hay","language_code":"en"},"message":{"message_id":25,"from":{"id":8415659161,"is_bot":true,"first_name":"ML Ticket","username":"ml_ticket_bot"},"chat":{"id":768732984,"first_name":"Hay Kongmeng -","last_name":"\u17a0\u17c3 \u1782\u1784\u17cb\u1798\u17c9\u17c1\u1784","username":"KongMeng_Hay","type":"private"},"date":1770640114,"text":"Your Tickets\n\n#TKT-000004 - Open\nsage 300 black screen","entities":[{"offset":0,"length":12,"type":"bold"},{"offset":14,"length":4,"type":"hashtag"}],"reply_markup":{"inline_keyboard":[[{"text":"#TKT-000004 - Open","callback_data":"view_ticket:4"}]]}},"chat_instance":"8338709095626548063","data":"view_ticket:4"}}
---
[2026-02-09 12:28:41] Company: 1
Input: {"update_id":633184147,
"callback_query":{"id":"3301683025971072727","from":{"id":768732984,"is_bot":false,"first_name":"Hay Kongmeng -","last_name":"\u17a0\u17c3 \u1782\u1784\u17cb\u1798\u17c9\u17c1\u1784","username":"KongMeng_Hay","language_code":"en"},"message":{"message_id":26,"from":{"id":8415659161,"is_bot":true,"first_name":"ML Ticket","username":"ml_ticket_bot"},"chat":{"id":768732984,"first_name":"Hay Kongmeng -","last_name":"\u17a0\u17c3 \u1782\u1784\u17cb\u1798\u17c9\u17c1\u1784","username":"KongMeng_Hay","type":"private"},"date":1770640118,"text":"Ticket #TKT-000004\n\nSubject: sage 300 black screen\nStatus: Open\nPriority: Medium\nCreated: Feb 9, 2026 12:27 PM\n\nDescription:\nsage 300 black screen\n\nLatest Reply (Support):\nsage 300 black screen","entities":[{"offset":0,"length":7,"type":"bold"},{"offset":7,"length":4,"type":"hashtag"},{"offset":7,"length":4,"type":"bold"},{"offset":11,"length":7,"type":"bold"},{"offset":20,"length":8,"type":"bold"},{"offset":51,"length":7,"type":"bold"},{"offset":64,"length":9,"type":"bold"},{"offset":81,"length":8,"type":"bold"},{"offset":112,"length":12,"type":"bold"},{"offset":148,"length":23,"type":"bold"}],"reply_markup":{"inline_keyboard":[[{"text":"Reply","callback_data":"reply_ticket:4"}]]}},"chat_instance":"8338709095626548063","data":"reply_ticket:4"}}
---
[2026-02-09 12:28:48] Company: 1
Input: {"update_id":633184148,
"message":{"message_id":28,"from":{"id":768732984,"is_bot":false,"first_name":"Hay Kongmeng -","last_name":"\u17a0\u17c3 \u1782\u1784\u17cb\u1798\u17c9\u17c1\u1784","username":"KongMeng_Hay","language_code":"en"},"chat":{"id":768732984,"first_name":"Hay Kongmeng -","last_name":"\u17a0\u17c3 \u1782\u1784\u17cb\u1798\u17c9\u17c1\u1784","username":"KongMeng_Hay","type":"private"},"date":1770640126,"voice":{"duration":1,"mime_type":"audio/ogg","file_id":"AwACAgUAAxkBAAMcaYnS_i7lSsmYiu11RAmpP7y-aQ8AAl8fAAIOxVBUIg8UjR3JStI6BA","file_unique_id":"AgADXx8AAg7FUFQ","file_size":3810}}}
---
[2026-02-09 12:33:59] Company: 1
Input: {"update_id":633184149,
"callback_query":{"id":"3301683028257299876","from":{"id":768732984,"is_bot":false,"first_name":"Hay Kongmeng -","last_name":"\u17a0\u17c3 \u1782\u1784\u17cb\u1798\u17c9\u17c1\u1784","username":"KongMeng_Hay","language_code":"en"},"message":{"message_id":26,"from":{"id":8415659161,"is_bot":true,"first_name":"ML Ticket","username":"ml_ticket_bot"},"chat":{"id":768732984,"first_name":"Hay Kongmeng -","last_name":"\u17a0\u17c3 \u1782\u1784\u17cb\u1798\u17c9\u17c1\u1784","username":"KongMeng_Hay","type":"private"},"date":1770640118,"text":"Ticket #TKT-000004\n\nSubject: sage 300 black screen\nStatus: Open\nPriority: Medium\nCreated: Feb 9, 2026 12:27 PM\n\nDescription:\nsage 300 black screen\n\nLatest Reply (Support):\nsage 300 black screen","entities":[{"offset":0,"length":7,"type":"bold"},{"offset":7,"length":4,"type":"hashtag"},{"offset":7,"length":4,"type":"bold"},{"offset":11,"length":7,"type":"bold"},{"offset":20,"length":8,"type":"bold"},{"offset":51,"length":7,"type":"bold"},{"offset":64,"length":9,"type":"bold"},{"offset":81,"length":8,"type":"bold"},{"offset":112,"length":12,"type":"bold"},{"offset":148,"length":23,"type":"bold"}],"reply_markup":{"inline_keyboard":[[{"text":"Reply","callback_data":"reply_ticket:4"}]]}},"chat_instance":"8338709095626548063","data":"reply_ticket:4"}}
---
[2026-02-09 12:34:05] Company: 1
Input: {"update_id":633184150,
"message":{"message_id":31,"from":{"id":768732984,"is_bot":false,"first_name":"Hay Kongmeng -","last_name":"\u17a0\u17c3 \u1782\u1784\u17cb\u1798\u17c9\u17c1\u1784","username":"KongMeng_Hay","language_code":"en"},"chat":{"id":768732984,"first_name":"Hay Kongmeng -","last_name":"\u17a0\u17c3 \u1782\u1784\u17cb\u1798\u17c9\u17c1\u1784","username":"KongMeng_Hay","type":"private"},"date":1770640443,"voice":{"duration":1,"mime_type":"audio/ogg","file_id":"AwACAgUAAxkBAAMfaYnUO0jtkC2s46B1W3JZFuO_bf4AAmIfAAIOxVBU1xBgn9mDIwU6BA","file_unique_id":"AgADYh8AAg7FUFQ","file_size":2988}}}
---
[2026-02-09 12:41:39] Company: 1
Input: {"update_id":633184151,
"message":{"message_id":33,"from":{"id":768732984,"is_bot":false,"first_name":"Hay Kongmeng -","last_name":"\u17a0\u17c3 \u1782\u1784\u17cb\u1798\u17c9\u17c1\u1784","username":"KongMeng_Hay","language_code":"en"},"chat":{"id":768732984,"first_name":"Hay Kongmeng -","last_name":"\u17a0\u17c3 \u1782\u1784\u17cb\u1798\u17c9\u17c1\u1784","username":"KongMeng_Hay","type":"private"},"date":1770640896,"text":"/start","entities":[{"offset":0,"length":6,"type":"bot_command"}]}}
---
[2026-02-09 13:06:11] Company: 1
Input: {"update_id":633184152,
"message":{"message_id":35,"from":{"id":768732984,"is_bot":false,"first_name":"Hay Kongmeng -","last_name":"\u17a0\u17c3 \u1782\u1784\u17cb\u1798\u17c9\u17c1\u1784","username":"KongMeng_Hay","language_code":"en"},"chat":{"id":768732984,"first_name":"Hay Kongmeng -","last_name":"\u17a0\u17c3 \u1782\u1784\u17cb\u1798\u17c9\u17c1\u1784","username":"KongMeng_Hay","type":"private"},"date":1770642369,"text":"/start","entities":[{"offset":0,"length":6,"type":"bot_command"}]}}
---
[2026-02-09 13:08:31] Company: 1
Input: {"update_id":633184153,
"message":{"message_id":37,"from":{"id":768732984,"is_bot":false,"first_name":"Hay Kongmeng -","last_name":"\u17a0\u17c3 \u1782\u1784\u17cb\u1798\u17c9\u17c1\u1784","username":"KongMeng_Hay","language_code":"en"},"chat":{"id":768732984,"first_name":"Hay Kongmeng -","last_name":"\u17a0\u17c3 \u1782\u1784\u17cb\u1798\u17c9\u17c1\u1784","username":"KongMeng_Hay","type":"private"},"date":1770642509,"text":"/start","entities":[{"offset":0,"length":6,"type":"bot_command"}]}}
---
[2026-02-09 13:09:43] Company: 1
Input: {"update_id":633184154,
"message":{"message_id":39,"from":{"id":768732984,"is_bot":false,"first_name":"Hay Kongmeng -","last_name":"\u17a0\u17c3 \u1782\u1784\u17cb\u1798\u17c9\u17c1\u1784","username":"KongMeng_Hay","language_code":"en"},"chat":{"id":768732984,"first_name":"Hay Kongmeng -","last_name":"\u17a0\u17c3 \u1782\u1784\u17cb\u1798\u17c9\u17c1\u1784","username":"KongMeng_Hay","type":"private"},"date":1770642582,"text":"/start","entities":[{"offset":0,"length":6,"type":"bot_command"}]}}
---
[2026-02-09 17:21:45] Company: 1
Input: {"update_id":633184155,
"message":{"message_id":41,"from":{"id":768732984,"is_bot":false,"first_name":"Hay Kongmeng -","last_name":"\u17a0\u17c3 \u1782\u1784\u17cb\u1798\u17c9\u17c1\u1784","username":"KongMeng_Hay","language_code":"en"},"chat":{"id":768732984,"first_name":"Hay Kongmeng -","last_name":"\u17a0\u17c3 \u1782\u1784\u17cb\u1798\u17c9\u17c1\u1784","username":"KongMeng_Hay","type":"private"},"date":1770657702,"text":"/start","entities":[{"offset":0,"length":6,"type":"bot_command"}]}}
---
[2026-02-09 17:22:37] Company: 1
Input: {"update_id":633184156,
"message":{"message_id":43,"from":{"id":768732984,"is_bot":false,"first_name":"Hay Kongmeng -","last_name":"\u17a0\u17c3 \u1782\u1784\u17cb\u1798\u17c9\u17c1\u1784","username":"KongMeng_Hay","language_code":"en"},"chat":{"id":768732984,"first_name":"Hay Kongmeng -","last_name":"\u17a0\u17c3 \u1782\u1784\u17cb\u1798\u17c9\u17c1\u1784","username":"KongMeng_Hay","type":"private"},"date":1770657753,"text":"/start","entities":[{"offset":0,"length":6,"type":"bot_command"}]}}
---
[2026-02-10 02:35:33] Company: 1
Input: {"update_id":633184157,
"message":{"message_id":45,"from":{"id":768732984,"is_bot":false,"first_name":"Hay Kongmeng -","last_name":"\u17a0\u17c3 \u1782\u1784\u17cb\u1798\u17c9\u17c1\u1784","username":"KongMeng_Hay","language_code":"en"},"chat":{"id":768732984,"first_name":"Hay Kongmeng -","last_name":"\u17a0\u17c3 \u1782\u1784\u17cb\u1798\u17c9\u17c1\u1784","username":"KongMeng_Hay","type":"private"},"date":1770690931,"text":"f"}}
---
[2026-02-10 02:44:45] Company: 1
Input: {"update_id":633184158,
"my_chat_member":{"chat":{"id":-5161228600,"title":"ML ticket","type":"group","all_members_are_administrators":true,"accepted_gift_types":{"unlimited_gifts":false,"limited_gifts":false,"unique_gifts":false,"premium_subscription":false,"gifts_from_channels":false}},"from":{"id":768732984,"is_bot":false,"first_name":"Hay Kongmeng -","last_name":"\u17a0\u17c3 \u1782\u1784\u17cb\u1798\u17c9\u17c1\u1784","username":"KongMeng_Hay","language_code":"en"},"date":1770691483,"old_chat_member":{"user":{"id":8415659161,"is_bot":true,"first_name":"ML Ticket","username":"ml_ticket_bot"},"status":"left"},"new_chat_member":{"user":{"id":8415659161,"is_bot":true,"first_name":"ML Ticket","username":"ml_ticket_bot"},"status":"member"}}}
---
[2026-02-10 02:44:46] Company: 1
Input: {"update_id":633184159,
"message":{"message_id":47,"from":{"id":768732984,"is_bot":false,"first_name":"Hay Kongmeng -","last_name":"\u17a0\u17c3 \u1782\u1784\u17cb\u1798\u17c9\u17c1\u1784","username":"KongMeng_Hay","language_code":"en"},"chat":{"id":-5161228600,"title":"ML ticket","type":"group","all_members_are_administrators":true,"accepted_gift_types":{"unlimited_gifts":false,"limited_gifts":false,"unique_gifts":false,"premium_subscription":false,"gifts_from_channels":false}},"date":1770691483,"new_chat_participant":{"id":8415659161,"is_bot":true,"first_name":"ML Ticket","username":"ml_ticket_bot"},"new_chat_member":{"id":8415659161,"is_bot":true,"first_name":"ML Ticket","username":"ml_ticket_bot"},"new_chat_members":[{"id":8415659161,"is_bot":true,"first_name":"ML Ticket","username":"ml_ticket_bot"}]}}
---
[2026-02-10 02:56:11] Company: 1
Input: {"update_id":633184160,
"message":{"message_id":52,"from":{"id":1448868935,"is_bot":false,"first_name":"Koun Srey Ya","username":"AhYaaaaaaaKH011","language_code":"en"},"chat":{"id":1448868935,"first_name":"Koun Srey Ya","username":"AhYaaaaaaaKH011","type":"private"},"date":1770692168,"text":"/start","entities":[{"offset":0,"length":6,"type":"bot_command"}]}}
---
[2026-02-10 02:56:18] Company: 1
Input: {"update_id":633184161,
"message":{"message_id":54,"from":{"id":1448868935,"is_bot":false,"first_name":"Koun Srey Ya","username":"AhYaaaaaaaKH011","language_code":"en"},"chat":{"id":1448868935,"first_name":"Koun Srey Ya","username":"AhYaaaaaaaKH011","type":"private"},"date":1770692176,"text":"hi\\"}}
---
[2026-02-10 02:56:34] Company: 1
Input: {"update_id":633184162,
"message":{"message_id":56,"from":{"id":1448868935,"is_bot":false,"first_name":"Koun Srey Ya","username":"AhYaaaaaaaKH011","language_code":"en"},"chat":{"id":1448868935,"first_name":"Koun Srey Ya","username":"AhYaaaaaaaKH011","type":"private"},"date":1770692192,"text":"/help","entities":[{"offset":0,"length":5,"type":"bot_command"}]}}
---
[2026-02-10 02:56:46] Company: 1
Input: {"update_id":633184163,
"message":{"message_id":58,"from":{"id":1448868935,"is_bot":false,"first_name":"Koun Srey Ya","username":"AhYaaaaaaaKH011","language_code":"en"},"chat":{"id":1448868935,"first_name":"Koun Srey Ya","username":"AhYaaaaaaaKH011","type":"private"},"date":1770692202,"text":"/start","entities":[{"offset":0,"length":6,"type":"bot_command"}]}}
---
[2026-02-10 02:56:55] Company: 1
Input: {"update_id":633184164,
"message":{"message_id":60,"from":{"id":1448868935,"is_bot":false,"first_name":"Koun Srey Ya","username":"AhYaaaaaaaKH011","language_code":"en"},"chat":{"id":1448868935,"first_name":"Koun Srey Ya","username":"AhYaaaaaaaKH011","type":"private"},"date":1770692212,"text":"/link","entities":[{"offset":0,"length":5,"type":"bot_command"}]}}
---
[2026-02-10 02:57:01] Company: 1
Input: {"update_id":633184165,
"message":{"message_id":62,"from":{"id":1448868935,"is_bot":false,"first_name":"Koun Srey Ya","username":"AhYaaaaaaaKH011","language_code":"en"},"chat":{"id":1448868935,"first_name":"Koun Srey Ya","username":"AhYaaaaaaaKH011","type":"private"},"date":1770692220,"text":"dsdfrhyjtukuiu"}}
---
[2026-02-10 02:57:11] Company: 1
Input: {"update_id":633184166,
"message":{"message_id":64,"from":{"id":1448868935,"is_bot":false,"first_name":"Koun Srey Ya","username":"AhYaaaaaaaKH011","language_code":"en"},"chat":{"id":1448868935,"first_name":"Koun Srey Ya","username":"AhYaaaaaaaKH011","type":"private"},"date":1770692228,"text":"sdgdfrtyrtgfdbfgjuukyk"}}
---
[2026-02-10 02:57:20] Company: 1
Input: {"update_id":633184167,
"message":{"message_id":66,"from":{"id":1448868935,"is_bot":false,"first_name":"Koun Srey Ya","username":"AhYaaaaaaaKH011","language_code":"en"},"chat":{"id":1448868935,"first_name":"Koun Srey Ya","username":"AhYaaaaaaaKH011","type":"private"},"date":1770692237,"text":"fsdget4we2errjtl"}}
---
[2026-02-10 02:57:32] Company: 1
Input: {"update_id":633184168,
"message":{"message_id":68,"from":{"id":1448868935,"is_bot":false,"first_name":"Koun Srey Ya","username":"AhYaaaaaaaKH011","language_code":"en"},"chat":{"id":1448868935,"first_name":"Koun Srey Ya","username":"AhYaaaaaaaKH011","type":"private"},"date":1770692249,"text":"\u17a0\u17ba\u1798"}}
---
[2026-02-10 02:59:42] Company: 1
Input: {"update_id":633184169,
"message":{"message_id":70,"from":{"id":1448868935,"is_bot":false,"first_name":"Koun Srey Ya","username":"AhYaaaaaaaKH011","language_code":"en"},"chat":{"id":1448868935,"first_name":"Koun Srey Ya","username":"AhYaaaaaaaKH011","type":"private"},"date":1770692379,"sticker":{"width":492,"height":512,"emoji":"\ud83e\uddf8","set_name":"StickerByAlvin_1000","is_animated":false,"is_video":false,"type":"regular","thumbnail":{"file_id":"AAMCBQADGQEAA0Zpip8bq-t7of7RfGIdTBzNSZ4lrwACywIAAu-kuFcMYswlOCwM4AEAB20AAzoE","file_unique_id":"AQADywIAAu-kuFdy","file_size":4732,"width":307,"height":320},"thumb":{"file_id":"AAMCBQADGQEAA0Zpip8bq-t7of7RfGIdTBzNSZ4lrwACywIAAu-kuFcMYswlOCwM4AEAB20AAzoE","file_unique_id":"AQADywIAAu-kuFdy","file_size":4732,"width":307,"height":320},"file_id":"CAACAgUAAxkBAANGaYqfG6vre6H-0XxiHUwczUmeJa8AAssCAALvpLhXDGLMJTgsDOA6BA","file_unique_id":"AgADywIAAu-kuFc","file_size":8274}}}
---
[2026-02-10 02:59:46] Company: 1
Input: {"update_id":633184170,
"message":{"message_id":72,"from":{"id":1448868935,"is_bot":false,"first_name":"Koun Srey Ya","username":"AhYaaaaaaaKH011","language_code":"en"},"chat":{"id":1448868935,"first_name":"Koun Srey Ya","username":"AhYaaaaaaaKH011","type":"private"},"date":1770692385,"sticker":{"width":512,"height":509,"emoji":"\ud83e\uddf8","set_name":"StickerByAlvin_1000","is_animated":false,"is_video":false,"type":"regular","thumbnail":{"file_id":"AAMCBQADGQEAA0hpip8h_3JYMkTakLggyYQ-e9oLnAACEgEAAptAwVf5r1T2GPt9IgEAB20AAzoE","file_unique_id":"AQADEgEAAptAwVdy","file_size":10666,"width":320,"height":318},"thumb":{"file_id":"AAMCBQADGQEAA0hpip8h_3JYMkTakLggyYQ-e9oLnAACEgEAAptAwVf5r1T2GPt9IgEAB20AAzoE","file_unique_id":"AQADEgEAAptAwVdy","file_size":10666,"width":320,"height":318},"file_id":"CAACAgUAAxkBAANIaYqfIf9yWDJE2pC4IMmEPnvaC5wAAhIBAAKbQMFX-a9U9hj7fSI6BA","file_unique_id":"AgADEgEAAptAwVc","file_size":18428}}}
---
[2026-02-10 02:59:48] Company: 1
Input: {"update_id":633184171,
"message":{"message_id":74,"from":{"id":1448868935,"is_bot":false,"first_name":"Koun Srey Ya","username":"AhYaaaaaaaKH011","language_code":"en"},"chat":{"id":1448868935,"first_name":"Koun Srey Ya","username":"AhYaaaaaaaKH011","type":"private"},"date":1770692387,"sticker":{"width":512,"height":512,"emoji":"\ud83e\uddf8","set_name":"StickerByAlvin_1000","is_animated":false,"is_video":false,"type":"regular","thumbnail":{"file_id":"AAMCBQADGQEAA0ppip8jGG4vTmSBVRPgFhbtWsGdRAACNwEAA7_BV23GioMFEn60AQAHbQADOgQ","file_unique_id":"AQADNwEAA7_BV3I","file_size":15708,"width":320,"height":320},"thumb":{"file_id":"AAMCBQADGQEAA0ppip8jGG4vTmSBVRPgFhbtWsGdRAACNwEAA7_BV23GioMFEn60AQAHbQADOgQ","file_unique_id":"AQADNwEAA7_BV3I","file_size":15708,"width":320,"height":320},"file_id":"CAACAgUAAxkBAANKaYqfIxhuL05kgVUT4BYW7VrBnUQAAjcBAAO_wVdtxoqDBRJ-tDoE","file_unique_id":"AgADNwEAA7_BVw","file_size":28108}}}
---
[2026-02-10 02:59:50] Company: 1
Input: {"update_id":633184172,
"message":{"message_id":75,"from":{"id":1448868935,"is_bot":false,"first_name":"Koun Srey Ya","username":"AhYaaaaaaaKH011","language_code":"en"},"chat":{"id":1448868935,"first_name":"Koun Srey Ya","username":"AhYaaaaaaaKH011","type":"private"},"date":1770692388,"sticker":{"width":512,"height":509,"emoji":"\ud83e\uddf8","set_name":"StickerByAlvin_1000","is_animated":false,"is_video":false,"type":"regular","thumbnail":{"file_id":"AAMCBQADGQEAA0hpip8h_3JYMkTakLggyYQ-e9oLnAACEgEAAptAwVf5r1T2GPt9IgEAB20AAzoE","file_unique_id":"AQADEgEAAptAwVdy","file_size":10666,"width":320,"height":318},"thumb":{"file_id":"AAMCBQADGQEAA0hpip8h_3JYMkTakLggyYQ-e9oLnAACEgEAAptAwVf5r1T2GPt9IgEAB20AAzoE","file_unique_id":"AQADEgEAAptAwVdy","file_size":10666,"width":320,"height":318},"file_id":"CAACAgUAAxkBAANIaYqfIf9yWDJE2pC4IMmEPnvaC5wAAhIBAAKbQMFX-a9U9hj7fSI6BA","file_unique_id":"AgADEgEAAptAwVc","file_size":18428}}}
---
[2026-02-10 02:59:51] Company: 1
Input: {"update_id":633184173,
"message":{"message_id":76,"from":{"id":1448868935,"is_bot":false,"first_name":"Koun Srey Ya","username":"AhYaaaaaaaKH011","language_code":"en"},"chat":{"id":1448868935,"first_name":"Koun Srey Ya","username":"AhYaaaaaaaKH011","type":"private"},"date":1770692388,"sticker":{"width":512,"height":512,"emoji":"\ud83e\uddf8","set_name":"StickerByAlvin_1000","is_animated":false,"is_video":false,"type":"regular","thumbnail":{"file_id":"AAMCBQADGQEAA0ppip8jGG4vTmSBVRPgFhbtWsGdRAACNwEAA7_BV23GioMFEn60AQAHbQADOgQ","file_unique_id":"AQADNwEAA7_BV3I","file_size":15708,"width":320,"height":320},"thumb":{"file_id":"AAMCBQADGQEAA0ppip8jGG4vTmSBVRPgFhbtWsGdRAACNwEAA7_BV23GioMFEn60AQAHbQADOgQ","file_unique_id":"AQADNwEAA7_BV3I","file_size":15708,"width":320,"height":320},"file_id":"CAACAgUAAxkBAANKaYqfIxhuL05kgVUT4BYW7VrBnUQAAjcBAAO_wVdtxoqDBRJ-tDoE","file_unique_id":"AgADNwEAA7_BVw","file_size":28108}}}
---
[2026-02-10 02:59:54] Company: 1
Input: {"update_id":633184174,
"message":{"message_id":78,"from":{"id":1448868935,"is_bot":false,"first_name":"Koun Srey Ya","username":"AhYaaaaaaaKH011","language_code":"en"},"chat":{"id":1448868935,"first_name":"Koun Srey Ya","username":"AhYaaaaaaaKH011","type":"private"},"date":1770692389,"sticker":{"width":512,"height":509,"emoji":"\ud83e\uddf8","set_name":"StickerByAlvin_1000","is_animated":false,"is_video":false,"type":"regular","thumbnail":{"file_id":"AAMCBQADGQEAA0hpip8h_3JYMkTakLggyYQ-e9oLnAACEgEAAptAwVf5r1T2GPt9IgEAB20AAzoE","file_unique_id":"AQADEgEAAptAwVdy","file_size":10666,"width":320,"height":318},"thumb":{"file_id":"AAMCBQADGQEAA0hpip8h_3JYMkTakLggyYQ-e9oLnAACEgEAAptAwVf5r1T2GPt9IgEAB20AAzoE","file_unique_id":"AQADEgEAAptAwVdy","file_size":10666,"width":320,"height":318},"file_id":"CAACAgUAAxkBAANIaYqfIf9yWDJE2pC4IMmEPnvaC5wAAhIBAAKbQMFX-a9U9hj7fSI6BA","file_unique_id":"AgADEgEAAptAwVc","file_size":18428}}}
---
[2026-02-10 02:59:56] Company: 1
Input: {"update_id":633184175,
"message":{"message_id":79,"from":{"id":1448868935,"is_bot":false,"first_name":"Koun Srey Ya","username":"AhYaaaaaaaKH011","language_code":"en"},"chat":{"id":1448868935,"first_name":"Koun Srey Ya","username":"AhYaaaaaaaKH011","type":"private"},"date":1770692390,"sticker":{"width":512,"height":509,"emoji":"\ud83e\uddf8","set_name":"StickerByAlvin_1000","is_animated":false,"is_video":false,"type":"regular","thumbnail":{"file_id":"AAMCBQADGQEAA0hpip8h_3JYMkTakLggyYQ-e9oLnAACEgEAAptAwVf5r1T2GPt9IgEAB20AAzoE","file_unique_id":"AQADEgEAAptAwVdy","file_size":10666,"width":320,"height":318},"thumb":{"file_id":"AAMCBQADGQEAA0hpip8h_3JYMkTakLggyYQ-e9oLnAACEgEAAptAwVf5r1T2GPt9IgEAB20AAzoE","file_unique_id":"AQADEgEAAptAwVdy","file_size":10666,"width":320,"height":318},"file_id":"CAACAgUAAxkBAANIaYqfIf9yWDJE2pC4IMmEPnvaC5wAAhIBAAKbQMFX-a9U9hj7fSI6BA","file_unique_id":"AgADEgEAAptAwVc","file_size":18428}}}
---
[2026-02-10 02:59:58] Company: 1
Input: {"update_id":633184176,
"message":{"message_id":80,"from":{"id":1448868935,"is_bot":false,"first_name":"Koun Srey Ya","username":"AhYaaaaaaaKH011","language_code":"en"},"chat":{"id":1448868935,"first_name":"Koun Srey Ya","username":"AhYaaaaaaaKH011","type":"private"},"date":1770692390,"sticker":{"width":512,"height":509,"emoji":"\ud83e\uddf8","set_name":"StickerByAlvin_1000","is_animated":false,"is_video":false,"type":"regular","thumbnail":{"file_id":"AAMCBQADGQEAA0hpip8h_3JYMkTakLggyYQ-e9oLnAACEgEAAptAwVf5r1T2GPt9IgEAB20AAzoE","file_unique_id":"AQADEgEAAptAwVdy","file_size":10666,"width":320,"height":318},"thumb":{"file_id":"AAMCBQADGQEAA0hpip8h_3JYMkTakLggyYQ-e9oLnAACEgEAAptAwVf5r1T2GPt9IgEAB20AAzoE","file_unique_id":"AQADEgEAAptAwVdy","file_size":10666,"width":320,"height":318},"file_id":"CAACAgUAAxkBAANIaYqfIf9yWDJE2pC4IMmEPnvaC5wAAhIBAAKbQMFX-a9U9hj7fSI6BA","file_unique_id":"AgADEgEAAptAwVc","file_size":18428}}}
---
[2026-02-10 03:00:00] Company: 1
Input: {"update_id":633184177,
"message":{"message_id":81,"from":{"id":1448868935,"is_bot":false,"first_name":"Koun Srey Ya","username":"AhYaaaaaaaKH011","language_code":"en"},"chat":{"id":1448868935,"first_name":"Koun Srey Ya","username":"AhYaaaaaaaKH011","type":"private"},"date":1770692390,"sticker":{"width":512,"height":509,"emoji":"\ud83e\uddf8","set_name":"StickerByAlvin_1000","is_animated":false,"is_video":false,"type":"regular","thumbnail":{"file_id":"AAMCBQADGQEAA0hpip8h_3JYMkTakLggyYQ-e9oLnAACEgEAAptAwVf5r1T2GPt9IgEAB20AAzoE","file_unique_id":"AQADEgEAAptAwVdy","file_size":10666,"width":320,"height":318},"thumb":{"file_id":"AAMCBQADGQEAA0hpip8h_3JYMkTakLggyYQ-e9oLnAACEgEAAptAwVf5r1T2GPt9IgEAB20AAzoE","file_unique_id":"AQADEgEAAptAwVdy","file_size":10666,"width":320,"height":318},"file_id":"CAACAgUAAxkBAANIaYqfIf9yWDJE2pC4IMmEPnvaC5wAAhIBAAKbQMFX-a9U9hj7fSI6BA","file_unique_id":"AgADEgEAAptAwVc","file_size":18428}}}
---
[2026-02-10 03:00:01] Company: 1
Input: {"update_id":633184178,
"message":{"message_id":82,"from":{"id":1448868935,"is_bot":false,"first_name":"Koun Srey Ya","username":"AhYaaaaaaaKH011","language_code":"en"},"chat":{"id":1448868935,"first_name":"Koun Srey Ya","username":"AhYaaaaaaaKH011","type":"private"},"date":1770692390,"sticker":{"width":512,"height":509,"emoji":"\ud83e\uddf8","set_name":"StickerByAlvin_1000","is_animated":false,"is_video":false,"type":"regular","thumbnail":{"file_id":"AAMCBQADGQEAA0hpip8h_3JYMkTakLggyYQ-e9oLnAACEgEAAptAwVf5r1T2GPt9IgEAB20AAzoE","file_unique_id":"AQADEgEAAptAwVdy","file_size":10666,"width":320,"height":318},"thumb":{"file_id":"AAMCBQADGQEAA0hpip8h_3JYMkTakLggyYQ-e9oLnAACEgEAAptAwVf5r1T2GPt9IgEAB20AAzoE","file_unique_id":"AQADEgEAAptAwVdy","file_size":10666,"width":320,"height":318},"file_id":"CAACAgUAAxkBAANIaYqfIf9yWDJE2pC4IMmEPnvaC5wAAhIBAAKbQMFX-a9U9hj7fSI6BA","file_unique_id":"AgADEgEAAptAwVc","file_size":18428}}}
---
[2026-02-10 03:00:04] Company: 1
Input: {"update_id":633184179,
"message":{"message_id":83,"from":{"id":1448868935,"is_bot":false,"first_name":"Koun Srey Ya","username":"AhYaaaaaaaKH011","language_code":"en"},"chat":{"id":1448868935,"first_name":"Koun Srey Ya","username":"AhYaaaaaaaKH011","type":"private"},"date":1770692390,"sticker":{"width":512,"height":509,"emoji":"\ud83e\uddf8","set_name":"StickerByAlvin_1000","is_animated":false,"is_video":false,"type":"regular","thumbnail":{"file_id":"AAMCBQADGQEAA0hpip8h_3JYMkTakLggyYQ-e9oLnAACEgEAAptAwVf5r1T2GPt9IgEAB20AAzoE","file_unique_id":"AQADEgEAAptAwVdy","file_size":10666,"width":320,"height":318},"thumb":{"file_id":"AAMCBQADGQEAA0hpip8h_3JYMkTakLggyYQ-e9oLnAACEgEAAptAwVf5r1T2GPt9IgEAB20AAzoE","file_unique_id":"AQADEgEAAptAwVdy","file_size":10666,"width":320,"height":318},"file_id":"CAACAgUAAxkBAANIaYqfIf9yWDJE2pC4IMmEPnvaC5wAAhIBAAKbQMFX-a9U9hj7fSI6BA","file_unique_id":"AgADEgEAAptAwVc","file_size":18428}}}
---
[2026-02-10 03:00:06] Company: 1
Input: {"update_id":633184180,
"message":{"message_id":84,"from":{"id":1448868935,"is_bot":false,"first_name":"Koun Srey Ya","username":"AhYaaaaaaaKH011","language_code":"en"},"chat":{"id":1448868935,"first_name":"Koun Srey Ya","username":"AhYaaaaaaaKH011","type":"private"},"date":1770692390,"sticker":{"width":512,"height":509,"emoji":"\ud83e\uddf8","set_name":"StickerByAlvin_1000","is_animated":false,"is_video":false,"type":"regular","thumbnail":{"file_id":"AAMCBQADGQEAA0hpip8h_3JYMkTakLggyYQ-e9oLnAACEgEAAptAwVf5r1T2GPt9IgEAB20AAzoE","file_unique_id":"AQADEgEAAptAwVdy","file_size":10666,"width":320,"height":318},"thumb":{"file_id":"AAMCBQADGQEAA0hpip8h_3JYMkTakLggyYQ-e9oLnAACEgEAAptAwVf5r1T2GPt9IgEAB20AAzoE","file_unique_id":"AQADEgEAAptAwVdy","file_size":10666,"width":320,"height":318},"file_id":"CAACAgUAAxkBAANIaYqfIf9yWDJE2pC4IMmEPnvaC5wAAhIBAAKbQMFX-a9U9hj7fSI6BA","file_unique_id":"AgADEgEAAptAwVc","file_size":18428}}}
---
[2026-02-10 03:00:07] Company: 1
Input: {"update_id":633184181,
"message":{"message_id":86,"from":{"id":1448868935,"is_bot":false,"first_name":"Koun Srey Ya","username":"AhYaaaaaaaKH011","language_code":"en"},"chat":{"id":1448868935,"first_name":"Koun Srey Ya","username":"AhYaaaaaaaKH011","type":"private"},"date":1770692391,"sticker":{"width":512,"height":509,"emoji":"\ud83e\uddf8","set_name":"StickerByAlvin_1000","is_animated":false,"is_video":false,"type":"regular","thumbnail":{"file_id":"AAMCBQADGQEAA0hpip8h_3JYMkTakLggyYQ-e9oLnAACEgEAAptAwVf5r1T2GPt9IgEAB20AAzoE","file_unique_id":"AQADEgEAAptAwVdy","file_size":10666,"width":320,"height":318},"thumb":{"file_id":"AAMCBQADGQEAA0hpip8h_3JYMkTakLggyYQ-e9oLnAACEgEAAptAwVf5r1T2GPt9IgEAB20AAzoE","file_unique_id":"AQADEgEAAptAwVdy","file_size":10666,"width":320,"height":318},"file_id":"CAACAgUAAxkBAANIaYqfIf9yWDJE2pC4IMmEPnvaC5wAAhIBAAKbQMFX-a9U9hj7fSI6BA","file_unique_id":"AgADEgEAAptAwVc","file_size":18428}}}
---
[2026-02-10 03:00:10] Company: 1
Input: {"update_id":633184182,
"message":{"message_id":87,"from":{"id":1448868935,"is_bot":false,"first_name":"Koun Srey Ya","username":"AhYaaaaaaaKH011","language_code":"en"},"chat":{"id":1448868935,"first_name":"Koun Srey Ya","username":"AhYaaaaaaaKH011","type":"private"},"date":1770692391,"sticker":{"width":512,"height":509,"emoji":"\ud83e\uddf8","set_name":"StickerByAlvin_1000","is_animated":false,"is_video":false,"type":"regular","thumbnail":{"file_id":"AAMCBQADGQEAA0hpip8h_3JYMkTakLggyYQ-e9oLnAACEgEAAptAwVf5r1T2GPt9IgEAB20AAzoE","file_unique_id":"AQADEgEAAptAwVdy","file_size":10666,"width":320,"height":318},"thumb":{"file_id":"AAMCBQADGQEAA0hpip8h_3JYMkTakLggyYQ-e9oLnAACEgEAAptAwVf5r1T2GPt9IgEAB20AAzoE","file_unique_id":"AQADEgEAAptAwVdy","file_size":10666,"width":320,"height":318},"file_id":"CAACAgUAAxkBAANIaYqfIf9yWDJE2pC4IMmEPnvaC5wAAhIBAAKbQMFX-a9U9hj7fSI6BA","file_unique_id":"AgADEgEAAptAwVc","file_size":18428}}}
---
[2026-02-10 03:00:12] Company: 1
Input: {"update_id":633184183,
"message":{"message_id":89,"from":{"id":1448868935,"is_bot":false,"first_name":"Koun Srey Ya","username":"AhYaaaaaaaKH011","language_code":"en"},"chat":{"id":1448868935,"first_name":"Koun Srey Ya","username":"AhYaaaaaaaKH011","type":"private"},"date":1770692394,"sticker":{"width":512,"height":512,"emoji":"\ud83d\ude1d","set_name":"Webp_17Cute","is_animated":false,"is_video":true,"type":"regular","thumbnail":{"file_id":"AAMCBAADGQEAA1lpip8qpGQGh8G2cz09psu4OxkgrwACEhgAAjLYSVIRynz4WHR-ZgEAB20AAzoE","file_unique_id":"AQADEhgAAjLYSVJy","file_size":5692,"width":320,"height":320},"thumb":{"file_id":"AAMCBAADGQEAA1lpip8qpGQGh8G2cz09psu4OxkgrwACEhgAAjLYSVIRynz4WHR-ZgEAB20AAzoE","file_unique_id":"AQADEhgAAjLYSVJy","file_size":5692,"width":320,"height":320},"file_id":"CAACAgQAAxkBAANZaYqfKqRkBofBtnM9PabLuDsZIK8AAhIYAAIy2ElSEcp8-Fh0fmY6BA","file_unique_id":"AgADEhgAAjLYSVI","file_size":91001}}}
---
[2026-02-10 03:00:14] Company: 1
Input: {"update_id":633184184,
"message":{"message_id":91,"from":{"id":1448868935,"is_bot":false,"first_name":"Koun Srey Ya","username":"AhYaaaaaaaKH011","language_code":"en"},"chat":{"id":1448868935,"first_name":"Koun Srey Ya","username":"AhYaaaaaaaKH011","type":"private"},"date":1770692395,"sticker":{"width":512,"height":512,"emoji":"\ud83d\ude1d","set_name":"Webp_17Cute","is_animated":false,"is_video":true,"type":"regular","thumbnail":{"file_id":"AAMCBAADGQEAA1lpip8qpGQGh8G2cz09psu4OxkgrwACEhgAAjLYSVIRynz4WHR-ZgEAB20AAzoE","file_unique_id":"AQADEhgAAjLYSVJy","file_size":5692,"width":320,"height":320},"thumb":{"file_id":"AAMCBAADGQEAA1lpip8qpGQGh8G2cz09psu4OxkgrwACEhgAAjLYSVIRynz4WHR-ZgEAB20AAzoE","file_unique_id":"AQADEhgAAjLYSVJy","file_size":5692,"width":320,"height":320},"file_id":"CAACAgQAAxkBAANZaYqfKqRkBofBtnM9PabLuDsZIK8AAhIYAAIy2ElSEcp8-Fh0fmY6BA","file_unique_id":"AgADEhgAAjLYSVI","file_size":91001}}}
---
[2026-02-10 03:18:19] Company: 1
Input: {"update_id":633184185,
"message":{"message_id":102,"from":{"id":1448868935,"is_bot":false,"first_name":"Koun Srey Ya","username":"AhYaaaaaaaKH011","language_code":"en"},"chat":{"id":1448868935,"first_name":"Koun Srey Ya","username":"AhYaaaaaaaKH011","type":"private"},"date":1770692731,"text":"\u1794\u17c2\u1780\u1798\u17c2\u1793"}}
---
[2026-02-10 03:18:20] Company: 1
Input: {"update_id":633184186,
"message":{"message_id":103,"from":{"id":1448868935,"is_bot":false,"first_name":"Koun Srey Ya","username":"AhYaaaaaaaKH011","language_code":"en"},"chat":{"id":1448868935,"first_name":"Koun Srey Ya","username":"AhYaaaaaaaKH011","type":"private"},"date":1770693252,"sticker":{"width":512,"height":512,"emoji":"\ud83e\uddf8","set_name":"StickerByAlvin_1000","is_animated":false,"is_video":false,"type":"regular","thumbnail":{"file_id":"AAMCBQADGQEAA0ppip8jGG4vTmSBVRPgFhbtWsGdRAACNwEAA7_BV23GioMFEn60AQAHbQADOgQ","file_unique_id":"AQADNwEAA7_BV3I","file_size":15708,"width":320,"height":320},"thumb":{"file_id":"AAMCBQADGQEAA0ppip8jGG4vTmSBVRPgFhbtWsGdRAACNwEAA7_BV23GioMFEn60AQAHbQADOgQ","file_unique_id":"AQADNwEAA7_BV3I","file_size":15708,"width":320,"height":320},"file_id":"CAACAgUAAxkBAANKaYqfIxhuL05kgVUT4BYW7VrBnUQAAjcBAAO_wVdtxoqDBRJ-tDoE","file_unique_id":"AgADNwEAA7_BVw","file_size":28108}}}
---
[2026-02-10 03:18:22] Company: 1
Input: {"update_id":633184187,
"message":{"message_id":104,"from":{"id":1448868935,"is_bot":false,"first_name":"Koun Srey Ya","username":"AhYaaaaaaaKH011","language_code":"en"},"chat":{"id":1448868935,"first_name":"Koun Srey Ya","username":"AhYaaaaaaaKH011","type":"private"},"date":1770693257,"sticker":{"width":512,"height":512,"emoji":"\ud83e\uddf8","set_name":"StickerByAlvin_1000","is_animated":false,"is_video":false,"type":"regular","thumbnail":{"file_id":"AAMCBQADGQEAA2hpiqKJAzd9WVGZhA1wHVS19YeHjgAC9AEAAn2fwFeKBDW766d-DgEAB20AAzoE","file_unique_id":"AQAD9AEAAn2fwFdy","file_size":13108,"width":320,"height":320},"thumb":{"file_id":"AAMCBQADGQEAA2hpiqKJAzd9WVGZhA1wHVS19YeHjgAC9AEAAn2fwFeKBDW766d-DgEAB20AAzoE","file_unique_id":"AQAD9AEAAn2fwFdy","file_size":13108,"width":320,"height":320},"file_id":"CAACAgUAAxkBAANoaYqiiQM3fVlRmYQNcB1UtfWHh44AAvQBAAJ9n8BXigQ1u-unfg46BA","file_unique_id":"AgAD9AEAAn2fwFc","file_size":24030}}}
---
[2026-02-10 03:18:23] Company: 1
Input: {"update_id":633184188,
"message":{"message_id":105,"from":{"id":1448868935,"is_bot":false,"first_name":"Koun Srey Ya","username":"AhYaaaaaaaKH011","language_code":"en"},"chat":{"id":1448868935,"first_name":"Koun Srey Ya","username":"AhYaaaaaaaKH011","type":"private"},"date":1770693261,"sticker":{"width":512,"height":512,"emoji":"\ud83d\ude3e","set_name":"Webp_17Cute","is_animated":false,"is_video":true,"type":"regular","thumbnail":{"file_id":"AAMCBAADGQEAA2lpiqKNHGY1S5Gc64xqL7b--0JIzQACexAAArxeIVBGoNbA7eNqiQEAB20AAzoE","file_unique_id":"AQADexAAArxeIVBy","file_size":7818,"width":320,"height":320},"thumb":{"file_id":"AAMCBAADGQEAA2lpiqKNHGY1S5Gc64xqL7b--0JIzQACexAAArxeIVBGoNbA7eNqiQEAB20AAzoE","file_unique_id":"AQADexAAArxeIVBy","file_size":7818,"width":320,"height":320},"file_id":"CAACAgQAAxkBAANpaYqijRxmNUuRnOuMai-2_vtCSM0AAnsQAAK8XiFQRqDWwO3jaok6BA","file_unique_id":"AgADexAAArxeIVA","file_size":125555}}}
---
[2026-02-10 10:15:24] Company: 1
Input: {"update_id":633184189,
"my_chat_member":{"chat":{"id":-5161228600,"title":"ML ticket","type":"group","all_members_are_administrators":true,"accepted_gift_types":{"unlimited_gifts":false,"limited_gifts":false,"unique_gifts":false,"premium_subscription":false,"gifts_from_channels":false}},"from":{"id":768732984,"is_bot":false,"first_name":"Hay Kongmeng -","last_name":"\u17a0\u17c3 \u1782\u1784\u17cb\u1798\u17c9\u17c1\u1784","username":"KongMeng_Hay","language_code":"en"},"date":1770718523,"old_chat_member":{"user":{"id":8415659161,"is_bot":true,"first_name":"ML Ticket","username":"ml_ticket_bot"},"status":"member"},"new_chat_member":{"user":{"id":8415659161,"is_bot":true,"first_name":"ML Ticket","username":"ml_ticket_bot"},"status":"left"}}}
---
[2026-02-10 10:15:24] Company: 1
Input: {"update_id":633184190,
"message":{"message_id":110,"from":{"id":768732984,"is_bot":false,"first_name":"Hay Kongmeng -","last_name":"\u17a0\u17c3 \u1782\u1784\u17cb\u1798\u17c9\u17c1\u1784","username":"KongMeng_Hay","language_code":"en"},"chat":{"id":-5161228600,"title":"ML ticket","type":"group","all_members_are_administrators":true,"accepted_gift_types":{"unlimited_gifts":false,"limited_gifts":false,"unique_gifts":false,"premium_subscription":false,"gifts_from_channels":false}},"date":1770718523,"left_chat_participant":{"id":8415659161,"is_bot":true,"first_name":"ML Ticket","username":"ml_ticket_bot"},"left_chat_member":{"id":8415659161,"is_bot":true,"first_name":"ML Ticket","username":"ml_ticket_bot"}}}
---
[2026-02-11 08:22:39] Company: 1
Input: {"update_id":633184191,
"message":{"message_id":111,"from":{"id":768732984,"is_bot":false,"first_name":"Hay Kongmeng -","last_name":"\u17a0\u17c3 \u1782\u1784\u17cb\u1798\u17c9\u17c1\u1784","username":"KongMeng_Hay","language_code":"en"},"chat":{"id":768732984,"first_name":"Hay Kongmeng -","last_name":"\u17a0\u17c3 \u1782\u1784\u17cb\u1798\u17c9\u17c1\u1784","username":"KongMeng_Hay","type":"private"},"date":1770798092,"text":"/start","entities":[{"offset":0,"length":6,"type":"bot_command"}]}}
---
[2026-02-11 08:22:41] Company: 1
Input: {"update_id":633184192,
"message":{"message_id":112,"from":{"id":768732984,"is_bot":false,"first_name":"Hay Kongmeng -","last_name":"\u17a0\u17c3 \u1782\u1784\u17cb\u1798\u17c9\u17c1\u1784","username":"KongMeng_Hay","language_code":"en"},"chat":{"id":768732984,"first_name":"Hay Kongmeng -","last_name":"\u17a0\u17c3 \u1782\u1784\u17cb\u1798\u17c9\u17c1\u1784","username":"KongMeng_Hay","type":"private"},"date":1770798137,"text":"/start","entities":[{"offset":0,"length":6,"type":"bot_command"}]}}
---
[2026-02-11 08:22:43] Company: 1
Input: {"update_id":633184193,
"message":{"message_id":113,"from":{"id":768732984,"is_bot":false,"first_name":"Hay Kongmeng -","last_name":"\u17a0\u17c3 \u1782\u1784\u17cb\u1798\u17c9\u17c1\u1784","username":"KongMeng_Hay","language_code":"en"},"chat":{"id":768732984,"first_name":"Hay Kongmeng -","last_name":"\u17a0\u17c3 \u1782\u1784\u17cb\u1798\u17c9\u17c1\u1784","username":"KongMeng_Hay","type":"private"},"date":1770798148,"text":"/start","entities":[{"offset":0,"length":6,"type":"bot_command"}]}}
---
[2026-02-11 08:23:41] Company: 1
Input: {"update_id":633184194,
"message":{"message_id":117,"from":{"id":768732984,"is_bot":false,"first_name":"Hay Kongmeng -","last_name":"\u17a0\u17c3 \u1782\u1784\u17cb\u1798\u17c9\u17c1\u1784","username":"KongMeng_Hay","language_code":"en"},"chat":{"id":768732984,"first_name":"Hay Kongmeng -","last_name":"\u17a0\u17c3 \u1782\u1784\u17cb\u1798\u17c9\u17c1\u1784","username":"KongMeng_Hay","type":"private"},"date":1770798220,"text":"/start","entities":[{"offset":0,"length":6,"type":"bot_command"}]}}
---
[2026-02-11 09:43:17] Company: 1
Input: {"update_id":633184195,
"message":{"message_id":119,"from":{"id":768732984,"is_bot":false,"first_name":"Hay Kongmeng -","last_name":"\u17a0\u17c3 \u1782\u1784\u17cb\u1798\u17c9\u17c1\u1784","username":"KongMeng_Hay","language_code":"en"},"chat":{"id":768732984,"first_name":"Hay Kongmeng -","last_name":"\u17a0\u17c3 \u1782\u1784\u17cb\u1798\u17c9\u17c1\u1784","username":"KongMeng_Hay","type":"private"},"date":1770802993,"text":"/help","entities":[{"offset":0,"length":5,"type":"bot_command"}]}}
---
[2026-02-11 09:43:21] Company: 1
Input: {"update_id":633184196,
"message":{"message_id":121,"from":{"id":768732984,"is_bot":false,"first_name":"Hay Kongmeng -","last_name":"\u17a0\u17c3 \u1782\u1784\u17cb\u1798\u17c9\u17c1\u1784","username":"KongMeng_Hay","language_code":"en"},"chat":{"id":768732984,"first_name":"Hay Kongmeng -","last_name":"\u17a0\u17c3 \u1782\u1784\u17cb\u1798\u17c9\u17c1\u1784","username":"KongMeng_Hay","type":"private"},"date":1770803000,"text":"/mytickets","entities":[{"offset":0,"length":10,"type":"bot_command"}]}}
---
[2026-02-11 09:43:26] Company: 1
Input: {"update_id":633184197,
"callback_query":{"id":"3301683025947831018","from":{"id":768732984,"is_bot":false,"first_name":"Hay Kongmeng -","last_name":"\u17a0\u17c3 \u1782\u1784\u17cb\u1798\u17c9\u17c1\u1784","username":"KongMeng_Hay","language_code":"en"},"message":{"message_id":122,"from":{"id":8415659161,"is_bot":true,"first_name":"ML Ticket","username":"ml_ticket_bot"},"chat":{"id":768732984,"first_name":"Hay Kongmeng -","last_name":"\u17a0\u17c3 \u1782\u1784\u17cb\u1798\u17c9\u17c1\u1784","username":"KongMeng_Hay","type":"private"},"date":1770803002,"text":"Your Tickets\n\n#TKT-000005 - Open\nsage 300 black screen","entities":[{"offset":0,"length":12,"type":"bold"},{"offset":14,"length":4,"type":"hashtag"}],"reply_markup":{"inline_keyboard":[[{"text":"#TKT-000005 - Open","callback_data":"view_ticket:5"}]]}},"chat_instance":"8338709095626548063","data":"view_ticket:5"}}
---
[2026-02-11 09:43:30] Company: 1
Input: {"update_id":633184198,
"callback_query":{"id":"3301683027843697409","from":{"id":768732984,"is_bot":false,"first_name":"Hay Kongmeng -","last_name":"\u17a0\u17c3 \u1782\u1784\u17cb\u1798\u17c9\u17c1\u1784","username":"KongMeng_Hay","language_code":"en"},"message":{"message_id":123,"from":{"id":8415659161,"is_bot":true,"first_name":"ML Ticket","username":"ml_ticket_bot"},"chat":{"id":768732984,"first_name":"Hay Kongmeng -","last_name":"\u17a0\u17c3 \u1782\u1784\u17cb\u1798\u17c9\u17c1\u1784","username":"KongMeng_Hay","type":"private"},"date":1770803007,"text":"Ticket #TKT-000005\n\nSubject: sage 300 black screen\nStatus: Open\nPriority: Medium\nCreated: Feb 10, 2026 2:39 AM\n\nDescription:\nsage 300 black screen\n\nLatest Reply (You):\ntest","entities":[{"offset":0,"length":7,"type":"bold"},{"offset":7,"length":4,"type":"hashtag"},{"offset":7,"length":4,"type":"bold"},{"offset":11,"length":7,"type":"bold"},{"offset":20,"length":8,"type":"bold"},{"offset":51,"length":7,"type":"bold"},{"offset":64,"length":9,"type":"bold"},{"offset":81,"length":8,"type":"bold"},{"offset":112,"length":12,"type":"bold"},{"offset":148,"length":19,"type":"bold"}],"reply_markup":{"inline_keyboard":[[{"text":"Reply","callback_data":"reply_ticket:5"}]]}},"chat_instance":"8338709095626548063","data":"reply_ticket:5"}}
---
