[2026-02-05 06:10:12] ========== REQUEST ==========
[2026-02-05 06:10:12] METHOD: getMe
[2026-02-05 06:10:12] URL: https://api.telegram.org/bot8511296428:AAEE0qnkIDJDbYbz4_6KAHzaJji5EpZXr3Y/getMe
[2026-02-05 06:10:12] PARAMS: []
[2026-02-05 06:10:12] Making curl request...
[2026-02-05 06:10:12] HTTP CODE: 200
[2026-02-05 06:10:12] RAW RESPONSE: {"ok":true,"result":{"id":8511296428,"is_bot":true,"first_name":"Provida Support","username":"provida_support_bot","can_join_groups":true,"can_read_all_group_messages":false,"supports_inline_queries":false,"can_connect_to_business":false,"has_main_web_app":false,"has_topics_enabled":false}}
[2026-02-05 06:10:12] CURL ERROR: none
[2026-02-05 06:10:12] SUCCESS: getMe completed
==========
[2026-02-05 06:10:12] ========== REQUEST ==========
[2026-02-05 06:10:12] METHOD: sendMessage
[2026-02-05 06:10:12] URL: https://api.telegram.org/bot8511296428:AAEE0qnkIDJDbYbz4_6KAHzaJji5EpZXr3Y/sendMessage
[2026-02-05 06:10:12] PARAMS: {"chat_id":768732984,"text":"Welcome to provida support bot. If you have any question please raise here\n\nHello, <b>Telegram User<\/b>! Your account is already linked.\n\nUse \/help to see available commands.","parse_mode":"HTML"}
[2026-02-05 06:10:12] Making curl request...
[2026-02-05 06:10:13] HTTP CODE: 200
[2026-02-05 06:10:13] RAW RESPONSE: {"ok":true,"result":{"message_id":68,"from":{"id":8511296428,"is_bot":true,"first_name":"Provida Support","username":"provida_support_bot"},"chat":{"id":768732984,"first_name":"Hay Kongmeng -","last_name":"\u17a0\u17c3 \u1782\u1784\u17cb\u1798\u17c9\u17c1\u1784","username":"KongMeng_Hay","type":"private"},"date":1770271813,"text":"Welcome to provida support bot. If you have any question please raise here\n\nHello, Telegram User! Your account is already linked.\n\nUse /help to see available comma...
[2026-02-05 06:10:13] CURL ERROR: none
[2026-02-05 06:10:13] SUCCESS: sendMessage completed
==========
[2026-02-05 06:12:07] ========== REQUEST ==========
[2026-02-05 06:12:07] METHOD: setWebhook
[2026-02-05 06:12:07] URL: https://api.telegram.org/bot8511296428:AAEE0qnkIDJDbYbz4_6KAHzaJji5EpZXr3Y/setWebhook
[2026-02-05 06:12:07] PARAMS: {"url":"https:\/\/support.dpdc512.dpdatacenter.com\/api\/telegram\/webhook\/1"}
[2026-02-05 06:12:07] Making curl request...
[2026-02-05 06:12:08] HTTP CODE: 200
[2026-02-05 06:12:08] RAW RESPONSE: {"ok":true,"result":true,"description":"Webhook was set"}
[2026-02-05 06:12:08] CURL ERROR: none
[2026-02-05 06:12:08] SUCCESS: setWebhook completed
==========
[2026-02-05 06:29:57] ========== REQUEST ==========
[2026-02-05 06:29:57] METHOD: getWebhookInfo
[2026-02-05 06:29:57] URL: https://api.telegram.org/bot8511296428:AAEE0qnkIDJDbYbz4_6KAHzaJji5EpZXr3Y/getWebhookInfo
[2026-02-05 06:29:57] PARAMS: []
[2026-02-05 06:29:57] Making curl request...
[2026-02-05 06:29:57] HTTP CODE: 200
[2026-02-05 06:29:57] RAW RESPONSE: {"ok":true,"result":{"url":"https://support.dpdc512.dpdatacenter.com/public/api/telegram/webhook/1","has_custom_certificate":false,"pending_update_count":8,"last_error_date":1770272905,"last_error_message":"Wrong response from the webhook: 404 Not Found","max_connections":40,"ip_address":"157.10.72.4","allowed_updates":["message","callback_query"]}}
[2026-02-05 06:29:57] CURL ERROR: none
[2026-02-05 06:29:57] SUCCESS: getWebhookInfo completed
==========
[2026-02-05 06:30:15] ========== REQUEST ==========
[2026-02-05 06:30:15] METHOD: getWebhookInfo
[2026-02-05 06:30:15] URL: https://api.telegram.org/bot8511296428:AAEE0qnkIDJDbYbz4_6KAHzaJji5EpZXr3Y/getWebhookInfo
[2026-02-05 06:30:15] PARAMS: []
[2026-02-05 06:30:15] Making curl request...
[2026-02-05 06:30:16] HTTP CODE: 200
[2026-02-05 06:30:16] RAW RESPONSE: {"ok":true,"result":{"url":"https://support.dpdc512.dpdatacenter.com/public/api/telegram/webhook/1","has_custom_certificate":false,"pending_update_count":8,"last_error_date":1770272905,"last_error_message":"Wrong response from the webhook: 404 Not Found","max_connections":40,"ip_address":"157.10.72.4","allowed_updates":["message","callback_query"]}}
[2026-02-05 06:30:16] CURL ERROR: none
[2026-02-05 06:30:16] SUCCESS: getWebhookInfo completed
==========
[2026-02-05 06:30:16] ========== REQUEST ==========
[2026-02-05 06:30:16] METHOD: deleteWebhook
[2026-02-05 06:30:16] URL: https://api.telegram.org/bot8511296428:AAEE0qnkIDJDbYbz4_6KAHzaJji5EpZXr3Y/deleteWebhook
[2026-02-05 06:30:16] PARAMS: []
[2026-02-05 06:30:16] Making curl request...
[2026-02-05 06:30:17] HTTP CODE: 200
[2026-02-05 06:30:17] RAW RESPONSE: {"ok":true,"result":true,"description":"Webhook was deleted"}
[2026-02-05 06:30:17] CURL ERROR: none
[2026-02-05 06:30:17] SUCCESS: deleteWebhook completed
==========
[2026-02-05 06:47:21] ========== REQUEST ==========
[2026-02-05 06:47:21] METHOD: setWebhook
[2026-02-05 06:47:21] URL: https://api.telegram.org/bot8511296428:AAEE0qnkIDJDbYbz4_6KAHzaJji5EpZXr3Y/setWebhook
[2026-02-05 06:47:21] PARAMS: {"url":"https:\/\/support.dpdc512.dpdatacenter.com\/api\/telegram\/webhook\/1","secret_token":"16c40e1c4379494c6576f11107c4e844"}
[2026-02-05 06:47:21] Making curl request...
[2026-02-05 06:47:22] HTTP CODE: 200
[2026-02-05 06:47:22] RAW RESPONSE: {"ok":true,"result":true,"description":"Webhook was set"}
[2026-02-05 06:47:22] CURL ERROR: none
[2026-02-05 06:47:22] SUCCESS: setWebhook completed
==========
[2026-02-05 06:47:22] ========== REQUEST ==========
[2026-02-05 06:47:22] METHOD: getWebhookInfo
[2026-02-05 06:47:22] URL: https://api.telegram.org/bot8511296428:AAEE0qnkIDJDbYbz4_6KAHzaJji5EpZXr3Y/getWebhookInfo
[2026-02-05 06:47:22] PARAMS: []
[2026-02-05 06:47:22] Making curl request...
[2026-02-05 06:47:22] ========== REQUEST ==========
[2026-02-05 06:47:22] METHOD: sendMessage
[2026-02-05 06:47:22] URL: https://api.telegram.org/bot8511296428:AAEE0qnkIDJDbYbz4_6KAHzaJji5EpZXr3Y/sendMessage
[2026-02-05 06:47:22] PARAMS: {"chat_id":768732984,"text":"Welcome to provida support bot. If you have any question please raise here\n\nHello, <b>Telegram User<\/b>! Your account is already linked.\n\nUse \/help to see available commands.","parse_mode":"HTML"}
[2026-02-05 06:47:22] Making curl request...
[2026-02-05 06:47:23] HTTP CODE: 200
[2026-02-05 06:47:23] RAW RESPONSE: {"ok":true,"result":{"url":"https://support.dpdc512.dpdatacenter.com/api/telegram/webhook/1","has_custom_certificate":false,"pending_update_count":3,"max_connections":40,"ip_address":"157.10.72.4","allowed_updates":["message","callback_query"]}}
[2026-02-05 06:47:23] CURL ERROR: none
[2026-02-05 06:47:23] SUCCESS: getWebhookInfo completed
==========
[2026-02-05 06:47:23] HTTP CODE: 200
[2026-02-05 06:47:23] RAW RESPONSE: {"ok":true,"result":{"message_id":84,"from":{"id":8511296428,"is_bot":true,"first_name":"Provida Support","username":"provida_support_bot"},"chat":{"id":768732984,"first_name":"Hay Kongmeng -","last_name":"\u17a0\u17c3 \u1782\u1784\u17cb\u1798\u17c9\u17c1\u1784","username":"KongMeng_Hay","type":"private"},"date":1770274043,"text":"Welcome to provida support bot. If you have any question please raise here\n\nHello, Telegram User! Your account is already linked.\n\nUse /help to see available comma
[2026-02-05 06:47:23] CURL ERROR: none
[2026-02-05 06:47:23] SUCCESS: sendMessage completed
==========
[2026-02-05 06:47:24] ========== REQUEST ==========
[2026-02-05 06:47:24] METHOD: sendMessage
[2026-02-05 06:47:24] URL: https://api.telegram.org/bot8511296428:AAEE0qnkIDJDbYbz4_6KAHzaJji5EpZXr3Y/sendMessage
[2026-02-05 06:47:24] PARAMS: {"chat_id":768732984,"text":"Welcome to provida support bot. If you have any question please raise here\n\nHello, <b>Telegram User<\/b>! Your account is already linked.\n\nUse \/help to see available commands.","parse_mode":"HTML"}
[2026-02-05 06:47:24] Making curl request...
[2026-02-05 06:47:25] HTTP CODE: 200
[2026-02-05 06:47:25] RAW RESPONSE: {"ok":true,"result":{"message_id":85,"from":{"id":8511296428,"is_bot":true,"first_name":"Provida Support","username":"provida_support_bot"},"chat":{"id":768732984,"first_name":"Hay Kongmeng -","last_name":"\u17a0\u17c3 \u1782\u1784\u17cb\u1798\u17c9\u17c1\u1784","username":"KongMeng_Hay","type":"private"},"date":1770274044,"text":"Welcome to provida support bot. If you have any question please raise here\n\nHello, Telegram User! Your account is already linked.\n\nUse /help to see available comma
[2026-02-05 06:47:25] CURL ERROR: none
[2026-02-05 06:47:25] SUCCESS: sendMessage completed
==========
[2026-02-05 06:47:25] ========== REQUEST ==========
[2026-02-05 06:47:25] METHOD: sendMessage
[2026-02-05 06:47:25] URL: https://api.telegram.org/bot8511296428:AAEE0qnkIDJDbYbz4_6KAHzaJji5EpZXr3Y/sendMessage
[2026-02-05 06:47:25] PARAMS: {"chat_id":768732984,"text":"Welcome to provida support bot. If you have any question please raise here\n\nHello, <b>Telegram User<\/b>! Your account is already linked.\n\nUse \/help to see available commands.","parse_mode":"HTML"}
[2026-02-05 06:47:25] Making curl request...
[2026-02-05 06:47:26] HTTP CODE: 200
[2026-02-05 06:47:26] RAW RESPONSE: {"ok":true,"result":{"message_id":86,"from":{"id":8511296428,"is_bot":true,"first_name":"Provida Support","username":"provida_support_bot"},"chat":{"id":768732984,"first_name":"Hay Kongmeng -","last_name":"\u17a0\u17c3 \u1782\u1784\u17cb\u1798\u17c9\u17c1\u1784","username":"KongMeng_Hay","type":"private"},"date":1770274046,"text":"Welcome to provida support bot. If you have any question please raise here\n\nHello, Telegram User! Your account is already linked.\n\nUse /help to see available comma
[2026-02-05 06:47:26] CURL ERROR: none
[2026-02-05 06:47:26] SUCCESS: sendMessage completed
==========
[2026-02-05 06:47:36] ========== REQUEST ==========
[2026-02-05 06:47:36] METHOD: sendMessage
[2026-02-05 06:47:36] URL: https://api.telegram.org/bot8511296428:AAEE0qnkIDJDbYbz4_6KAHzaJji5EpZXr3Y/sendMessage
[2026-02-05 06:47:36] PARAMS: {"chat_id":768732984,"text":"Welcome to provida support bot. If you have any question please raise here\n\nHello, <b>Telegram User<\/b>! Your account is already linked.\n\nUse \/help to see available commands.","parse_mode":"HTML"}
[2026-02-05 06:47:36] Making curl request...
[2026-02-05 06:47:37] HTTP CODE: 200
[2026-02-05 06:47:37] RAW RESPONSE: {"ok":true,"result":{"message_id":88,"from":{"id":8511296428,"is_bot":true,"first_name":"Provida Support","username":"provida_support_bot"},"chat":{"id":768732984,"first_name":"Hay Kongmeng -","last_name":"\u17a0\u17c3 \u1782\u1784\u17cb\u1798\u17c9\u17c1\u1784","username":"KongMeng_Hay","type":"private"},"date":1770274057,"text":"Welcome to provida support bot. If you have any question please raise here\n\nHello, Telegram User! Your account is already linked.\n\nUse /help to see available comma
[2026-02-05 06:47:37] CURL ERROR: none
[2026-02-05 06:47:37] SUCCESS: sendMessage completed
==========
[2026-02-05 07:21:45] ========== REQUEST ==========
[2026-02-05 07:21:45] METHOD: sendMessage
[2026-02-05 07:21:45] URL: https://api.telegram.org/bot8511296428:AAEE0qnkIDJDbYbz4_6KAHzaJji5EpZXr3Y/sendMessage
[2026-02-05 07:21:45] PARAMS: {"chat_id":768732984,"text":"Welcome to the Provida Support Bot \ud83d\udc4b\r\nIf you have any questions, feel free to ask here\u2014we\u2019re happy to help!\n\nHello, <b>Telegram User<\/b>! Your account is already linked.\n\nUse \/help to see available commands.","parse_mode":"HTML"}
[2026-02-05 07:21:45] Making curl request...
[2026-02-05 07:21:46] HTTP CODE: 200
[2026-02-05 07:21:46] RAW RESPONSE: {"ok":true,"result":{"message_id":100,"from":{"id":8511296428,"is_bot":true,"first_name":"Provida Support","username":"provida_support_bot"},"chat":{"id":768732984,"first_name":"Hay Kongmeng -","last_name":"\u17a0\u17c3 \u1782\u1784\u17cb\u1798\u17c9\u17c1\u1784","username":"KongMeng_Hay","type":"private"},"date":1770276105,"text":"Welcome to the Provida Support Bot \ud83d\udc4b\nIf you have any questions, feel free to ask here\u2014we\u2019re happy to help!\n\nHello, Telegram User! Your account
[2026-02-05 07:21:46] CURL ERROR: none
[2026-02-05 07:21:46] SUCCESS: sendMessage completed
==========
[2026-02-05 07:21:50] ========== REQUEST ==========
[2026-02-05 07:21:50] METHOD: sendMessage
[2026-02-05 07:21:50] URL: https://api.telegram.org/bot8511296428:AAEE0qnkIDJDbYbz4_6KAHzaJji5EpZXr3Y/sendMessage
[2026-02-05 07:21:50] PARAMS: {"chat_id":768732984,"text":"Welcome to the Provida Support Bot \ud83d\udc4b\r\nIf you have any questions, feel free to ask here\u2014we\u2019re happy to help!\n\nHello, <b>Telegram User<\/b>! Your account is already linked.\n\nUse \/help to see available commands.","parse_mode":"HTML"}
[2026-02-05 07:21:50] Making curl request...
[2026-02-05 07:21:51] HTTP CODE: 200
[2026-02-05 07:21:51] RAW RESPONSE: {"ok":true,"result":{"message_id":102,"from":{"id":8511296428,"is_bot":true,"first_name":"Provida Support","username":"provida_support_bot"},"chat":{"id":768732984,"first_name":"Hay Kongmeng -","last_name":"\u17a0\u17c3 \u1782\u1784\u17cb\u1798\u17c9\u17c1\u1784","username":"KongMeng_Hay","type":"private"},"date":1770276111,"text":"Welcome to the Provida Support Bot \ud83d\udc4b\nIf you have any questions, feel free to ask here\u2014we\u2019re happy to help!\n\nHello, Telegram User! Your account
[2026-02-05 07:21:51] CURL ERROR: none
[2026-02-05 07:21:51] SUCCESS: sendMessage completed
==========
[2026-02-05 07:21:55] ========== REQUEST ==========
[2026-02-05 07:21:55] METHOD: sendMessage
[2026-02-05 07:21:55] URL: https://api.telegram.org/bot8511296428:AAEE0qnkIDJDbYbz4_6KAHzaJji5EpZXr3Y/sendMessage
[2026-02-05 07:21:55] PARAMS: {"chat_id":768732984,"text":"Welcome to the Provida Support Bot \ud83d\udc4b\r\nIf you have any questions, feel free to ask here\u2014we\u2019re happy to help!\n\nHello, <b>Telegram User<\/b>! Your account is already linked.\n\nUse \/help to see available commands.","parse_mode":"HTML"}
[2026-02-05 07:21:55] Making curl request...
[2026-02-05 07:21:56] HTTP CODE: 200
[2026-02-05 07:21:56] RAW RESPONSE: {"ok":true,"result":{"message_id":104,"from":{"id":8511296428,"is_bot":true,"first_name":"Provida Support","username":"provida_support_bot"},"chat":{"id":768732984,"first_name":"Hay Kongmeng -","last_name":"\u17a0\u17c3 \u1782\u1784\u17cb\u1798\u17c9\u17c1\u1784","username":"KongMeng_Hay","type":"private"},"date":1770276116,"text":"Welcome to the Provida Support Bot \ud83d\udc4b\nIf you have any questions, feel free to ask here\u2014we\u2019re happy to help!\n\nHello, Telegram User! Your account
[2026-02-05 07:21:56] CURL ERROR: none
[2026-02-05 07:21:56] SUCCESS: sendMessage completed
==========
[2026-02-05 07:22:00] ========== REQUEST ==========
[2026-02-05 07:22:00] METHOD: sendMessage
[2026-02-05 07:22:00] URL: https://api.telegram.org/bot8511296428:AAEE0qnkIDJDbYbz4_6KAHzaJji5EpZXr3Y/sendMessage
[2026-02-05 07:22:00] PARAMS: {"chat_id":768732984,"text":"<b>Your Tickets<\/b>\n\n#TKT-000004 - Open\nError vps\n\n","parse_mode":"HTML","reply_markup":"{\"inline_keyboard\":[[{\"text\":\"#TKT-000004 - Open\",\"callback_data\":\"view_ticket:4\"}]]}"}
[2026-02-05 07:22:00] Making curl request...
[2026-02-05 07:22:01] HTTP CODE: 200
[2026-02-05 07:22:01] RAW RESPONSE: {"ok":true,"result":{"message_id":106,"from":{"id":8511296428,"is_bot":true,"first_name":"Provida Support","username":"provida_support_bot"},"chat":{"id":768732984,"first_name":"Hay Kongmeng -","last_name":"\u17a0\u17c3 \u1782\u1784\u17cb\u1798\u17c9\u17c1\u1784","username":"KongMeng_Hay","type":"private"},"date":1770276120,"text":"Your Tickets\n\n#TKT-000004 - Open\nError vps","entities":[{"offset":0,"length":12,"type":"bold"},{"offset":14,"length":4,"type":"hashtag"}],"reply_markup":{"inline_k
[2026-02-05 07:22:01] CURL ERROR: none
[2026-02-05 07:22:01] SUCCESS: sendMessage completed
==========
[2026-02-05 07:22:02] ========== REQUEST ==========
[2026-02-05 07:22:02] METHOD: answerCallbackQuery
[2026-02-05 07:22:02] URL: https://api.telegram.org/bot8511296428:AAEE0qnkIDJDbYbz4_6KAHzaJji5EpZXr3Y/answerCallbackQuery
[2026-02-05 07:22:02] PARAMS: {"callback_query_id":"3301683027516101126","text":"","show_alert":false}
[2026-02-05 07:22:02] Making curl request...
[2026-02-05 07:22:03] HTTP CODE: 200
[2026-02-05 07:22:03] RAW RESPONSE: {"ok":true,"result":true}
[2026-02-05 07:22:03] CURL ERROR: none
[2026-02-05 07:22:03] SUCCESS: answerCallbackQuery completed
==========
[2026-02-05 07:22:03] ========== REQUEST ==========
[2026-02-05 07:22:03] METHOD: sendMessage
[2026-02-05 07:22:03] URL: https://api.telegram.org/bot8511296428:AAEE0qnkIDJDbYbz4_6KAHzaJji5EpZXr3Y/sendMessage
[2026-02-05 07:22:03] PARAMS: {"chat_id":768732984,"text":"<b>Ticket #TKT-000004<\/b>\n\n<b>Subject:<\/b> Error vps\n<b>Status:<\/b> Open\n<b>Priority:<\/b> High\n<b>Created:<\/b> Feb 5, 2026 11:42 AM\n\n<b>Description:<\/b>\ni can&#039;t login ssh\n\n<b>Latest Reply (Support):<\/b>\nhi","parse_mode":"HTML","reply_markup":"{\"inline_keyboard\":[[{\"text\":\"Reply\",\"callback_data\":\"reply_ticket:4\"}]]}"}
[2026-02-05 07:22:03] Making curl request...
[2026-02-05 07:22:03] HTTP CODE: 200
[2026-02-05 07:22:03] RAW RESPONSE: {"ok":true,"result":{"message_id":107,"from":{"id":8511296428,"is_bot":true,"first_name":"Provida Support","username":"provida_support_bot"},"chat":{"id":768732984,"first_name":"Hay Kongmeng -","last_name":"\u17a0\u17c3 \u1782\u1784\u17cb\u1798\u17c9\u17c1\u1784","username":"KongMeng_Hay","type":"private"},"date":1770276123,"text":"Ticket #TKT-000004\n\nSubject: Error vps\nStatus: Open\nPriority: High\nCreated: Feb 5, 2026 11:42 AM\n\nDescription:\ni can't login ssh\n\nLatest Reply (Support):\nh
[2026-02-05 07:22:03] CURL ERROR: none
[2026-02-05 07:22:03] SUCCESS: sendMessage completed
==========
[2026-02-05 07:22:07] ========== REQUEST ==========
[2026-02-05 07:22:07] METHOD: answerCallbackQuery
[2026-02-05 07:22:07] URL: https://api.telegram.org/bot8511296428:AAEE0qnkIDJDbYbz4_6KAHzaJji5EpZXr3Y/answerCallbackQuery
[2026-02-05 07:22:07] PARAMS: {"callback_query_id":"3301683027958354317","text":"","show_alert":false}
[2026-02-05 07:22:07] Making curl request...
[2026-02-05 07:22:08] HTTP CODE: 200
[2026-02-05 07:22:08] RAW RESPONSE: {"ok":true,"result":true}
[2026-02-05 07:22:08] CURL ERROR: none
[2026-02-05 07:22:08] SUCCESS: answerCallbackQuery completed
==========
[2026-02-05 07:22:08] ========== REQUEST ==========
[2026-02-05 07:22:08] METHOD: sendMessage
[2026-02-05 07:22:08] URL: https://api.telegram.org/bot8511296428:AAEE0qnkIDJDbYbz4_6KAHzaJji5EpZXr3Y/sendMessage
[2026-02-05 07:22:08] PARAMS: {"chat_id":768732984,"text":"Please type your reply to the ticket:","parse_mode":"HTML"}
[2026-02-05 07:22:08] Making curl request...
[2026-02-05 07:22:09] HTTP CODE: 200
[2026-02-05 07:22:09] RAW RESPONSE: {"ok":true,"result":{"message_id":108,"from":{"id":8511296428,"is_bot":true,"first_name":"Provida Support","username":"provida_support_bot"},"chat":{"id":768732984,"first_name":"Hay Kongmeng -","last_name":"\u17a0\u17c3 \u1782\u1784\u17cb\u1798\u17c9\u17c1\u1784","username":"KongMeng_Hay","type":"private"},"date":1770276129,"text":"Please type your reply to the ticket:"}}
[2026-02-05 07:22:09] CURL ERROR: none
[2026-02-05 07:22:09] SUCCESS: sendMessage completed
==========
[2026-02-05 07:22:11] ========== REQUEST ==========
[2026-02-05 07:22:11] METHOD: sendMessage
[2026-02-05 07:22:11] URL: https://api.telegram.org/bot8511296428:AAEE0qnkIDJDbYbz4_6KAHzaJji5EpZXr3Y/sendMessage
[2026-02-05 07:22:11] PARAMS: {"chat_id":768732984,"text":"Your reply has been added to ticket #TKT-000004.\n\nWe'll notify you when there's a response.","parse_mode":"HTML"}
[2026-02-05 07:22:11] Making curl request...
[2026-02-05 07:22:12] HTTP CODE: 200
[2026-02-05 07:22:12] RAW RESPONSE: {"ok":true,"result":{"message_id":110,"from":{"id":8511296428,"is_bot":true,"first_name":"Provida Support","username":"provida_support_bot"},"chat":{"id":768732984,"first_name":"Hay Kongmeng -","last_name":"\u17a0\u17c3 \u1782\u1784\u17cb\u1798\u17c9\u17c1\u1784","username":"KongMeng_Hay","type":"private"},"date":1770276132,"text":"Your reply has been added to ticket #TKT-000004.\n\nWe'll notify you when there's a response.","entities":[{"offset":36,"length":4,"type":"hashtag"}]}}
[2026-02-05 07:22:12] CURL ERROR: none
[2026-02-05 07:22:12] SUCCESS: sendMessage completed
==========
[2026-02-05 07:27:29] ========== REQUEST ==========
[2026-02-05 07:27:29] METHOD: sendMessage
[2026-02-05 07:27:29] URL: https://api.telegram.org/bot8511296428:AAEE0qnkIDJDbYbz4_6KAHzaJji5EpZXr3Y/sendMessage
[2026-02-05 07:27:29] PARAMS: {"chat_id":768732984,"text":"<b>Your Tickets<\/b>\n\n#TKT-000004 - Open\nError vps\n\n","parse_mode":"HTML","reply_markup":"{\"inline_keyboard\":[[{\"text\":\"#TKT-000004 - Open\",\"callback_data\":\"view_ticket:4\"}]]}"}
[2026-02-05 07:27:29] Making curl request...
[2026-02-05 07:27:30] HTTP CODE: 200
[2026-02-05 07:27:30] RAW RESPONSE: {"ok":true,"result":{"message_id":112,"from":{"id":8511296428,"is_bot":true,"first_name":"Provida Support","username":"provida_support_bot"},"chat":{"id":768732984,"first_name":"Hay Kongmeng -","last_name":"\u17a0\u17c3 \u1782\u1784\u17cb\u1798\u17c9\u17c1\u1784","username":"KongMeng_Hay","type":"private"},"date":1770276449,"text":"Your Tickets\n\n#TKT-000004 - Open\nError vps","entities":[{"offset":0,"length":12,"type":"bold"},{"offset":14,"length":4,"type":"hashtag"}],"reply_markup":{"inline_k
[2026-02-05 07:27:30] CURL ERROR: none
[2026-02-05 07:27:30] SUCCESS: sendMessage completed
==========
[2026-02-05 07:27:31] ========== REQUEST ==========
[2026-02-05 07:27:31] METHOD: answerCallbackQuery
[2026-02-05 07:27:31] URL: https://api.telegram.org/bot8511296428:AAEE0qnkIDJDbYbz4_6KAHzaJji5EpZXr3Y/answerCallbackQuery
[2026-02-05 07:27:31] PARAMS: {"callback_query_id":"3301683026119840625","text":"","show_alert":false}
[2026-02-05 07:27:31] Making curl request...
[2026-02-05 07:27:32] HTTP CODE: 200
[2026-02-05 07:27:32] RAW RESPONSE: {"ok":true,"result":true}
[2026-02-05 07:27:32] CURL ERROR: none
[2026-02-05 07:27:32] SUCCESS: answerCallbackQuery completed
==========
[2026-02-05 07:27:32] ========== REQUEST ==========
[2026-02-05 07:27:32] METHOD: sendMessage
[2026-02-05 07:27:32] URL: https://api.telegram.org/bot8511296428:AAEE0qnkIDJDbYbz4_6KAHzaJji5EpZXr3Y/sendMessage
[2026-02-05 07:27:32] PARAMS: {"chat_id":768732984,"text":"<b>Ticket #TKT-000004<\/b>\n\n<b>Subject:<\/b> Error vps\n<b>Status:<\/b> Open\n<b>Priority:<\/b> High\n<b>Created:<\/b> Feb 5, 2026 11:42 AM\n\n<b>Description:<\/b>\ni can&#039;t login ssh\n\n<b>Latest Reply (You):<\/b>\nhi","parse_mode":"HTML","reply_markup":"{\"inline_keyboard\":[[{\"text\":\"Reply\",\"callback_data\":\"reply_ticket:4\"}]]}"}
[2026-02-05 07:27:32] Making curl request...
[2026-02-05 07:27:33] HTTP CODE: 200
[2026-02-05 07:27:33] RAW RESPONSE: {"ok":true,"result":{"message_id":113,"from":{"id":8511296428,"is_bot":true,"first_name":"Provida Support","username":"provida_support_bot"},"chat":{"id":768732984,"first_name":"Hay Kongmeng -","last_name":"\u17a0\u17c3 \u1782\u1784\u17cb\u1798\u17c9\u17c1\u1784","username":"KongMeng_Hay","type":"private"},"date":1770276453,"text":"Ticket #TKT-000004\n\nSubject: Error vps\nStatus: Open\nPriority: High\nCreated: Feb 5, 2026 11:42 AM\n\nDescription:\ni can't login ssh\n\nLatest Reply (You):\nhi","
[2026-02-05 07:27:33] CURL ERROR: none
[2026-02-05 07:27:33] SUCCESS: sendMessage completed
==========
[2026-02-05 07:27:35] ========== REQUEST ==========
[2026-02-05 07:27:35] METHOD: answerCallbackQuery
[2026-02-05 07:27:35] URL: https://api.telegram.org/bot8511296428:AAEE0qnkIDJDbYbz4_6KAHzaJji5EpZXr3Y/answerCallbackQuery
[2026-02-05 07:27:35] PARAMS: {"callback_query_id":"3301683026210866508","text":"","show_alert":false}
[2026-02-05 07:27:35] Making curl request...
[2026-02-05 07:27:36] HTTP CODE: 200
[2026-02-05 07:27:36] RAW RESPONSE: {"ok":true,"result":true}
[2026-02-05 07:27:36] CURL ERROR: none
[2026-02-05 07:27:36] SUCCESS: answerCallbackQuery completed
==========
[2026-02-05 07:27:36] ========== REQUEST ==========
[2026-02-05 07:27:36] METHOD: sendMessage
[2026-02-05 07:27:36] URL: https://api.telegram.org/bot8511296428:AAEE0qnkIDJDbYbz4_6KAHzaJji5EpZXr3Y/sendMessage
[2026-02-05 07:27:36] PARAMS: {"chat_id":768732984,"text":"Please type your reply to the ticket:","parse_mode":"HTML"}
[2026-02-05 07:27:36] Making curl request...
[2026-02-05 07:27:37] HTTP CODE: 200
[2026-02-05 07:27:37] RAW RESPONSE: {"ok":true,"result":{"message_id":114,"from":{"id":8511296428,"is_bot":true,"first_name":"Provida Support","username":"provida_support_bot"},"chat":{"id":768732984,"first_name":"Hay Kongmeng -","last_name":"\u17a0\u17c3 \u1782\u1784\u17cb\u1798\u17c9\u17c1\u1784","username":"KongMeng_Hay","type":"private"},"date":1770276457,"text":"Please type your reply to the ticket:"}}
[2026-02-05 07:27:37] CURL ERROR: none
[2026-02-05 07:27:37] SUCCESS: sendMessage completed
==========
[2026-02-05 07:27:39] ========== REQUEST ==========
[2026-02-05 07:27:39] METHOD: sendMessage
[2026-02-05 07:27:39] URL: https://api.telegram.org/bot8511296428:AAEE0qnkIDJDbYbz4_6KAHzaJji5EpZXr3Y/sendMessage
[2026-02-05 07:27:39] PARAMS: {"chat_id":768732984,"text":"Your reply has been added to ticket #TKT-000004.\n\nWe'll notify you when there's a response.","parse_mode":"HTML"}
[2026-02-05 07:27:39] Making curl request...
[2026-02-05 07:27:40] HTTP CODE: 200
[2026-02-05 07:27:40] RAW RESPONSE: {"ok":true,"result":{"message_id":116,"from":{"id":8511296428,"is_bot":true,"first_name":"Provida Support","username":"provida_support_bot"},"chat":{"id":768732984,"first_name":"Hay Kongmeng -","last_name":"\u17a0\u17c3 \u1782\u1784\u17cb\u1798\u17c9\u17c1\u1784","username":"KongMeng_Hay","type":"private"},"date":1770276460,"text":"Your reply has been added to ticket #TKT-000004.\n\nWe'll notify you when there's a response.","entities":[{"offset":36,"length":4,"type":"hashtag"}]}}
[2026-02-05 07:27:40] CURL ERROR: none
[2026-02-05 07:27:40] SUCCESS: sendMessage completed
==========
[2026-02-05 07:28:05] ========== REQUEST ==========
[2026-02-05 07:28:05] METHOD: sendMessage
[2026-02-05 07:28:05] URL: https://api.telegram.org/bot8511296428:AAEE0qnkIDJDbYbz4_6KAHzaJji5EpZXr3Y/sendMessage
[2026-02-05 07:28:05] PARAMS: {"chat_id":768732984,"text":"Let's create a new ticket.\n\n<b>Step 1\/2:<\/b> What is the subject of your issue?","parse_mode":"HTML"}
[2026-02-05 07:28:05] Making curl request...
[2026-02-05 07:28:06] HTTP CODE: 200
[2026-02-05 07:28:06] RAW RESPONSE: {"ok":true,"result":{"message_id":118,"from":{"id":8511296428,"is_bot":true,"first_name":"Provida Support","username":"provida_support_bot"},"chat":{"id":768732984,"first_name":"Hay Kongmeng -","last_name":"\u17a0\u17c3 \u1782\u1784\u17cb\u1798\u17c9\u17c1\u1784","username":"KongMeng_Hay","type":"private"},"date":1770276486,"text":"Let's create a new ticket.\n\nStep 1/2: What is the subject of your issue?","entities":[{"offset":28,"length":9,"type":"bold"}]}}
[2026-02-05 07:28:06] CURL ERROR: none
[2026-02-05 07:28:06] SUCCESS: sendMessage completed
==========
[2026-02-05 07:28:14] ========== REQUEST ==========
[2026-02-05 07:28:14] METHOD: sendMessage
[2026-02-05 07:28:14] URL: https://api.telegram.org/bot8511296428:AAEE0qnkIDJDbYbz4_6KAHzaJji5EpZXr3Y/sendMessage
[2026-02-05 07:28:14] PARAMS: {"chat_id":768732984,"text":"<b>Your Tickets<\/b>\n\n#TKT-000004 - Open\nError vps\n\n","parse_mode":"HTML","reply_markup":"{\"inline_keyboard\":[[{\"text\":\"#TKT-000004 - Open\",\"callback_data\":\"view_ticket:4\"}]]}"}
[2026-02-05 07:28:14] Making curl request...
[2026-02-05 07:28:15] HTTP CODE: 200
[2026-02-05 07:28:15] RAW RESPONSE: {"ok":true,"result":{"message_id":120,"from":{"id":8511296428,"is_bot":true,"first_name":"Provida Support","username":"provida_support_bot"},"chat":{"id":768732984,"first_name":"Hay Kongmeng -","last_name":"\u17a0\u17c3 \u1782\u1784\u17cb\u1798\u17c9\u17c1\u1784","username":"KongMeng_Hay","type":"private"},"date":1770276495,"text":"Your Tickets\n\n#TKT-000004 - Open\nError vps","entities":[{"offset":0,"length":12,"type":"bold"},{"offset":14,"length":4,"type":"hashtag"}],"reply_markup":{"inline_k
[2026-02-05 07:28:15] CURL ERROR: none
[2026-02-05 07:28:15] SUCCESS: sendMessage completed
==========
[2026-02-05 07:28:16] ========== REQUEST ==========
[2026-02-05 07:28:16] METHOD: answerCallbackQuery
[2026-02-05 07:28:16] URL: https://api.telegram.org/bot8511296428:AAEE0qnkIDJDbYbz4_6KAHzaJji5EpZXr3Y/answerCallbackQuery
[2026-02-05 07:28:16] PARAMS: {"callback_query_id":"3301683029420523387","text":"","show_alert":false}
[2026-02-05 07:28:16] Making curl request...
[2026-02-05 07:28:17] HTTP CODE: 200
[2026-02-05 07:28:17] RAW RESPONSE: {"ok":true,"result":true}
[2026-02-05 07:28:17] CURL ERROR: none
[2026-02-05 07:28:17] SUCCESS: answerCallbackQuery completed
==========
[2026-02-05 07:28:17] ========== REQUEST ==========
[2026-02-05 07:28:17] METHOD: sendMessage
[2026-02-05 07:28:17] URL: https://api.telegram.org/bot8511296428:AAEE0qnkIDJDbYbz4_6KAHzaJji5EpZXr3Y/sendMessage
[2026-02-05 07:28:17] PARAMS: {"chat_id":768732984,"text":"<b>Ticket #TKT-000004<\/b>\n\n<b>Subject:<\/b> Error vps\n<b>Status:<\/b> Open\n<b>Priority:<\/b> High\n<b>Created:<\/b> Feb 5, 2026 11:42 AM\n\n<b>Description:<\/b>\ni can&#039;t login ssh\n\n<b>Latest Reply (You):<\/b>\nhello","parse_mode":"HTML","reply_markup":"{\"inline_keyboard\":[[{\"text\":\"Reply\",\"callback_data\":\"reply_ticket:4\"}]]}"}
[2026-02-05 07:28:17] Making curl request...
[2026-02-05 07:28:18] HTTP CODE: 200
[2026-02-05 07:28:18] RAW RESPONSE: {"ok":true,"result":{"message_id":121,"from":{"id":8511296428,"is_bot":true,"first_name":"Provida Support","username":"provida_support_bot"},"chat":{"id":768732984,"first_name":"Hay Kongmeng -","last_name":"\u17a0\u17c3 \u1782\u1784\u17cb\u1798\u17c9\u17c1\u1784","username":"KongMeng_Hay","type":"private"},"date":1770276498,"text":"Ticket #TKT-000004\n\nSubject: Error vps\nStatus: Open\nPriority: High\nCreated: Feb 5, 2026 11:42 AM\n\nDescription:\ni can't login ssh\n\nLatest Reply (You):\nhello
[2026-02-05 07:28:18] CURL ERROR: none
[2026-02-05 07:28:18] SUCCESS: sendMessage completed
==========
[2026-02-05 07:28:19] ========== REQUEST ==========
[2026-02-05 07:28:19] METHOD: answerCallbackQuery
[2026-02-05 07:28:19] URL: https://api.telegram.org/bot8511296428:AAEE0qnkIDJDbYbz4_6KAHzaJji5EpZXr3Y/answerCallbackQuery
[2026-02-05 07:28:19] PARAMS: {"callback_query_id":"3301683027214580192","text":"","show_alert":false}
[2026-02-05 07:28:19] Making curl request...
[2026-02-05 07:28:20] HTTP CODE: 200
[2026-02-05 07:28:20] RAW RESPONSE: {"ok":true,"result":true}
[2026-02-05 07:28:20] CURL ERROR: none
[2026-02-05 07:28:20] SUCCESS: answerCallbackQuery completed
==========
[2026-02-05 07:28:20] ========== REQUEST ==========
[2026-02-05 07:28:20] METHOD: sendMessage
[2026-02-05 07:28:20] URL: https://api.telegram.org/bot8511296428:AAEE0qnkIDJDbYbz4_6KAHzaJji5EpZXr3Y/sendMessage
[2026-02-05 07:28:20] PARAMS: {"chat_id":768732984,"text":"Please type your reply to the ticket:","parse_mode":"HTML"}
[2026-02-05 07:28:20] Making curl request...
[2026-02-05 07:28:21] HTTP CODE: 200
[2026-02-05 07:28:21] RAW RESPONSE: {"ok":true,"result":{"message_id":122,"from":{"id":8511296428,"is_bot":true,"first_name":"Provida Support","username":"provida_support_bot"},"chat":{"id":768732984,"first_name":"Hay Kongmeng -","last_name":"\u17a0\u17c3 \u1782\u1784\u17cb\u1798\u17c9\u17c1\u1784","username":"KongMeng_Hay","type":"private"},"date":1770276501,"text":"Please type your reply to the ticket:"}}
[2026-02-05 07:28:21] CURL ERROR: none
[2026-02-05 07:28:21] SUCCESS: sendMessage completed
==========
[2026-02-05 07:28:25] ========== REQUEST ==========
[2026-02-05 07:28:25] METHOD: sendMessage
[2026-02-05 07:28:25] URL: https://api.telegram.org/bot8511296428:AAEE0qnkIDJDbYbz4_6KAHzaJji5EpZXr3Y/sendMessage
[2026-02-05 07:28:25] PARAMS: {"chat_id":768732984,"text":"Your reply has been added to ticket #TKT-000004.\n\nWe'll notify you when there's a response.","parse_mode":"HTML"}
[2026-02-05 07:28:25] Making curl request...
[2026-02-05 07:28:26] HTTP CODE: 200
[2026-02-05 07:28:26] RAW RESPONSE: {"ok":true,"result":{"message_id":124,"from":{"id":8511296428,"is_bot":true,"first_name":"Provida Support","username":"provida_support_bot"},"chat":{"id":768732984,"first_name":"Hay Kongmeng -","last_name":"\u17a0\u17c3 \u1782\u1784\u17cb\u1798\u17c9\u17c1\u1784","username":"KongMeng_Hay","type":"private"},"date":1770276506,"text":"Your reply has been added to ticket #TKT-000004.\n\nWe'll notify you when there's a response.","entities":[{"offset":36,"length":4,"type":"hashtag"}]}}
[2026-02-05 07:28:26] CURL ERROR: none
[2026-02-05 07:28:26] SUCCESS: sendMessage completed
==========
[2026-02-05 08:09:05] ========== REQUEST ==========
[2026-02-05 08:09:05] METHOD: sendMessage
[2026-02-05 08:09:05] URL: https://api.telegram.org/bot8511296428:AAEE0qnkIDJDbYbz4_6KAHzaJji5EpZXr3Y/sendMessage
[2026-02-05 08:09:05] PARAMS: {"chat_id":768732984,"text":"Welcome to the Provida Support Bot \ud83d\udc4b\r\nIf you have any questions, feel free to ask here\u2014we\u2019re happy to help!\n\nHello, <b>Telegram User<\/b>! Your account is already linked.\n\nUse \/help to see available commands.","parse_mode":"HTML"}
[2026-02-05 08:09:05] Making curl request...
[2026-02-05 08:09:06] HTTP CODE: 200
[2026-02-05 08:09:06] RAW RESPONSE: {"ok":true,"result":{"message_id":126,"from":{"id":8511296428,"is_bot":true,"first_name":"Provida Support","username":"provida_support_bot"},"chat":{"id":768732984,"first_name":"Hay Kongmeng -","last_name":"\u17a0\u17c3 \u1782\u1784\u17cb\u1798\u17c9\u17c1\u1784","username":"KongMeng_Hay","type":"private"},"date":1770278946,"text":"Welcome to the Provida Support Bot \ud83d\udc4b\nIf you have any questions, feel free to ask here\u2014we\u2019re happy to help!\n\nHello, Telegram User! Your account
[2026-02-05 08:09:06] CURL ERROR: none
[2026-02-05 08:09:06] SUCCESS: sendMessage completed
==========
[2026-02-05 08:12:04] ========== REQUEST ==========
[2026-02-05 08:12:04] METHOD: sendMessage
[2026-02-05 08:12:04] URL: https://api.telegram.org/bot8511296428:AAEE0qnkIDJDbYbz4_6KAHzaJji5EpZXr3Y/sendMessage
[2026-02-05 08:12:04] PARAMS: {"chat_id":768732984,"text":"Welcome to the Provida Support Bot \ud83d\udc4b\r\nIf you have any questions, feel free to ask here\u2014we\u2019re happy to help!\n\nHello, <b>Telegram User<\/b>! Your account is already linked.\n\nUse \/help to see available commands.","parse_mode":"HTML"}
[2026-02-05 08:12:04] Making curl request...
[2026-02-05 08:12:05] HTTP CODE: 200
[2026-02-05 08:12:05] RAW RESPONSE: {"ok":true,"result":{"message_id":128,"from":{"id":8511296428,"is_bot":true,"first_name":"Provida Support","username":"provida_support_bot"},"chat":{"id":768732984,"first_name":"Hay Kongmeng -","last_name":"\u17a0\u17c3 \u1782\u1784\u17cb\u1798\u17c9\u17c1\u1784","username":"KongMeng_Hay","type":"private"},"date":1770279124,"text":"Welcome to the Provida Support Bot \ud83d\udc4b\nIf you have any questions, feel free to ask here\u2014we\u2019re happy to help!\n\nHello, Telegram User! Your account
[2026-02-05 08:12:05] CURL ERROR: none
[2026-02-05 08:12:05] SUCCESS: sendMessage completed
==========
[2026-02-05 08:12:38] ========== REQUEST ==========
[2026-02-05 08:12:38] METHOD: sendMessage
[2026-02-05 08:12:38] URL: https://api.telegram.org/bot8511296428:AAEE0qnkIDJDbYbz4_6KAHzaJji5EpZXr3Y/sendMessage
[2026-02-05 08:12:38] PARAMS: {"chat_id":768732984,"text":"\u179f\u17bc\u1798\u179f\u17d2\u179c\u17b6\u1782\u1798\n\nHello, <b>Telegram User<\/b>! Your account is already linked.\n\nUse \/help to see available commands.","parse_mode":"HTML"}
[2026-02-05 08:12:38] Making curl request...
[2026-02-05 08:12:39] HTTP CODE: 200
[2026-02-05 08:12:39] RAW RESPONSE: {"ok":true,"result":{"message_id":130,"from":{"id":8511296428,"is_bot":true,"first_name":"Provida Support","username":"provida_support_bot"},"chat":{"id":768732984,"first_name":"Hay Kongmeng -","last_name":"\u17a0\u17c3 \u1782\u1784\u17cb\u1798\u17c9\u17c1\u1784","username":"KongMeng_Hay","type":"private"},"date":1770279159,"text":"\u179f\u17bc\u1798\u179f\u17d2\u179c\u17b6\u1782\u1798\n\nHello, Telegram User! Your account is already linked.\n\nUse /help to see available commands.","entities":[{
[2026-02-05 08:12:39] CURL ERROR: none
[2026-02-05 08:12:39] SUCCESS: sendMessage completed
==========
[2026-02-05 08:19:36] ========== REQUEST ==========
[2026-02-05 08:19:36] METHOD: sendMessage
[2026-02-05 08:19:36] URL: https://api.telegram.org/bot8511296428:AAEE0qnkIDJDbYbz4_6KAHzaJji5EpZXr3Y/sendMessage
[2026-02-05 08:19:36] PARAMS: {"chat_id":768732984,"text":"\u179f\u17bc\u1798\u1794\u1789\u17d2\u1785\u17bc\u179b\u17a2\u17b6\u179f\u1799\u178a\u17d2\u178b\u17b6\u1793\u17a2\u17ca\u17b8\u1798\u17c2\u179b\u179a\u1794\u179f\u17cb\u17a2\u17d2\u1793\u1780\u178a\u17be\u1798\u17d2\u1794\u17b8\u1797\u17d2\u1787\u17b6\u1794\u17cb\u1782\u178e\u1793\u17b8\u179a\u1794\u179f\u17cb\u17a2\u17d2\u1793\u1780:","parse_mode":"HTML"}
[2026-02-05 08:19:36] Making curl request...
[2026-02-05 08:19:37] HTTP CODE: 200
[2026-02-05 08:19:37] RAW RESPONSE: {"ok":true,"result":{"message_id":132,"from":{"id":8511296428,"is_bot":true,"first_name":"Provida Support","username":"provida_support_bot"},"chat":{"id":768732984,"first_name":"Hay Kongmeng -","last_name":"\u17a0\u17c3 \u1782\u1784\u17cb\u1798\u17c9\u17c1\u1784","username":"KongMeng_Hay","type":"private"},"date":1770279577,"text":"\u179f\u17bc\u1798\u1794\u1789\u17d2\u1785\u17bc\u179b\u17a2\u17b6\u179f\u1799\u178a\u17d2\u178b\u17b6\u1793\u17a2\u17ca\u17b8\u1798\u17c2\u179b\u179a\u1794\u179f\u17
[2026-02-05 08:19:37] CURL ERROR: none
[2026-02-05 08:19:37] SUCCESS: sendMessage completed
==========
[2026-02-05 08:19:51] ========== REQUEST ==========
[2026-02-05 08:19:51] METHOD: sendMessage
[2026-02-05 08:19:51] URL: https://api.telegram.org/bot8511296428:AAEE0qnkIDJDbYbz4_6KAHzaJji5EpZXr3Y/sendMessage
[2026-02-05 08:19:51] PARAMS: {"chat_id":768732984,"text":"\u1782\u178e\u1793\u17b8\u179a\u1794\u179f\u17cb\u17a2\u17d2\u1793\u1780\u1794\u17b6\u1793\u178f\u1797\u17d2\u1787\u17b6\u1794\u17cb\u178a\u17c4\u1799\u1787\u17c4\u1782\u1787\u17d0\u1799!\n\n\u17a2\u17d2\u1793\u1780\u1780\u17cf\u17a2\u17b6\u1785:\n- \u1794\u1784\u17d2\u1780\u17be\u178f\u179f\u17c6\u178e\u17be\u1780\u17b6\u179a\u178a\u17c4\u1799 \/newticket\n- \u1798\u17be\u179b\u179f\u17c6\u178e\u17be\u1780\u17b6\u179a\u179a\u1794\u179f\u17cb\u17a2\u17d2\u1793\u1780 \/mytickets\n- \u1791\u1791\u17bd\u179b\u1794\u17b6\u1793\u1780\u17b6\u179a\u1787\u17bc\u1793\u178a\u17c6\u178e\u17b9\u1784\u17a2\u17c6\u1796\u17b8\u179f\u17c6\u178e\u17be\u1780\u17b6\u179a\u179a\u1794\u179f\u17cb\u17a2\u17d2\u1793\u1780","parse_mode":"HTML"}
[2026-02-05 08:19:51] Making curl request...
[2026-02-05 08:19:52] HTTP CODE: 200
[2026-02-05 08:19:52] RAW RESPONSE: {"ok":true,"result":{"message_id":134,"from":{"id":8511296428,"is_bot":true,"first_name":"Provida Support","username":"provida_support_bot"},"chat":{"id":768732984,"first_name":"Hay Kongmeng -","last_name":"\u17a0\u17c3 \u1782\u1784\u17cb\u1798\u17c9\u17c1\u1784","username":"KongMeng_Hay","type":"private"},"date":1770279592,"text":"\u1782\u178e\u1793\u17b8\u179a\u1794\u179f\u17cb\u17a2\u17d2\u1793\u1780\u1794\u17b6\u1793\u178f\u1797\u17d2\u1787\u17b6\u1794\u17cb\u178a\u17c4\u1799\u1787\u17c4\u17
[2026-02-05 08:19:52] CURL ERROR: none
[2026-02-05 08:19:52] SUCCESS: sendMessage completed
==========
[2026-02-05 08:20:02] ========== REQUEST ==========
[2026-02-05 08:20:02] METHOD: sendMessage
[2026-02-05 08:20:02] URL: https://api.telegram.org/bot8511296428:AAEE0qnkIDJDbYbz4_6KAHzaJji5EpZXr3Y/sendMessage
[2026-02-05 08:20:02] PARAMS: {"chat_id":768732984,"text":"<b>Your Tickets<\/b>\n\n#TKT-000004 - Open\nError vps\n\n","parse_mode":"HTML","reply_markup":"{\"inline_keyboard\":[[{\"text\":\"#TKT-000004 - Open\",\"callback_data\":\"view_ticket:4\"}]]}"}
[2026-02-05 08:20:02] Making curl request...
[2026-02-05 08:20:03] HTTP CODE: 200
[2026-02-05 08:20:03] RAW RESPONSE: {"ok":true,"result":{"message_id":136,"from":{"id":8511296428,"is_bot":true,"first_name":"Provida Support","username":"provida_support_bot"},"chat":{"id":768732984,"first_name":"Hay Kongmeng -","last_name":"\u17a0\u17c3 \u1782\u1784\u17cb\u1798\u17c9\u17c1\u1784","username":"KongMeng_Hay","type":"private"},"date":1770279602,"text":"Your Tickets\n\n#TKT-000004 - Open\nError vps","entities":[{"offset":0,"length":12,"type":"bold"},{"offset":14,"length":4,"type":"hashtag"}],"reply_markup":{"inline_k
[2026-02-05 08:20:03] CURL ERROR: none
[2026-02-05 08:20:03] SUCCESS: sendMessage completed
==========
[2026-02-05 08:20:06] ========== REQUEST ==========
[2026-02-05 08:20:06] METHOD: answerCallbackQuery
[2026-02-05 08:20:06] URL: https://api.telegram.org/bot8511296428:AAEE0qnkIDJDbYbz4_6KAHzaJji5EpZXr3Y/answerCallbackQuery
[2026-02-05 08:20:06] PARAMS: {"callback_query_id":"3301683026316531282","text":"","show_alert":false}
[2026-02-05 08:20:06] Making curl request...
[2026-02-05 08:20:07] HTTP CODE: 200
[2026-02-05 08:20:07] RAW RESPONSE: {"ok":true,"result":true}
[2026-02-05 08:20:07] CURL ERROR: none
[2026-02-05 08:20:07] SUCCESS: answerCallbackQuery completed
==========
[2026-02-05 08:20:07] ========== REQUEST ==========
[2026-02-05 08:20:07] METHOD: sendMessage
[2026-02-05 08:20:07] URL: https://api.telegram.org/bot8511296428:AAEE0qnkIDJDbYbz4_6KAHzaJji5EpZXr3Y/sendMessage
[2026-02-05 08:20:07] PARAMS: {"chat_id":768732984,"text":"<b>Ticket #TKT-000004<\/b>\n\n<b>Subject:<\/b> Error vps\n<b>Status:<\/b> Open\n<b>Priority:<\/b> High\n<b>Created:<\/b> Feb 5, 2026 11:42 AM\n\n<b>Description:<\/b>\ni can&#039;t login ssh\n\n<b>Latest Reply (You):<\/b>\ntest","parse_mode":"HTML","reply_markup":"{\"inline_keyboard\":[[{\"text\":\"Reply\",\"callback_data\":\"reply_ticket:4\"}]]}"}
[2026-02-05 08:20:07] Making curl request...
[2026-02-05 08:20:08] HTTP CODE: 200
[2026-02-05 08:20:08] RAW RESPONSE: {"ok":true,"result":{"message_id":137,"from":{"id":8511296428,"is_bot":true,"first_name":"Provida Support","username":"provida_support_bot"},"chat":{"id":768732984,"first_name":"Hay Kongmeng -","last_name":"\u17a0\u17c3 \u1782\u1784\u17cb\u1798\u17c9\u17c1\u1784","username":"KongMeng_Hay","type":"private"},"date":1770279608,"text":"Ticket #TKT-000004\n\nSubject: Error vps\nStatus: Open\nPriority: High\nCreated: Feb 5, 2026 11:42 AM\n\nDescription:\ni can't login ssh\n\nLatest Reply (You):\ntest"
[2026-02-05 08:20:08] CURL ERROR: none
[2026-02-05 08:20:08] SUCCESS: sendMessage completed
==========
[2026-02-05 08:20:16] ========== REQUEST ==========
[2026-02-05 08:20:16] METHOD: sendMessage
[2026-02-05 08:20:16] URL: https://api.telegram.org/bot8511296428:AAEE0qnkIDJDbYbz4_6KAHzaJji5EpZXr3Y/sendMessage
[2026-02-05 08:20:16] PARAMS: {"chat_id":768732984,"text":"\u179f\u17bc\u1798\u1794\u1789\u17d2\u1785\u17bc\u179b\u17a2\u17b6\u179f\u1799\u178a\u17d2\u178b\u17b6\u1793\u17a2\u17ca\u17b8\u1798\u17c2\u179b\u179a\u1794\u179f\u17cb\u17a2\u17d2\u1793\u1780\u178a\u17be\u1798\u17d2\u1794\u17b8\u1797\u17d2\u1787\u17b6\u1794\u17cb\u1782\u178e\u1793\u17b8\u179a\u1794\u179f\u17cb\u17a2\u17d2\u1793\u1780:","parse_mode":"HTML"}
[2026-02-05 08:20:16] Making curl request...
[2026-02-05 08:20:16] HTTP CODE: 200
[2026-02-05 08:20:16] RAW RESPONSE: {"ok":true,"result":{"message_id":139,"from":{"id":8511296428,"is_bot":true,"first_name":"Provida Support","username":"provida_support_bot"},"chat":{"id":768732984,"first_name":"Hay Kongmeng -","last_name":"\u17a0\u17c3 \u1782\u1784\u17cb\u1798\u17c9\u17c1\u1784","username":"KongMeng_Hay","type":"private"},"date":1770279616,"text":"\u179f\u17bc\u1798\u1794\u1789\u17d2\u1785\u17bc\u179b\u17a2\u17b6\u179f\u1799\u178a\u17d2\u178b\u17b6\u1793\u17a2\u17ca\u17b8\u1798\u17c2\u179b\u179a\u1794\u179f\u17
[2026-02-05 08:20:16] CURL ERROR: none
[2026-02-05 08:20:16] SUCCESS: sendMessage completed
==========
[2026-02-05 08:20:24] ========== REQUEST ==========
[2026-02-05 08:20:24] METHOD: sendMessage
[2026-02-05 08:20:24] URL: https://api.telegram.org/bot8511296428:AAEE0qnkIDJDbYbz4_6KAHzaJji5EpZXr3Y/sendMessage
[2026-02-05 08:20:24] PARAMS: {"chat_id":768732984,"text":"\u1782\u178e\u1793\u17b8\u179a\u1794\u179f\u17cb\u17a2\u17d2\u1793\u1780\u1794\u17b6\u1793\u178f\u1797\u17d2\u1787\u17b6\u1794\u17cb\u178a\u17c4\u1799\u1787\u17c4\u1782\u1787\u17d0\u1799!\n\n\u17a2\u17d2\u1793\u1780\u1780\u17cf\u17a2\u17b6\u1785:\n- \u1794\u1784\u17d2\u1780\u17be\u178f\u179f\u17c6\u178e\u17be\u1780\u17b6\u179a\u178a\u17c4\u1799 \/newticket\n- \u1798\u17be\u179b\u179f\u17c6\u178e\u17be\u1780\u17b6\u179a\u179a\u1794\u179f\u17cb\u17a2\u17d2\u1793\u1780 \/mytickets\n- \u1791\u1791\u17bd\u179b\u1794\u17b6\u1793\u1780\u17b6\u179a\u1787\u17bc\u1793\u178a\u17c6\u178e\u17b9\u1784\u17a2\u17c6\u1796\u17b8\u179f\u17c6\u178e\u17be\u1780\u17b6\u179a\u179a\u1794\u179f\u17cb\u17a2\u17d2\u1793\u1780","parse_mode":"HTML"}
[2026-02-05 08:20:24] Making curl request...
[2026-02-05 08:20:24] HTTP CODE: 200
[2026-02-05 08:20:24] RAW RESPONSE: {"ok":true,"result":{"message_id":141,"from":{"id":8511296428,"is_bot":true,"first_name":"Provida Support","username":"provida_support_bot"},"chat":{"id":768732984,"first_name":"Hay Kongmeng -","last_name":"\u17a0\u17c3 \u1782\u1784\u17cb\u1798\u17c9\u17c1\u1784","username":"KongMeng_Hay","type":"private"},"date":1770279624,"text":"\u1782\u178e\u1793\u17b8\u179a\u1794\u179f\u17cb\u17a2\u17d2\u1793\u1780\u1794\u17b6\u1793\u178f\u1797\u17d2\u1787\u17b6\u1794\u17cb\u178a\u17c4\u1799\u1787\u17c4\u17
[2026-02-05 08:20:24] CURL ERROR: none
[2026-02-05 08:20:24] SUCCESS: sendMessage completed
==========
[2026-02-05 08:20:27] ========== REQUEST ==========
[2026-02-05 08:20:27] METHOD: sendMessage
[2026-02-05 08:20:27] URL: https://api.telegram.org/bot8511296428:AAEE0qnkIDJDbYbz4_6KAHzaJji5EpZXr3Y/sendMessage
[2026-02-05 08:20:27] PARAMS: {"chat_id":768732984,"text":"\u1785\u17bc\u179b\u1780\u17d2\u1793\u17bb\u1784\u1780\u17b6\u179a\u1794\u1784\u17d2\u1780\u17be\u178f\u179f\u17c6\u178e\u17be\u1780\u17b6\u179a\u1790\u17d2\u1798\u17b8\u17d4\n\n<b>\u1787\u17c6\u17a0\u17b6\u1793 1\/2:<\/b> \u178f\u17be\u1794\u17d2\u179a\u1792\u17b6\u1793\u1794\u1791\u1793\u17c3\u1794\u1789\u17d2\u17a0\u17b6\u179a\u1794\u179f\u17cb\u17a2\u17d2\u1793\u1780\u1782\u17ba\u1787\u17b6\u17a2\u17d2\u179c\u17b8?","parse_mode":"HTML"}
[2026-02-05 08:20:27] Making curl request...
[2026-02-05 08:20:28] HTTP CODE: 200
[2026-02-05 08:20:28] RAW RESPONSE: {"ok":true,"result":{"message_id":143,"from":{"id":8511296428,"is_bot":true,"first_name":"Provida Support","username":"provida_support_bot"},"chat":{"id":768732984,"first_name":"Hay Kongmeng -","last_name":"\u17a0\u17c3 \u1782\u1784\u17cb\u1798\u17c9\u17c1\u1784","username":"KongMeng_Hay","type":"private"},"date":1770279628,"text":"\u1785\u17bc\u179b\u1780\u17d2\u1793\u17bb\u1784\u1780\u17b6\u179a\u1794\u1784\u17d2\u1780\u17be\u178f\u179f\u17c6\u178e\u17be\u1780\u17b6\u179a\u1790\u17d2\u1798\u17
[2026-02-05 08:20:28] CURL ERROR: none
[2026-02-05 08:20:28] SUCCESS: sendMessage completed
==========
[2026-02-05 08:20:39] ========== REQUEST ==========
[2026-02-05 08:20:39] METHOD: sendMessage
[2026-02-05 08:20:39] URL: https://api.telegram.org/bot8511296428:AAEE0qnkIDJDbYbz4_6KAHzaJji5EpZXr3Y/sendMessage
[2026-02-05 08:20:39] PARAMS: {"chat_id":768732984,"text":"<b>\u1787\u17c6\u17a0\u17b6\u1793 2\/2:<\/b> \u179f\u17bc\u1798\u1796\u17b7\u1796\u178e\u17cc\u1793\u17b6\u179b\u1798\u17d2\u17a2\u17b7\u178f\u17a2\u17c6\u1796\u17b8\u1794\u1789\u17d2\u17a0\u17b6\u179a\u1794\u179f\u17cb\u17a2\u17d2\u1793\u1780:","parse_mode":"HTML"}
[2026-02-05 08:20:39] Making curl request...
[2026-02-05 08:20:40] HTTP CODE: 200
[2026-02-05 08:20:40] RAW RESPONSE: {"ok":true,"result":{"message_id":145,"from":{"id":8511296428,"is_bot":true,"first_name":"Provida Support","username":"provida_support_bot"},"chat":{"id":768732984,"first_name":"Hay Kongmeng -","last_name":"\u17a0\u17c3 \u1782\u1784\u17cb\u1798\u17c9\u17c1\u1784","username":"KongMeng_Hay","type":"private"},"date":1770279640,"text":"\u1787\u17c6\u17a0\u17b6\u1793 2/2: \u179f\u17bc\u1798\u1796\u17b7\u1796\u178e\u17cc\u1793\u17b6\u179b\u1798\u17d2\u17a2\u17b7\u178f\u17a2\u17c6\u1796\u17b8\u1794\u17
[2026-02-05 08:20:40] CURL ERROR: none
[2026-02-05 08:20:40] SUCCESS: sendMessage completed
==========
[2026-02-05 08:20:53] ========== REQUEST ==========
[2026-02-05 08:20:53] METHOD: sendMessage
[2026-02-05 08:20:53] URL: https://api.telegram.org/bot8511296428:AAEE0qnkIDJDbYbz4_6KAHzaJji5EpZXr3Y/sendMessage
[2026-02-05 08:20:53] PARAMS: {"chat_id":768732984,"text":"\u179f\u17c6\u178e\u17be\u1780\u17b6\u179a\u179a\u1794\u179f\u17cb\u17a2\u17d2\u1793\u1780\u1794\u17b6\u1793\u1794\u1784\u17d2\u1780\u17be\u178f!\n\n<b>\u179b\u17c1\u1781\u179f\u17c6\u178e\u17be\u1780\u17b6\u179a:<\/b> TKT-000005\n<b>\u1794\u17d2\u179a\u1792\u17b6\u1793\u1794\u1791:<\/b> ot dg dae\n\n\u1799\u17be\u1784\u1793\u17b9\u1784\u1787\u17bc\u1793\u178a\u17c6\u178e\u17b9\u1784\u17b1\u17d2\u1799\u17a2\u17d2\u1793\u1780\u1793\u17c5\u1796\u17c1\u179b\u178a\u17c2\u179b\u1798\u17b6\u1793\u1780\u17b6\u179a\u1786\u17d2\u179b\u17be\u1799\u178f\u1794\u17d4","parse_mode":"HTML"}
[2026-02-05 08:20:53] Making curl request...
[2026-02-05 08:20:54] HTTP CODE: 200
[2026-02-05 08:20:54] RAW RESPONSE: {"ok":true,"result":{"message_id":147,"from":{"id":8511296428,"is_bot":true,"first_name":"Provida Support","username":"provida_support_bot"},"chat":{"id":768732984,"first_name":"Hay Kongmeng -","last_name":"\u17a0\u17c3 \u1782\u1784\u17cb\u1798\u17c9\u17c1\u1784","username":"KongMeng_Hay","type":"private"},"date":1770279654,"text":"\u179f\u17c6\u178e\u17be\u1780\u17b6\u179a\u179a\u1794\u179f\u17cb\u17a2\u17d2\u1793\u1780\u1794\u17b6\u1793\u1794\u1784\u17d2\u1780\u17be\u178f!\n\n\u179b\u17c1\u178
[2026-02-05 08:20:54] CURL ERROR: none
[2026-02-05 08:20:54] SUCCESS: sendMessage completed
==========
[2026-02-05 08:24:43] ========== REQUEST ==========
[2026-02-05 08:24:43] METHOD: sendMessage
[2026-02-05 08:24:43] URL: https://api.telegram.org/bot8511296428:AAEE0qnkIDJDbYbz4_6KAHzaJji5EpZXr3Y/sendMessage
[2026-02-05 08:24:43] PARAMS: {"chat_id":768732984,"text":"<b>Your Tickets<\/b>\n\n#TKT-000005 - Open\not dg dae\n\n#TKT-000004 - Open\nError vps\n\n","parse_mode":"HTML","reply_markup":"{\"inline_keyboard\":[[{\"text\":\"#TKT-000005 - Open\",\"callback_data\":\"view_ticket:5\"}],[{\"text\":\"#TKT-000004 - Open\",\"callback_data\":\"view_ticket:4\"}]]}"}
[2026-02-05 08:24:43] Making curl request...
[2026-02-05 08:24:43] HTTP CODE: 200
[2026-02-05 08:24:43] RAW RESPONSE: {"ok":true,"result":{"message_id":150,"from":{"id":8511296428,"is_bot":true,"first_name":"Provida Support","username":"provida_support_bot"},"chat":{"id":768732984,"first_name":"Hay Kongmeng -","last_name":"\u17a0\u17c3 \u1782\u1784\u17cb\u1798\u17c9\u17c1\u1784","username":"KongMeng_Hay","type":"private"},"date":1770279883,"text":"Your Tickets\n\n#TKT-000005 - Open\not dg dae\n\n#TKT-000004 - Open\nError vps","entities":[{"offset":0,"length":12,"type":"bold"},{"offset":14,"length":4,"type":"has
[2026-02-05 08:24:43] CURL ERROR: none
[2026-02-05 08:24:43] SUCCESS: sendMessage completed
==========
[2026-02-05 08:24:45] ========== REQUEST ==========
[2026-02-05 08:24:45] METHOD: answerCallbackQuery
[2026-02-05 08:24:45] URL: https://api.telegram.org/bot8511296428:AAEE0qnkIDJDbYbz4_6KAHzaJji5EpZXr3Y/answerCallbackQuery
[2026-02-05 08:24:45] PARAMS: {"callback_query_id":"3301683025698963196","text":"","show_alert":false}
[2026-02-05 08:24:45] Making curl request...
[2026-02-05 08:24:46] HTTP CODE: 200
[2026-02-05 08:24:46] RAW RESPONSE: {"ok":true,"result":true}
[2026-02-05 08:24:46] CURL ERROR: none
[2026-02-05 08:24:46] SUCCESS: answerCallbackQuery completed
==========
[2026-02-05 08:24:46] ========== REQUEST ==========
[2026-02-05 08:24:46] METHOD: sendMessage
[2026-02-05 08:24:46] URL: https://api.telegram.org/bot8511296428:AAEE0qnkIDJDbYbz4_6KAHzaJji5EpZXr3Y/sendMessage
[2026-02-05 08:24:46] PARAMS: {"chat_id":768732984,"text":"<b>Ticket #TKT-000005<\/b>\n\n<b>Subject:<\/b> ot dg dae\n<b>Status:<\/b> Open\n<b>Priority:<\/b> Medium\n<b>Created:<\/b> Feb 5, 2026 3:20 PM\n\n<b>Description:<\/b>\ni wonder why i have this question\n\n<b>Latest Reply (Support):<\/b>\nhello\r\n","parse_mode":"HTML","reply_markup":"{\"inline_keyboard\":[[{\"text\":\"Reply\",\"callback_data\":\"reply_ticket:5\"}]]}"}
[2026-02-05 08:24:46] Making curl request...
[2026-02-05 08:24:47] HTTP CODE: 200
[2026-02-05 08:24:47] RAW RESPONSE: {"ok":true,"result":{"message_id":151,"from":{"id":8511296428,"is_bot":true,"first_name":"Provida Support","username":"provida_support_bot"},"chat":{"id":768732984,"first_name":"Hay Kongmeng -","last_name":"\u17a0\u17c3 \u1782\u1784\u17cb\u1798\u17c9\u17c1\u1784","username":"KongMeng_Hay","type":"private"},"date":1770279887,"text":"Ticket #TKT-000005\n\nSubject: ot dg dae\nStatus: Open\nPriority: Medium\nCreated: Feb 5, 2026 3:20 PM\n\nDescription:\ni wonder why i have this question\n\nLatest Re
[2026-02-05 08:24:47] CURL ERROR: none
[2026-02-05 08:24:47] SUCCESS: sendMessage completed
==========
[2026-02-05 08:25:13] ========== REQUEST ==========
[2026-02-05 08:25:13] METHOD: sendMessage
[2026-02-05 08:25:13] URL: https://api.telegram.org/bot8511296428:AAEE0qnkIDJDbYbz4_6KAHzaJji5EpZXr3Y/sendMessage
[2026-02-05 08:25:13] PARAMS: {"chat_id":768732984,"text":"<b>Your Tickets<\/b>\n\n#TKT-000005 - Open\not dg dae\n\n#TKT-000004 - Open\nError vps\n\n","parse_mode":"HTML","reply_markup":"{\"inline_keyboard\":[[{\"text\":\"#TKT-000005 - Open\",\"callback_data\":\"view_ticket:5\"}],[{\"text\":\"#TKT-000004 - Open\",\"callback_data\":\"view_ticket:4\"}]]}"}
[2026-02-05 08:25:13] Making curl request...
[2026-02-05 08:25:14] HTTP CODE: 200
[2026-02-05 08:25:14] RAW RESPONSE: {"ok":true,"result":{"message_id":154,"from":{"id":8511296428,"is_bot":true,"first_name":"Provida Support","username":"provida_support_bot"},"chat":{"id":768732984,"first_name":"Hay Kongmeng -","last_name":"\u17a0\u17c3 \u1782\u1784\u17cb\u1798\u17c9\u17c1\u1784","username":"KongMeng_Hay","type":"private"},"date":1770279914,"text":"Your Tickets\n\n#TKT-000005 - Open\not dg dae\n\n#TKT-000004 - Open\nError vps","entities":[{"offset":0,"length":12,"type":"bold"},{"offset":14,"length":4,"type":"has
[2026-02-05 08:25:14] CURL ERROR: none
[2026-02-05 08:25:14] SUCCESS: sendMessage completed
==========
[2026-02-05 08:27:05] ========== REQUEST ==========
[2026-02-05 08:27:05] METHOD: sendMessage
[2026-02-05 08:27:05] URL: https://api.telegram.org/bot8511296428:AAEE0qnkIDJDbYbz4_6KAHzaJji5EpZXr3Y/sendMessage
[2026-02-05 08:27:05] PARAMS: {"chat_id":768732984,"text":"<b>\u1796\u17b6\u1780\u17d2\u1799\u1794\u1789\u17d2\u1787\u17b6\u178a\u17c2\u179b\u1798\u17b6\u1793<\/b>\n\n\/start - \u1785\u17b6\u1794\u17cb\u1795\u17d2\u178f\u17be\u1798\u1798\u17c9\u17b6\u179f\u17ca\u17b8\u1793\u1794\u1784\u17d2\u1782\u17b6\u1794\u17cb\n\/link - \u1797\u17d2\u1787\u17b6\u1794\u17cb\u1782\u178e\u1793\u17b8\u17a2\u17ca\u17b8\u1798\u17c2\u179b\u179a\u1794\u179f\u17cb\u17a2\u17d2\u1793\u1780\n\/newticket - \u1794\u1784\u17d2\u1780\u17be\u178f\u179f\u17c6\u178e\u17be\u1780\u17b6\u179a\u1782\u17b6\u17c6\u1791\u17d2\u179a\u1794\u179f\u17cb\u1790\u17d2\u1798\u17b8\n\/mytickets - \u1798\u17be\u179b\u179f\u17c6\u178e\u17be\u1780\u17b6\u179a\u1782\u17b6\u17c6\u1791\u17d2\u179a\u1794\u179f\u17cb\u17a2\u17d2\u1793\u1780\n\/status [ticket#] - \u1796\u17b7\u1793\u17b7\u178f\u17d2\u1799\u179b\u1780\u17d2\u1781\u1781\u17d0\u178e\u17d2\u178c\u179f\u17c6\u178e\u17be\u1780\u17b6\u179a\n\/help - \u1794\u1784\u17d2\u17a0\u17b6\u1789\u179f\u17b6\u179a\u179b\u1798\u17d2\u17a2\u17b7\u178f\u1793\u17c1\u17c7","parse_mode":"HTML"}
[2026-02-05 08:27:05] Making curl request...
[2026-02-05 08:27:06] HTTP CODE: 200
[2026-02-05 08:27:06] RAW RESPONSE: {"ok":true,"result":{"message_id":157,"from":{"id":8511296428,"is_bot":true,"first_name":"Provida Support","username":"provida_support_bot"},"chat":{"id":768732984,"first_name":"Hay Kongmeng -","last_name":"\u17a0\u17c3 \u1782\u1784\u17cb\u1798\u17c9\u17c1\u1784","username":"KongMeng_Hay","type":"private"},"date":1770280026,"text":"\u1796\u17b6\u1780\u17d2\u1799\u1794\u1789\u17d2\u1787\u17b6\u178a\u17c2\u179b\u1798\u17b6\u1793\n\n/start - \u1785\u17b6\u1794\u17cb\u1795\u17d2\u178f\u17be\u1798\u1
[2026-02-05 08:27:06] CURL ERROR: none
[2026-02-05 08:27:06] SUCCESS: sendMessage completed
==========
[2026-02-05 08:27:33] ========== REQUEST ==========
[2026-02-05 08:27:33] METHOD: sendMessage
[2026-02-05 08:27:33] URL: https://api.telegram.org/bot8511296428:AAEE0qnkIDJDbYbz4_6KAHzaJji5EpZXr3Y/sendMessage
[2026-02-05 08:27:33] PARAMS: {"chat_id":768732984,"text":"\u179f\u17bc\u1798\u1795\u17d2\u178f\u179b\u17cb\u1787\u17bc\u1793\u179b\u17c1\u1781\u179f\u17c6\u178e\u17be\u1780\u17b6\u179a\u17d4 \u17a7\u1791\u17b6\u17a0\u179a\u178e\u17cd: \/status TKT-000001","parse_mode":"HTML"}
[2026-02-05 08:27:33] Making curl request...
[2026-02-05 08:27:34] HTTP CODE: 200
[2026-02-05 08:27:34] RAW RESPONSE: {"ok":true,"result":{"message_id":159,"from":{"id":8511296428,"is_bot":true,"first_name":"Provida Support","username":"provida_support_bot"},"chat":{"id":768732984,"first_name":"Hay Kongmeng -","last_name":"\u17a0\u17c3 \u1782\u1784\u17cb\u1798\u17c9\u17c1\u1784","username":"KongMeng_Hay","type":"private"},"date":1770280054,"text":"\u179f\u17bc\u1798\u1795\u17d2\u178f\u179b\u17cb\u1787\u17bc\u1793\u179b\u17c1\u1781\u179f\u17c6\u178e\u17be\u1780\u17b6\u179a\u17d4 \u17a7\u1791\u17b6\u17a0\u179a\u1
[2026-02-05 08:27:34] CURL ERROR: none
[2026-02-05 08:27:34] SUCCESS: sendMessage completed
==========
[2026-02-05 08:27:45] ========== REQUEST ==========
[2026-02-05 08:27:45] METHOD: sendMessage
[2026-02-05 08:27:45] URL: https://api.telegram.org/bot8511296428:AAEE0qnkIDJDbYbz4_6KAHzaJji5EpZXr3Y/sendMessage
[2026-02-05 08:27:45] PARAMS: {"chat_id":768732984,"text":"\u179f\u17c6\u178e\u17be\u1780\u17b6\u179a\u1798\u17b7\u1793\u178f\u17d2\u179a\u17bc\u179c\u1794\u17b6\u1793\u179a\u1780\u1783\u17be\u1789\u1791\u17c1\u17d4 \u1792\u17b6\u1793\u17b6\u1790\u17b6\u17a2\u17d2\u1793\u1780\u1794\u17b6\u1793\u1794\u1789\u17d2\u1785\u17bc\u179b\u179b\u17c1\u1781\u179f\u17c6\u178e\u17be\u1780\u17b6\u179a\u178f\u17d2\u179a\u17b9\u1798\u178f\u17d2\u179a\u17bc\u179c\u17d4","parse_mode":"HTML"}
[2026-02-05 08:27:45] Making curl request...
[2026-02-05 08:27:46] HTTP CODE: 200
[2026-02-05 08:27:46] RAW RESPONSE: {"ok":true,"result":{"message_id":161,"from":{"id":8511296428,"is_bot":true,"first_name":"Provida Support","username":"provida_support_bot"},"chat":{"id":768732984,"first_name":"Hay Kongmeng -","last_name":"\u17a0\u17c3 \u1782\u1784\u17cb\u1798\u17c9\u17c1\u1784","username":"KongMeng_Hay","type":"private"},"date":1770280066,"text":"\u179f\u17c6\u178e\u17be\u1780\u17b6\u179a\u1798\u17b7\u1793\u178f\u17d2\u179a\u17bc\u179c\u1794\u17b6\u1793\u179a\u1780\u1783\u17be\u1789\u1791\u17c1\u17d4 \u1792\u1
[2026-02-05 08:27:46] CURL ERROR: none
[2026-02-05 08:27:46] SUCCESS: sendMessage completed
==========
[2026-02-05 08:34:45] ========== REQUEST ==========
[2026-02-05 08:34:45] METHOD: sendMessage
[2026-02-05 08:34:45] URL: https://api.telegram.org/bot8511296428:AAEE0qnkIDJDbYbz4_6KAHzaJji5EpZXr3Y/sendMessage
[2026-02-05 08:34:45] PARAMS: {"chat_id":768732984,"text":"\u179f\u17bc\u1798\u1794\u1789\u17d2\u1785\u17bc\u179b\u17a2\u17b6\u179f\u1799\u178a\u17d2\u178b\u17b6\u1793\u17a2\u17ca\u17b8\u1798\u17c2\u179b\u179a\u1794\u179f\u17cb\u17a2\u17d2\u1793\u1780\u178a\u17be\u1798\u17d2\u1794\u17b8\u1797\u17d2\u1787\u17b6\u1794\u17cb\u1782\u178e\u1793\u17b8\u179a\u1794\u179f\u17cb\u17a2\u17d2\u1793\u1780:","parse_mode":"HTML"}
[2026-02-05 08:34:45] Making curl request...
[2026-02-05 08:34:46] HTTP CODE: 200
[2026-02-05 08:34:46] RAW RESPONSE: {"ok":true,"result":{"message_id":163,"from":{"id":8511296428,"is_bot":true,"first_name":"Provida Support","username":"provida_support_bot"},"chat":{"id":768732984,"first_name":"Hay Kongmeng -","last_name":"\u17a0\u17c3 \u1782\u1784\u17cb\u1798\u17c9\u17c1\u1784","username":"KongMeng_Hay","type":"private"},"date":1770280486,"text":"\u179f\u17bc\u1798\u1794\u1789\u17d2\u1785\u17bc\u179b\u17a2\u17b6\u179f\u1799\u178a\u17d2\u178b\u17b6\u1793\u17a2\u17ca\u17b8\u1798\u17c2\u179b\u179a\u1794\u179f\u17
[2026-02-05 08:34:46] CURL ERROR: none
[2026-02-05 08:34:46] SUCCESS: sendMessage completed
==========
[2026-02-05 08:35:31] ========== REQUEST ==========
[2026-02-05 08:35:31] METHOD: sendMessage
[2026-02-05 08:35:31] URL: https://api.telegram.org/bot8511296428:AAEE0qnkIDJDbYbz4_6KAHzaJji5EpZXr3Y/sendMessage
[2026-02-05 08:35:31] PARAMS: {"chat_id":768732984,"text":"\u179f\u17bc\u1798\u1794\u1789\u17d2\u1785\u17bc\u179b\u17a2\u17b6\u179f\u17d0\u1799\u178a\u17d2\u178b\u17b6\u1793\u17a2\u17ca\u17b8\u1798\u17c2\u179b\u179a\u1794\u179f\u17cb\u17a2\u17d2\u1793\u1780\u178a\u17be\u1798\u17d2\u1794\u17b8\u1797\u17d2\u1787\u17b6\u1794\u17cb\u1782\u178e\u1793\u17b8\u179a\u1794\u179f\u17cb\u17a2\u17d2\u1793\u1780:","parse_mode":"HTML"}
[2026-02-05 08:35:31] Making curl request...
[2026-02-05 08:35:32] HTTP CODE: 200
[2026-02-05 08:35:32] RAW RESPONSE: {"ok":true,"result":{"message_id":165,"from":{"id":8511296428,"is_bot":true,"first_name":"Provida Support","username":"provida_support_bot"},"chat":{"id":768732984,"first_name":"Hay Kongmeng -","last_name":"\u17a0\u17c3 \u1782\u1784\u17cb\u1798\u17c9\u17c1\u1784","username":"KongMeng_Hay","type":"private"},"date":1770280532,"text":"\u179f\u17bc\u1798\u1794\u1789\u17d2\u1785\u17bc\u179b\u17a2\u17b6\u179f\u17d0\u1799\u178a\u17d2\u178b\u17b6\u1793\u17a2\u17ca\u17b8\u1798\u17c2\u179b\u179a\u1794\u17
[2026-02-05 08:35:32] CURL ERROR: none
[2026-02-05 08:35:32] SUCCESS: sendMessage completed
==========
[2026-02-05 09:16:35] ========== REQUEST ==========
[2026-02-05 09:16:35] METHOD: sendMessage
[2026-02-05 09:16:35] URL: https://api.telegram.org/bot8511296428:AAEE0qnkIDJDbYbz4_6KAHzaJji5EpZXr3Y/sendMessage
[2026-02-05 09:16:35] PARAMS: {"chat_id":768732984,"text":"\u1785\u17bc\u179b\u1780\u17d2\u1793\u17bb\u1784\u1780\u17b6\u179a\u1794\u1784\u17d2\u1780\u17be\u178f\u179f\u17c6\u178e\u17be\u179f\u17bb\u17c6\u1787\u17c6\u1793\u17bd\u1799\u1790\u17d2\u1798\u17b8\u17d4\n\n<b>\u1787\u17c6\u17a0\u17b6\u1793 1\/2:<\/b> \u178f\u17be\u1794\u17d2\u179a\u1792\u17b6\u1793\u1794\u1791\u1793\u17c3\u1794\u1789\u17d2\u17a0\u17b6\u179a\u1794\u179f\u17cb\u17a2\u17d2\u1793\u1780\u1782\u17ba\u1787\u17b6\u17a2\u17d2\u179c\u17b8?","parse_mode":"HTML"}
[2026-02-05 09:16:35] Making curl request...
[2026-02-05 09:16:36] HTTP CODE: 200
[2026-02-05 09:16:36] RAW RESPONSE: {"ok":true,"result":{"message_id":167,"from":{"id":8511296428,"is_bot":true,"first_name":"Provida Support","username":"provida_support_bot"},"chat":{"id":768732984,"first_name":"Hay Kongmeng -","last_name":"\u17a0\u17c3 \u1782\u1784\u17cb\u1798\u17c9\u17c1\u1784","username":"KongMeng_Hay","type":"private"},"date":1770282996,"text":"\u1785\u17bc\u179b\u1780\u17d2\u1793\u17bb\u1784\u1780\u17b6\u179a\u1794\u1784\u17d2\u1780\u17be\u178f\u179f\u17c6\u178e\u17be\u179f\u17bb\u17c6\u1787\u17c6\u1793\u17
[2026-02-05 09:16:36] CURL ERROR: none
[2026-02-05 09:16:36] SUCCESS: sendMessage completed
==========
[2026-02-05 09:16:41] ========== REQUEST ==========
[2026-02-05 09:16:41] METHOD: sendMessage
[2026-02-05 09:16:41] URL: https://api.telegram.org/bot8511296428:AAEE0qnkIDJDbYbz4_6KAHzaJji5EpZXr3Y/sendMessage
[2026-02-05 09:16:41] PARAMS: {"chat_id":768732984,"text":"<b>\u1796\u17b6\u1780\u17d2\u1799\u1794\u1789\u17d2\u1787\u17b6\u178a\u17c2\u179b\u1798\u17b6\u1793<\/b>\n\n\/start - \u1785\u17b6\u1794\u17cb\u1795\u17d2\u178f\u17be\u1798\u1798\u17c9\u17b6\u179f\u17ca\u17b8\u1793\u1794\u1784\u17d2\u1782\u17b6\u1794\u17cb\n\/link - \u1797\u17d2\u1787\u17b6\u1794\u17cb\u1782\u178e\u1793\u17b8\u17a2\u17ca\u17b8\u1798\u17c2\u179b\u179a\u1794\u179f\u17cb\u17a2\u17d2\u1793\u1780\n\/newticket - \u1794\u1784\u17d2\u1780\u17be\u178f\u179f\u17c6\u178e\u17be\u179f\u17bb\u17c6\u1787\u17c6\u1793\u17bd\u1799\u1782\u17b6\u17c6\u1791\u17d2\u179a\u1794\u179f\u17cb\u1790\u17d2\u1798\u17b8\n\/mytickets - \u1798\u17be\u179b\u179f\u17c6\u178e\u17be\u179f\u17bb\u17c6\u1787\u17c6\u1793\u17bd\u1799\u1782\u17b6\u17c6\u1791\u17d2\u179a\u1794\u179f\u17cb\u17a2\u17d2\u1793\u1780\n\/status [ticket#] - \u1796\u17b7\u1793\u17b7\u178f\u17d2\u1799\u179b\u1780\u17d2\u1781\u1781\u17d0\u178e\u17d2\u178c\u179f\u17c6\u178e\u17be\u179f\u17bb\u17c6\u1787\u17c6\u1793\u17bd\u1799\n\/help - \u1794\u1784\u17d2\u17a0\u17b6\u1789\u179f\u17b6\u179a\u179b\u1798\u17d2\u17a2\u17b7\u178f\u1793\u17c1\u17c7","parse_mode":"HTML"}
[2026-02-05 09:16:41] Making curl request...
[2026-02-05 09:16:42] HTTP CODE: 200
[2026-02-05 09:16:42] RAW RESPONSE: {"ok":true,"result":{"message_id":169,"from":{"id":8511296428,"is_bot":true,"first_name":"Provida Support","username":"provida_support_bot"},"chat":{"id":768732984,"first_name":"Hay Kongmeng -","last_name":"\u17a0\u17c3 \u1782\u1784\u17cb\u1798\u17c9\u17c1\u1784","username":"KongMeng_Hay","type":"private"},"date":1770283001,"text":"\u1796\u17b6\u1780\u17d2\u1799\u1794\u1789\u17d2\u1787\u17b6\u178a\u17c2\u179b\u1798\u17b6\u1793\n\n/start - \u1785\u17b6\u1794\u17cb\u1795\u17d2\u178f\u17be\u1798\u1
[2026-02-05 09:16:42] CURL ERROR: none
[2026-02-05 09:16:42] SUCCESS: sendMessage completed
==========
[2026-02-05 09:16:57] ========== REQUEST ==========
[2026-02-05 09:16:57] METHOD: sendMessage
[2026-02-05 09:16:57] URL: https://api.telegram.org/bot8511296428:AAEE0qnkIDJDbYbz4_6KAHzaJji5EpZXr3Y/sendMessage
[2026-02-05 09:16:57] PARAMS: {"chat_id":768732984,"text":"\u179f\u17bc\u1798\u1795\u17d2\u178f\u179b\u17cb\u1787\u17bc\u1793\u179b\u17c1\u1781\u179f\u17c6\u178e\u17be\u179f\u17bb\u17c6\u1787\u17c6\u1793\u17bd\u1799\u17d4 \u17a7\u1791\u17b6\u17a0\u179a\u178e\u17cd: \/status TKT-000001","parse_mode":"HTML"}
[2026-02-05 09:16:57] Making curl request...
[2026-02-05 09:16:58] HTTP CODE: 200
[2026-02-05 09:16:58] RAW RESPONSE: {"ok":true,"result":{"message_id":171,"from":{"id":8511296428,"is_bot":true,"first_name":"Provida Support","username":"provida_support_bot"},"chat":{"id":768732984,"first_name":"Hay Kongmeng -","last_name":"\u17a0\u17c3 \u1782\u1784\u17cb\u1798\u17c9\u17c1\u1784","username":"KongMeng_Hay","type":"private"},"date":1770283018,"text":"\u179f\u17bc\u1798\u1795\u17d2\u178f\u179b\u17cb\u1787\u17bc\u1793\u179b\u17c1\u1781\u179f\u17c6\u178e\u17be\u179f\u17bb\u17c6\u1787\u17c6\u1793\u17bd\u1799\u17d4 \u1
[2026-02-05 09:16:58] CURL ERROR: none
[2026-02-05 09:16:58] SUCCESS: sendMessage completed
==========
[2026-02-05 09:17:01] ========== REQUEST ==========
[2026-02-05 09:17:01] METHOD: sendMessage
[2026-02-05 09:17:01] URL: https://api.telegram.org/bot8511296428:AAEE0qnkIDJDbYbz4_6KAHzaJji5EpZXr3Y/sendMessage
[2026-02-05 09:17:01] PARAMS: {"chat_id":768732984,"text":"\u1785\u17bc\u179b\u1780\u17d2\u1793\u17bb\u1784\u1780\u17b6\u179a\u1794\u1784\u17d2\u1780\u17be\u178f\u179f\u17c6\u178e\u17be\u179f\u17bb\u17c6\u1787\u17c6\u1793\u17bd\u1799\u1790\u17d2\u1798\u17b8\u17d4\n\n<b>\u1787\u17c6\u17a0\u17b6\u1793 1\/2:<\/b> \u178f\u17be\u1794\u17d2\u179a\u1792\u17b6\u1793\u1794\u1791\u1793\u17c3\u1794\u1789\u17d2\u17a0\u17b6\u179a\u1794\u179f\u17cb\u17a2\u17d2\u1793\u1780\u1782\u17ba\u1787\u17b6\u17a2\u17d2\u179c\u17b8?","parse_mode":"HTML"}
[2026-02-05 09:17:01] Making curl request...
[2026-02-05 09:17:02] HTTP CODE: 200
[2026-02-05 09:17:02] RAW RESPONSE: {"ok":true,"result":{"message_id":173,"from":{"id":8511296428,"is_bot":true,"first_name":"Provida Support","username":"provida_support_bot"},"chat":{"id":768732984,"first_name":"Hay Kongmeng -","last_name":"\u17a0\u17c3 \u1782\u1784\u17cb\u1798\u17c9\u17c1\u1784","username":"KongMeng_Hay","type":"private"},"date":1770283022,"text":"\u1785\u17bc\u179b\u1780\u17d2\u1793\u17bb\u1784\u1780\u17b6\u179a\u1794\u1784\u17d2\u1780\u17be\u178f\u179f\u17c6\u178e\u17be\u179f\u17bb\u17c6\u1787\u17c6\u1793\u17
[2026-02-05 09:17:02] CURL ERROR: none
[2026-02-05 09:17:02] SUCCESS: sendMessage completed
==========
[2026-02-05 09:17:04] ========== REQUEST ==========
[2026-02-05 09:17:04] METHOD: sendMessage
[2026-02-05 09:17:04] URL: https://api.telegram.org/bot8511296428:AAEE0qnkIDJDbYbz4_6KAHzaJji5EpZXr3Y/sendMessage
[2026-02-05 09:17:04] PARAMS: {"chat_id":768732984,"text":"\u179f\u17bc\u1798\u179f\u17d2\u179c\u17b6\u1782\u1798\n\n\u179f\u17bc\u1798\u179f\u17d2\u179c\u17b6\u1782\u1798\u1793\u17cd, <b>Telegram User<\/b>! \u1782\u178e\u1793\u17b8\u179a\u1794\u179f\u17cb\u17a2\u17d2\u1793\u1780\u1794\u17b6\u1793\u178f\u1797\u17d2\u1787\u17b6\u1794\u17cb\u179a\u17bd\u1785\u17a0\u17be\u1799\u17d4\n\n\u1794\u17d2\u179a\u17be \/help \u178a\u17be\u1798\u17d2\u1794\u17b8\u1798\u17be\u179b\u179b\u1798\u17d2\u17a2\u17b7\u178f\u179b\u1798\u17d2\u17a2\u17b7\u178f\u179b\u1798\u17d2\u17a2\u17b7\u178f\u17d4","parse_mode":"HTML"}
[2026-02-05 09:17:04] Making curl request...
[2026-02-05 09:17:05] HTTP CODE: 200
[2026-02-05 09:17:05] RAW RESPONSE: {"ok":true,"result":{"message_id":175,"from":{"id":8511296428,"is_bot":true,"first_name":"Provida Support","username":"provida_support_bot"},"chat":{"id":768732984,"first_name":"Hay Kongmeng -","last_name":"\u17a0\u17c3 \u1782\u1784\u17cb\u1798\u17c9\u17c1\u1784","username":"KongMeng_Hay","type":"private"},"date":1770283025,"text":"\u179f\u17bc\u1798\u179f\u17d2\u179c\u17b6\u1782\u1798\n\n\u179f\u17bc\u1798\u179f\u17d2\u179c\u17b6\u1782\u1798\u1793\u17cd, Telegram User! \u1782\u178e\u1793\u17b8\
[2026-02-05 09:17:05] CURL ERROR: none
[2026-02-05 09:17:05] SUCCESS: sendMessage completed
==========
[2026-02-05 09:18:40] ========== REQUEST ==========
[2026-02-05 09:18:40] METHOD: sendMessage
[2026-02-05 09:18:40] URL: https://api.telegram.org/bot8511296428:AAEE0qnkIDJDbYbz4_6KAHzaJji5EpZXr3Y/sendMessage
[2026-02-05 09:18:40] PARAMS: {"chat_id":768732984,"text":"\ud83d\udecd\ufe0f \u17a2\u179a\u1782\u17bb\u178e\u179f\u1798\u17d2\u179a\u17b6\u1794\u17cb\u1780\u17b6\u179a\u1791\u17b6\u1780\u17cb\u1791\u1784\u1798\u1780\u1780\u17b6\u1793\u17cb\u1799\u17be\u1784\u1781\u17d2\u1789\u17bb\u17c6\u17d4 \u178f\u17be\u1794\u1784\u178f\u17d2\u179a\u17bc\u179c\u1780\u17b6\u179a\u1787\u17c6\u1793\u17bd\u1799\u17a2\u17d2\u179c\u17b8\u178a\u17c2\u179a?\n\n\u179f\u17bc\u1798\u179f\u17d2\u179c\u17b6\u1782\u1798\u1793\u17cd, <b>Telegram User<\/b>! \u1782\u178e\u1793\u17b8\u179a\u1794\u179f\u17cb\u17a2\u17d2\u1793\u1780\u1794\u17b6\u1793\u178f\u1797\u17d2\u1787\u17b6\u1794\u17cb\u179a\u17bd\u1785\u17a0\u17be\u1799\u17d4\n\n\u1794\u17d2\u179a\u17be \/help \u178a\u17be\u1798\u17d2\u1794\u17b8\u1798\u17be\u179b\u179b\u1798\u17d2\u17a2\u17b7\u178f\u179b\u1798\u17d2\u17a2\u17b7\u178f\u179b\u1798\u17d2\u17a2\u17b7\u178f\u17d4","parse_mode":"HTML"}
[2026-02-05 09:18:40] Making curl request...
[2026-02-05 09:18:41] HTTP CODE: 200
[2026-02-05 09:18:41] RAW RESPONSE: {"ok":true,"result":{"message_id":177,"from":{"id":8511296428,"is_bot":true,"first_name":"Provida Support","username":"provida_support_bot"},"chat":{"id":768732984,"first_name":"Hay Kongmeng -","last_name":"\u17a0\u17c3 \u1782\u1784\u17cb\u1798\u17c9\u17c1\u1784","username":"KongMeng_Hay","type":"private"},"date":1770283120,"text":"\ud83d\udecd\ufe0f \u17a2\u179a\u1782\u17bb\u178e\u179f\u1798\u17d2\u179a\u17b6\u1794\u17cb\u1780\u17b6\u179a\u1791\u17b6\u1780\u17cb\u1791\u1784\u1798\u1780\u1780\u1
[2026-02-05 09:18:41] CURL ERROR: none
[2026-02-05 09:18:41] SUCCESS: sendMessage completed
==========
[2026-02-05 09:23:20] ========== REQUEST ==========
[2026-02-05 09:23:20] METHOD: sendMessage
[2026-02-05 09:23:20] URL: https://api.telegram.org/bot8511296428:AAEE0qnkIDJDbYbz4_6KAHzaJji5EpZXr3Y/sendMessage
[2026-02-05 09:23:20] PARAMS: {"chat_id":768732984,"text":"\ud83d\udecd\ufe0f \u17a2\u179a\u1782\u17bb\u178e\u179f\u1798\u17d2\u179a\u17b6\u1794\u17cb\u1780\u17b6\u179a\u1791\u17b6\u1780\u17cb\u1791\u1784\u1798\u1780\u1780\u17b6\u1793\u17cb\u1799\u17be\u1784\u1781\u17d2\u1789\u17bb\u17c6\u17d4 \u178f\u17be\u1794\u1784\u178f\u17d2\u179a\u17bc\u179c\u1780\u17b6\u179a\u1787\u17c6\u1793\u17bd\u1799\u17a2\u17d2\u179c\u17b8\u178a\u17c2\u179a?\n\n\u179f\u17bc\u1798\u179f\u17d2\u179c\u17b6\u1782\u1798\u1793\u17cd, <b>Telegram User<\/b>! \u1782\u178e\u1793\u17b8\u179a\u1794\u179f\u17cb\u17a2\u17d2\u1793\u1780\u1794\u17b6\u1793\u178f\u1797\u17d2\u1787\u17b6\u1794\u17cb\u179a\u17bd\u1785\u17a0\u17be\u1799\u17d4\n\n\u1794\u17d2\u179a\u17be \/help \u178a\u17be\u1798\u17d2\u1794\u17b8\u1798\u17be\u179b\u179b\u1798\u17d2\u17a2\u17b7\u178f\u179b\u1798\u17d2\u17a2\u17b7\u178f\u179b\u1798\u17d2\u17a2\u17b7\u178f\u17d4","parse_mode":"HTML"}
[2026-02-05 09:23:20] Making curl request...
[2026-02-05 09:23:21] HTTP CODE: 200
[2026-02-05 09:23:21] RAW RESPONSE: {"ok":true,"result":{"message_id":179,"from":{"id":8511296428,"is_bot":true,"first_name":"Provida Support","username":"provida_support_bot"},"chat":{"id":768732984,"first_name":"Hay Kongmeng -","last_name":"\u17a0\u17c3 \u1782\u1784\u17cb\u1798\u17c9\u17c1\u1784","username":"KongMeng_Hay","type":"private"},"date":1770283401,"text":"\ud83d\udecd\ufe0f \u17a2\u179a\u1782\u17bb\u178e\u179f\u1798\u17d2\u179a\u17b6\u1794\u17cb\u1780\u17b6\u179a\u1791\u17b6\u1780\u17cb\u1791\u1784\u1798\u1780\u1780\u1
[2026-02-05 09:23:21] CURL ERROR: none
[2026-02-05 09:23:21] SUCCESS: sendMessage completed
==========
[2026-02-05 09:23:33] ========== REQUEST ==========
[2026-02-05 09:23:33] METHOD: sendMessage
[2026-02-05 09:23:33] URL: https://api.telegram.org/bot8511296428:AAEE0qnkIDJDbYbz4_6KAHzaJji5EpZXr3Y/sendMessage
[2026-02-05 09:23:33] PARAMS: {"chat_id":768732984,"text":"\u179f\u17bc\u1798\u1794\u1789\u17d2\u1785\u17bc\u179b\u17a2\u17b6\u179f\u17d0\u1799\u178a\u17d2\u178b\u17b6\u1793\u17a2\u17ca\u17b8\u1798\u17c2\u179b\u179a\u1794\u179f\u17cb\u17a2\u17d2\u1793\u1780\u178a\u17be\u1798\u17d2\u1794\u17b8\u1797\u17d2\u1787\u17b6\u1794\u17cb\u1782\u178e\u1793\u17b8\u179a\u1794\u179f\u17cb\u17a2\u17d2\u1793\u1780:","parse_mode":"HTML"}
[2026-02-05 09:23:33] Making curl request...
[2026-02-05 09:23:34] HTTP CODE: 200
[2026-02-05 09:23:34] RAW RESPONSE: {"ok":true,"result":{"message_id":181,"from":{"id":8511296428,"is_bot":true,"first_name":"Provida Support","username":"provida_support_bot"},"chat":{"id":768732984,"first_name":"Hay Kongmeng -","last_name":"\u17a0\u17c3 \u1782\u1784\u17cb\u1798\u17c9\u17c1\u1784","username":"KongMeng_Hay","type":"private"},"date":1770283414,"text":"\u179f\u17bc\u1798\u1794\u1789\u17d2\u1785\u17bc\u179b\u17a2\u17b6\u179f\u17d0\u1799\u178a\u17d2\u178b\u17b6\u1793\u17a2\u17ca\u17b8\u1798\u17c2\u179b\u179a\u1794\u17
[2026-02-05 09:23:34] CURL ERROR: none
[2026-02-05 09:23:34] SUCCESS: sendMessage completed
==========
[2026-02-05 09:23:41] ========== REQUEST ==========
[2026-02-05 09:23:41] METHOD: sendMessage
[2026-02-05 09:23:41] URL: https://api.telegram.org/bot8511296428:AAEE0qnkIDJDbYbz4_6KAHzaJji5EpZXr3Y/sendMessage
[2026-02-05 09:23:41] PARAMS: {"chat_id":768732984,"text":"\u1782\u178e\u1793\u17b8\u179a\u1794\u179f\u17cb\u17a2\u17d2\u1793\u1780\u1794\u17b6\u1793\u178f\u1797\u17d2\u1787\u17b6\u1794\u17cb\u178a\u17c4\u1799\u1787\u17c4\u1782\u1787\u17d0\u1799!\n\n\u17a2\u17d2\u1793\u1780\u1780\u17cf\u17a2\u17b6\u1785:\n- \u1794\u1784\u17d2\u1780\u17be\u178f\u179f\u17c6\u178e\u17be\u179f\u17bb\u17c6\u1787\u17c6\u1793\u17bd\u1799\u178a\u17c4\u1799 \/newticket\n- \u1798\u17be\u179b\u179f\u17c6\u178e\u17be\u179f\u17bb\u17c6\u1787\u17c6\u1793\u17bd\u1799\u179a\u1794\u179f\u17cb\u17a2\u17d2\u1793\u1780 \/mytickets\n- \u1791\u1791\u17bd\u179b\u1794\u17b6\u1793\u1780\u17b6\u179a\u1787\u17bc\u1793\u178a\u17c6\u178e\u17b9\u1784\u17a2\u17c6\u1796\u17b8\u179f\u17c6\u178e\u17be\u179f\u17bb\u17c6\u1787\u17c6\u1793\u17bd\u1799\u179a\u1794\u179f\u17cb\u17a2\u17d2\u1793\u1780","parse_mode":"HTML"}
[2026-02-05 09:23:41] Making curl request...
[2026-02-05 09:23:41] HTTP CODE: 200
[2026-02-05 09:23:41] RAW RESPONSE: {"ok":true,"result":{"message_id":183,"from":{"id":8511296428,"is_bot":true,"first_name":"Provida Support","username":"provida_support_bot"},"chat":{"id":768732984,"first_name":"Hay Kongmeng -","last_name":"\u17a0\u17c3 \u1782\u1784\u17cb\u1798\u17c9\u17c1\u1784","username":"KongMeng_Hay","type":"private"},"date":1770283421,"text":"\u1782\u178e\u1793\u17b8\u179a\u1794\u179f\u17cb\u17a2\u17d2\u1793\u1780\u1794\u17b6\u1793\u178f\u1797\u17d2\u1787\u17b6\u1794\u17cb\u178a\u17c4\u1799\u1787\u17c4\u17
[2026-02-05 09:23:41] CURL ERROR: none
[2026-02-05 09:23:41] SUCCESS: sendMessage completed
==========
[2026-02-05 09:24:40] ========== REQUEST ==========
[2026-02-05 09:24:40] METHOD: sendMessage
[2026-02-05 09:24:40] URL: https://api.telegram.org/bot8511296428:AAEE0qnkIDJDbYbz4_6KAHzaJji5EpZXr3Y/sendMessage
[2026-02-05 09:24:40] PARAMS: {"chat_id":768732984,"text":"\ud83d\udecd\ufe0f \u17a2\u179a\u1782\u17bb\u178e\u179f\u1798\u17d2\u179a\u17b6\u1794\u17cb\u1780\u17b6\u179a\u1791\u17b6\u1780\u17cb\u1791\u1784\u1798\u1780\u1780\u17b6\u1793\u17cb\u1799\u17be\u1784\u1781\u17d2\u1789\u17bb\u17c6\u17d4 \u178f\u17be\u1794\u1784\u178f\u17d2\u179a\u17bc\u179c\u1780\u17b6\u179a\u1787\u17c6\u1793\u17bd\u1799\u17a2\u17d2\u179c\u17b8\u178a\u17c2\u179a?\n\n\u179f\u17bc\u1798\u179f\u17d2\u179c\u17b6\u1782\u1798\u1793\u17cd, <b>Hay Kongmeng - \u17a0\u17c3 \u1782\u1784\u17cb\u1798\u17c9\u17c1\u1784<\/b>! \u1782\u178e\u1793\u17b8\u179a\u1794\u179f\u17cb\u17a2\u17d2\u1793\u1780\u1794\u17b6\u1793\u178f\u1797\u17d2\u1787\u17b6\u1794\u17cb\u179a\u17bd\u1785\u17a0\u17be\u1799\u17d4\n\n\u1794\u17d2\u179a\u17be \/help \u178a\u17be\u1798\u17d2\u1794\u17b8\u1798\u17be\u179b\u179b\u1798\u17d2\u17a2\u17b7\u178f\u179b\u1798\u17d2\u17a2\u17b7\u178f\u179b\u1798\u17d2\u17a2\u17b7\u178f\u17d4","parse_mode":"HTML"}
[2026-02-05 09:24:40] Making curl request...
[2026-02-05 09:24:41] HTTP CODE: 200
[2026-02-05 09:24:41] RAW RESPONSE: {"ok":true,"result":{"message_id":185,"from":{"id":8511296428,"is_bot":true,"first_name":"Provida Support","username":"provida_support_bot"},"chat":{"id":768732984,"first_name":"Hay Kongmeng -","last_name":"\u17a0\u17c3 \u1782\u1784\u17cb\u1798\u17c9\u17c1\u1784","username":"KongMeng_Hay","type":"private"},"date":1770283481,"text":"\ud83d\udecd\ufe0f \u17a2\u179a\u1782\u17bb\u178e\u179f\u1798\u17d2\u179a\u17b6\u1794\u17cb\u1780\u17b6\u179a\u1791\u17b6\u1780\u17cb\u1791\u1784\u1798\u1780\u1780\u1
[2026-02-05 09:24:41] CURL ERROR: none
[2026-02-05 09:24:41] SUCCESS: sendMessage completed
==========
[2026-02-05 09:25:00] ========== REQUEST ==========
[2026-02-05 09:25:00] METHOD: sendMessage
[2026-02-05 09:25:00] URL: https://api.telegram.org/bot8511296428:AAEE0qnkIDJDbYbz4_6KAHzaJji5EpZXr3Y/sendMessage
[2026-02-05 09:25:00] PARAMS: {"chat_id":768732984,"text":"\ud83d\udecd\ufe0f \u17a2\u179a\u1782\u17bb\u178e\u179f\u1798\u17d2\u179a\u17b6\u1794\u17cb\u1780\u17b6\u179a\u1791\u17b6\u1780\u17cb\u1791\u1784\u1798\u1780\u1780\u17b6\u1793\u17cb\u1799\u17be\u1784\u1781\u17d2\u1789\u17bb\u17c6\u17d4 \u178f\u17be\u1794\u1784\u178f\u17d2\u179a\u17bc\u179c\u1780\u17b6\u179a\u1787\u17c6\u1793\u17bd\u1799\u17a2\u17d2\u179c\u17b8\u178a\u17c2\u179a?\n\n\u179f\u17bc\u1798\u179f\u17d2\u179c\u17b6\u1782\u1798\u1793\u17cd, <b>Hay Kongmeng - \u17a0\u17c3 \u1782\u1784\u17cb\u1798\u17c9\u17c1\u1784<\/b>! \u1782\u178e\u1793\u17b8\u179a\u1794\u179f\u17cb\u17a2\u17d2\u1793\u1780\u1794\u17b6\u1793\u178f\u1797\u17d2\u1787\u17b6\u1794\u17cb\u179a\u17bd\u1785\u17a0\u17be\u1799\u17d4\n\n\u1794\u17d2\u179a\u17be \/help \u178a\u17be\u1798\u17d2\u1794\u17b8\u1798\u17be\u179b\u179b\u1798\u17d2\u17a2\u17b7\u178f\u179b\u1798\u17d2\u17a2\u17b7\u178f\u179b\u1798\u17d2\u17a2\u17b7\u178f\u17d4","parse_mode":"HTML"}
[2026-02-05 09:25:00] Making curl request...
[2026-02-05 09:25:01] HTTP CODE: 200
[2026-02-05 09:25:01] RAW RESPONSE: {"ok":true,"result":{"message_id":187,"from":{"id":8511296428,"is_bot":true,"first_name":"Provida Support","username":"provida_support_bot"},"chat":{"id":768732984,"first_name":"Hay Kongmeng -","last_name":"\u17a0\u17c3 \u1782\u1784\u17cb\u1798\u17c9\u17c1\u1784","username":"KongMeng_Hay","type":"private"},"date":1770283501,"text":"\ud83d\udecd\ufe0f \u17a2\u179a\u1782\u17bb\u178e\u179f\u1798\u17d2\u179a\u17b6\u1794\u17cb\u1780\u17b6\u179a\u1791\u17b6\u1780\u17cb\u1791\u1784\u1798\u1780\u1780\u1
[2026-02-05 09:25:01] CURL ERROR: none
[2026-02-05 09:25:01] SUCCESS: sendMessage completed
==========
[2026-02-05 09:27:20] ========== REQUEST ==========
[2026-02-05 09:27:20] METHOD: sendMessage
[2026-02-05 09:27:20] URL: https://api.telegram.org/bot8511296428:AAEE0qnkIDJDbYbz4_6KAHzaJji5EpZXr3Y/sendMessage
[2026-02-05 09:27:20] PARAMS: {"chat_id":768732984,"text":"<b>\u1796\u17b6\u1780\u17d2\u1799\u1794\u1789\u17d2\u1787\u17b6\u178a\u17c2\u179b\u1798\u17b6\u1793<\/b>\n\n\/start - \u1785\u17b6\u1794\u17cb\u1795\u17d2\u178f\u17be\u1798\u1798\u17c9\u17b6\u179f\u17ca\u17b8\u1793\u1794\u1784\u17d2\u1782\u17b6\u1794\u17cb\n\/link - \u1797\u17d2\u1787\u17b6\u1794\u17cb\u1782\u178e\u1793\u17b8\u17a2\u17ca\u17b8\u1798\u17c2\u179b\u179a\u1794\u179f\u17cb\u17a2\u17d2\u1793\u1780\n\/newticket - \u1794\u1784\u17d2\u1780\u17be\u178f\u179f\u17c6\u178e\u17be\u179f\u17bb\u17c6\u1787\u17c6\u1793\u17bd\u1799\u1782\u17b6\u17c6\u1791\u17d2\u179a\u1790\u17d2\u1798\u17b8\n\/mytickets - \u1798\u17be\u179b\u179f\u17c6\u178e\u17be\u179f\u17bb\u17c6\u1787\u17c6\u1793\u17bd\u1799\u1782\u17b6\u17c6\u1791\u17d2\u179a\u1794\u179f\u17cb\u17a2\u17d2\u1793\u1780\n\/status [ticket#] - \u1796\u17b7\u1793\u17b7\u178f\u17d2\u1799\u179b\u1780\u17d2\u1781\u1781\u17d0\u178e\u17d2\u178c\u179f\u17c6\u178e\u17be\u179f\u17bb\u17c6\u1787\u17c6\u1793\u17bd\u1799\n\/help - \u1794\u1784\u17d2\u17a0\u17b6\u1789\u179f\u17b6\u179a\u179b\u1798\u17d2\u17a2\u17b7\u178f\u1793\u17c1\u17c7","parse_mode":"HTML"}
[2026-02-05 09:27:20] Making curl request...
[2026-02-05 09:27:21] HTTP CODE: 200
[2026-02-05 09:27:21] RAW RESPONSE: {"ok":true,"result":{"message_id":189,"from":{"id":8511296428,"is_bot":true,"first_name":"Provida Support","username":"provida_support_bot"},"chat":{"id":768732984,"first_name":"Hay Kongmeng -","last_name":"\u17a0\u17c3 \u1782\u1784\u17cb\u1798\u17c9\u17c1\u1784","username":"KongMeng_Hay","type":"private"},"date":1770283641,"text":"\u1796\u17b6\u1780\u17d2\u1799\u1794\u1789\u17d2\u1787\u17b6\u178a\u17c2\u179b\u1798\u17b6\u1793\n\n/start - \u1785\u17b6\u1794\u17cb\u1795\u17d2\u178f\u17be\u1798\u1
[2026-02-05 09:27:21] CURL ERROR: none
[2026-02-05 09:27:21] SUCCESS: sendMessage completed
==========
[2026-02-05 09:27:31] ========== REQUEST ==========
[2026-02-05 09:27:31] METHOD: sendMessage
[2026-02-05 09:27:31] URL: https://api.telegram.org/bot8511296428:AAEE0qnkIDJDbYbz4_6KAHzaJji5EpZXr3Y/sendMessage
[2026-02-05 09:27:31] PARAMS: {"chat_id":768732984,"text":"\u179f\u17bc\u1798\u1795\u17d2\u178f\u179b\u17cb\u1787\u17bc\u1793\u179b\u17c1\u1781\u179f\u17c6\u178e\u17be\u179f\u17bb\u17c6\u1787\u17c6\u1793\u17bd\u1799\u17d4 \u17a7\u1791\u17b6\u17a0\u179a\u178e\u17cd: \/status TKT-000001","parse_mode":"HTML"}
[2026-02-05 09:27:31] Making curl request...
[2026-02-05 09:27:32] HTTP CODE: 200
[2026-02-05 09:27:32] RAW RESPONSE: {"ok":true,"result":{"message_id":191,"from":{"id":8511296428,"is_bot":true,"first_name":"Provida Support","username":"provida_support_bot"},"chat":{"id":768732984,"first_name":"Hay Kongmeng -","last_name":"\u17a0\u17c3 \u1782\u1784\u17cb\u1798\u17c9\u17c1\u1784","username":"KongMeng_Hay","type":"private"},"date":1770283652,"text":"\u179f\u17bc\u1798\u1795\u17d2\u178f\u179b\u17cb\u1787\u17bc\u1793\u179b\u17c1\u1781\u179f\u17c6\u178e\u17be\u179f\u17bb\u17c6\u1787\u17c6\u1793\u17bd\u1799\u17d4 \u1
[2026-02-05 09:27:32] CURL ERROR: none
[2026-02-05 09:27:32] SUCCESS: sendMessage completed
==========
[2026-02-05 09:27:41] ========== REQUEST ==========
[2026-02-05 09:27:41] METHOD: sendMessage
[2026-02-05 09:27:41] URL: https://api.telegram.org/bot8511296428:AAEE0qnkIDJDbYbz4_6KAHzaJji5EpZXr3Y/sendMessage
[2026-02-05 09:27:41] PARAMS: {"chat_id":768732984,"text":"<b>Your Tickets<\/b>\n\n#TKT-000005 - Open\not dg dae\n\n#TKT-000004 - Open\nError vps\n\n","parse_mode":"HTML","reply_markup":"{\"inline_keyboard\":[[{\"text\":\"#TKT-000005 - Open\",\"callback_data\":\"view_ticket:5\"}],[{\"text\":\"#TKT-000004 - Open\",\"callback_data\":\"view_ticket:4\"}]]}"}
[2026-02-05 09:27:41] Making curl request...
[2026-02-05 09:27:42] HTTP CODE: 200
[2026-02-05 09:27:42] RAW RESPONSE: {"ok":true,"result":{"message_id":193,"from":{"id":8511296428,"is_bot":true,"first_name":"Provida Support","username":"provida_support_bot"},"chat":{"id":768732984,"first_name":"Hay Kongmeng -","last_name":"\u17a0\u17c3 \u1782\u1784\u17cb\u1798\u17c9\u17c1\u1784","username":"KongMeng_Hay","type":"private"},"date":1770283662,"text":"Your Tickets\n\n#TKT-000005 - Open\not dg dae\n\n#TKT-000004 - Open\nError vps","entities":[{"offset":0,"length":12,"type":"bold"},{"offset":14,"length":4,"type":"has
[2026-02-05 09:27:42] CURL ERROR: none
[2026-02-05 09:27:42] SUCCESS: sendMessage completed
==========
[2026-02-05 09:51:27] ========== REQUEST ==========
[2026-02-05 09:51:27] METHOD: sendMessage
[2026-02-05 09:51:27] URL: https://api.telegram.org/bot8511296428:AAEE0qnkIDJDbYbz4_6KAHzaJji5EpZXr3Y/sendMessage
[2026-02-05 09:51:27] PARAMS: {"chat_id":768732984,"text":"\ud83d\udecd\ufe0f \u17a2\u179a\u1782\u17bb\u178e\u179f\u1798\u17d2\u179a\u17b6\u1794\u17cb\u1780\u17b6\u179a\u1791\u17b6\u1780\u17cb\u1791\u1784\u1798\u1780\u1780\u17b6\u1793\u17cb\u1799\u17be\u1784\u1781\u17d2\u1789\u17bb\u17c6\u17d4 \u178f\u17be\u1794\u1784\u178f\u17d2\u179a\u17bc\u179c\u1780\u17b6\u179a\u1787\u17c6\u1793\u17bd\u1799\u17a2\u17d2\u179c\u17b8\u178a\u17c2\u179a?\n\n\u179f\u17bc\u1798\u179f\u17d2\u179c\u17b6\u1782\u1798\u1793\u17cd, <b>Hay Kongmeng - \u17a0\u17c3 \u1782\u1784\u17cb\u1798\u17c9\u17c1\u1784<\/b>! \u1782\u178e\u1793\u17b8\u179a\u1794\u179f\u17cb\u17a2\u17d2\u1793\u1780\u1794\u17b6\u1793\u178f\u1797\u17d2\u1787\u17b6\u1794\u17cb\u179a\u17bd\u1785\u17a0\u17be\u1799\u17d4\n\n\u1794\u17d2\u179a\u17be \/help \u178a\u17be\u1798\u17d2\u1794\u17b8\u1798\u17be\u179b\u179b\u1798\u17d2\u17a2\u17b7\u178f\u179b\u1798\u17d2\u17a2\u17b7\u178f\u179b\u1798\u17d2\u17a2\u17b7\u178f\u17d4","parse_mode":"HTML"}
[2026-02-05 09:51:27] Making curl request...
[2026-02-05 09:51:28] HTTP CODE: 200
[2026-02-05 09:51:28] RAW RESPONSE: {"ok":true,"result":{"message_id":195,"from":{"id":8511296428,"is_bot":true,"first_name":"Provida Support","username":"provida_support_bot"},"chat":{"id":768732984,"first_name":"Hay Kongmeng -","last_name":"\u17a0\u17c3 \u1782\u1784\u17cb\u1798\u17c9\u17c1\u1784","username":"KongMeng_Hay","type":"private"},"date":1770285088,"text":"\ud83d\udecd\ufe0f \u17a2\u179a\u1782\u17bb\u178e\u179f\u1798\u17d2\u179a\u17b6\u1794\u17cb\u1780\u17b6\u179a\u1791\u17b6\u1780\u17cb\u1791\u1784\u1798\u1780\u1780\u1
[2026-02-05 09:51:28] CURL ERROR: none
[2026-02-05 09:51:28] SUCCESS: sendMessage completed
==========
[2026-02-05 09:51:31] ========== REQUEST ==========
[2026-02-05 09:51:31] METHOD: sendMessage
[2026-02-05 09:51:31] URL: https://api.telegram.org/bot8511296428:AAEE0qnkIDJDbYbz4_6KAHzaJji5EpZXr3Y/sendMessage
[2026-02-05 09:51:31] PARAMS: {"chat_id":768732984,"text":"<b>\u1796\u17b6\u1780\u17d2\u1799\u1794\u1789\u17d2\u1787\u17b6\u178a\u17c2\u179b\u1798\u17b6\u1793<\/b>\n\n\/start - \u1785\u17b6\u1794\u17cb\u1795\u17d2\u178f\u17be\u1798\u1798\u17c9\u17b6\u179f\u17ca\u17b8\u1793\u1794\u1784\u17d2\u1782\u17b6\u1794\u17cb\n\/link - \u1797\u17d2\u1787\u17b6\u1794\u17cb\u1782\u178e\u1793\u17b8\u17a2\u17ca\u17b8\u1798\u17c2\u179b\u179a\u1794\u179f\u17cb\u17a2\u17d2\u1793\u1780\n\/newticket - \u1794\u1784\u17d2\u1780\u17be\u178f\u179f\u17c6\u178e\u17be\u179f\u17bb\u17c6\u1787\u17c6\u1793\u17bd\u1799\u1782\u17b6\u17c6\u1791\u17d2\u179a\u1790\u17d2\u1798\u17b8\n\/mytickets - \u1798\u17be\u179b\u179f\u17c6\u178e\u17be\u179f\u17bb\u17c6\u1787\u17c6\u1793\u17bd\u1799\u1782\u17b6\u17c6\u1791\u17d2\u179a\u1794\u179f\u17cb\u17a2\u17d2\u1793\u1780\n\/status [ticket#] - \u1796\u17b7\u1793\u17b7\u178f\u17d2\u1799\u179b\u1780\u17d2\u1781\u1781\u17d0\u178e\u17d2\u178c\u179f\u17c6\u178e\u17be\u179f\u17bb\u17c6\u1787\u17c6\u1793\u17bd\u1799\n\/help - \u1794\u1784\u17d2\u17a0\u17b6\u1789\u179f\u17b6\u179a\u179b\u1798\u17d2\u17a2\u17b7\u178f\u1793\u17c1\u17c7","parse_mode":"HTML"}
[2026-02-05 09:51:31] Making curl request...
[2026-02-05 09:51:32] HTTP CODE: 200
[2026-02-05 09:51:32] RAW RESPONSE: {"ok":true,"result":{"message_id":197,"from":{"id":8511296428,"is_bot":true,"first_name":"Provida Support","username":"provida_support_bot"},"chat":{"id":768732984,"first_name":"Hay Kongmeng -","last_name":"\u17a0\u17c3 \u1782\u1784\u17cb\u1798\u17c9\u17c1\u1784","username":"KongMeng_Hay","type":"private"},"date":1770285092,"text":"\u1796\u17b6\u1780\u17d2\u1799\u1794\u1789\u17d2\u1787\u17b6\u178a\u17c2\u179b\u1798\u17b6\u1793\n\n/start - \u1785\u17b6\u1794\u17cb\u1795\u17d2\u178f\u17be\u1798\u1
[2026-02-05 09:51:32] CURL ERROR: none
[2026-02-05 09:51:32] SUCCESS: sendMessage completed
==========
[2026-02-05 09:51:40] ========== REQUEST ==========
[2026-02-05 09:51:40] METHOD: sendMessage
[2026-02-05 09:51:40] URL: https://api.telegram.org/bot8511296428:AAEE0qnkIDJDbYbz4_6KAHzaJji5EpZXr3Y/sendMessage
[2026-02-05 09:51:40] PARAMS: {"chat_id":768732984,"text":"<b>Your Tickets<\/b>\n\n#TKT-000005 - Open\not dg dae\n\n#TKT-000004 - Open\nError vps\n\n","parse_mode":"HTML","reply_markup":"{\"inline_keyboard\":[[{\"text\":\"#TKT-000005 - Open\",\"callback_data\":\"view_ticket:5\"}],[{\"text\":\"#TKT-000004 - Open\",\"callback_data\":\"view_ticket:4\"}]]}"}
[2026-02-05 09:51:40] Making curl request...
[2026-02-05 09:51:41] HTTP CODE: 200
[2026-02-05 09:51:41] RAW RESPONSE: {"ok":true,"result":{"message_id":199,"from":{"id":8511296428,"is_bot":true,"first_name":"Provida Support","username":"provida_support_bot"},"chat":{"id":768732984,"first_name":"Hay Kongmeng -","last_name":"\u17a0\u17c3 \u1782\u1784\u17cb\u1798\u17c9\u17c1\u1784","username":"KongMeng_Hay","type":"private"},"date":1770285101,"text":"Your Tickets\n\n#TKT-000005 - Open\not dg dae\n\n#TKT-000004 - Open\nError vps","entities":[{"offset":0,"length":12,"type":"bold"},{"offset":14,"length":4,"type":"has
[2026-02-05 09:51:41] CURL ERROR: none
[2026-02-05 09:51:41] SUCCESS: sendMessage completed
==========
[2026-02-05 09:51:45] ========== REQUEST ==========
[2026-02-05 09:51:45] METHOD: answerCallbackQuery
[2026-02-05 09:51:45] URL: https://api.telegram.org/bot8511296428:AAEE0qnkIDJDbYbz4_6KAHzaJji5EpZXr3Y/answerCallbackQuery
[2026-02-05 09:51:45] PARAMS: {"callback_query_id":"3301683028622329970","text":"","show_alert":false}
[2026-02-05 09:51:45] Making curl request...
[2026-02-05 09:51:46] HTTP CODE: 200
[2026-02-05 09:51:46] RAW RESPONSE: {"ok":true,"result":true}
[2026-02-05 09:51:46] CURL ERROR: none
[2026-02-05 09:51:46] SUCCESS: answerCallbackQuery completed
==========
[2026-02-05 09:51:46] ========== REQUEST ==========
[2026-02-05 09:51:46] METHOD: sendMessage
[2026-02-05 09:51:46] URL: https://api.telegram.org/bot8511296428:AAEE0qnkIDJDbYbz4_6KAHzaJji5EpZXr3Y/sendMessage
[2026-02-05 09:51:46] PARAMS: {"chat_id":768732984,"text":"<b>Ticket #TKT-000005<\/b>\n\n<b>Subject:<\/b> ot dg dae\n<b>Status:<\/b> Open\n<b>Priority:<\/b> Medium\n<b>Created:<\/b> Feb 5, 2026 3:20 PM\n\n<b>Description:<\/b>\ni wonder why i have this question\n\n<b>Latest Reply (Support):<\/b>\nhh","parse_mode":"HTML","reply_markup":"{\"inline_keyboard\":[[{\"text\":\"Reply\",\"callback_data\":\"reply_ticket:5\"}]]}"}
[2026-02-05 09:51:46] Making curl request...
[2026-02-05 09:51:47] HTTP CODE: 200
[2026-02-05 09:51:47] RAW RESPONSE: {"ok":true,"result":{"message_id":200,"from":{"id":8511296428,"is_bot":true,"first_name":"Provida Support","username":"provida_support_bot"},"chat":{"id":768732984,"first_name":"Hay Kongmeng -","last_name":"\u17a0\u17c3 \u1782\u1784\u17cb\u1798\u17c9\u17c1\u1784","username":"KongMeng_Hay","type":"private"},"date":1770285107,"text":"Ticket #TKT-000005\n\nSubject: ot dg dae\nStatus: Open\nPriority: Medium\nCreated: Feb 5, 2026 3:20 PM\n\nDescription:\ni wonder why i have this question\n\nLatest Re
[2026-02-05 09:51:47] CURL ERROR: none
[2026-02-05 09:51:47] SUCCESS: sendMessage completed
==========
[2026-02-05 09:51:57] ========== REQUEST ==========
[2026-02-05 09:51:57] METHOD: sendMessage
[2026-02-05 09:51:57] URL: https://api.telegram.org/bot8511296428:AAEE0qnkIDJDbYbz4_6KAHzaJji5EpZXr3Y/sendMessage
[2026-02-05 09:51:57] PARAMS: {"chat_id":768732984,"text":"\u1785\u17bc\u179b\u1780\u17d2\u1793\u17bb\u1784\u1780\u17b6\u179a\u1794\u1784\u17d2\u1780\u17be\u178f\u179f\u17c6\u178e\u17be\u179f\u17bb\u17c6\u1787\u17c6\u1793\u17bd\u1799\u1790\u17d2\u1798\u17b8\u17d4\n\n<b>\u1787\u17c6\u17a0\u17b6\u1793 1\/2:<\/b> \u178f\u17be\u1794\u17d2\u179a\u1792\u17b6\u1793\u1794\u1791\u1793\u17c3\u1794\u1789\u17d2\u17a0\u17b6\u179a\u1794\u179f\u17cb\u17a2\u17d2\u1793\u1780\u1782\u17ba\u1787\u17b6\u17a2\u17d2\u179c\u17b8?","parse_mode":"HTML"}
[2026-02-05 09:51:57] Making curl request...
[2026-02-05 09:51:58] HTTP CODE: 200
[2026-02-05 09:51:58] RAW RESPONSE: {"ok":true,"result":{"message_id":202,"from":{"id":8511296428,"is_bot":true,"first_name":"Provida Support","username":"provida_support_bot"},"chat":{"id":768732984,"first_name":"Hay Kongmeng -","last_name":"\u17a0\u17c3 \u1782\u1784\u17cb\u1798\u17c9\u17c1\u1784","username":"KongMeng_Hay","type":"private"},"date":1770285118,"text":"\u1785\u17bc\u179b\u1780\u17d2\u1793\u17bb\u1784\u1780\u17b6\u179a\u1794\u1784\u17d2\u1780\u17be\u178f\u179f\u17c6\u178e\u17be\u179f\u17bb\u17c6\u1787\u17c6\u1793\u17
[2026-02-05 09:51:58] CURL ERROR: none
[2026-02-05 09:51:58] SUCCESS: sendMessage completed
==========
[2026-02-05 09:52:06] ========== REQUEST ==========
[2026-02-05 09:52:06] METHOD: sendMessage
[2026-02-05 09:52:06] URL: https://api.telegram.org/bot8511296428:AAEE0qnkIDJDbYbz4_6KAHzaJji5EpZXr3Y/sendMessage
[2026-02-05 09:52:06] PARAMS: {"chat_id":768732984,"text":"\u179f\u17bc\u1798\u1795\u17d2\u178f\u179b\u17cb\u1787\u17bc\u1793\u1794\u17d2\u179a\u1792\u17b6\u1793\u1794\u1791\u179b\u1798\u17d2\u17a2\u17b7\u178f (\u1799\u17c9\u17b6\u1784\u17a0\u17c4\u1785\u178e\u17b6\u179f\u17cb 5 \u178f\u17bd\u17a2\u1780\u17d2\u179f\u179a):","parse_mode":"HTML"}
[2026-02-05 09:52:06] Making curl request...
[2026-02-05 09:52:07] HTTP CODE: 200
[2026-02-05 09:52:07] RAW RESPONSE: {"ok":true,"result":{"message_id":204,"from":{"id":8511296428,"is_bot":true,"first_name":"Provida Support","username":"provida_support_bot"},"chat":{"id":768732984,"first_name":"Hay Kongmeng -","last_name":"\u17a0\u17c3 \u1782\u1784\u17cb\u1798\u17c9\u17c1\u1784","username":"KongMeng_Hay","type":"private"},"date":1770285127,"text":"\u179f\u17bc\u1798\u1795\u17d2\u178f\u179b\u17cb\u1787\u17bc\u1793\u1794\u17d2\u179a\u1792\u17b6\u1793\u1794\u1791\u179b\u1798\u17d2\u17a2\u17b7\u178f (\u1799\u17c9\u
[2026-02-05 09:52:07] CURL ERROR: none
[2026-02-05 09:52:07] SUCCESS: sendMessage completed
==========
[2026-02-05 09:52:16] ========== REQUEST ==========
[2026-02-05 09:52:16] METHOD: sendMessage
[2026-02-05 09:52:16] URL: https://api.telegram.org/bot8511296428:AAEE0qnkIDJDbYbz4_6KAHzaJji5EpZXr3Y/sendMessage
[2026-02-05 09:52:16] PARAMS: {"chat_id":768732984,"text":"<b>\u1787\u17c6\u17a0\u17b6\u1793 2\/2:<\/b> \u179f\u17bc\u1798\u1796\u17b7\u1796\u178e\u17cc\u1793\u17b6\u179b\u1798\u17d2\u17a2\u17b7\u178f\u17a2\u17c6\u1796\u17b8\u1794\u1789\u17d2\u17a0\u17b6\u179a\u1794\u179f\u17cb\u17a2\u17d2\u1793\u1780:","parse_mode":"HTML"}
[2026-02-05 09:52:16] Making curl request...
[2026-02-05 09:52:17] HTTP CODE: 200
[2026-02-05 09:52:17] RAW RESPONSE: {"ok":true,"result":{"message_id":206,"from":{"id":8511296428,"is_bot":true,"first_name":"Provida Support","username":"provida_support_bot"},"chat":{"id":768732984,"first_name":"Hay Kongmeng -","last_name":"\u17a0\u17c3 \u1782\u1784\u17cb\u1798\u17c9\u17c1\u1784","username":"KongMeng_Hay","type":"private"},"date":1770285137,"text":"\u1787\u17c6\u17a0\u17b6\u1793 2/2: \u179f\u17bc\u1798\u1796\u17b7\u1796\u178e\u17cc\u1793\u17b6\u179b\u1798\u17d2\u17a2\u17b7\u178f\u17a2\u17c6\u1796\u17b8\u1794\u17
[2026-02-05 09:52:17] CURL ERROR: none
[2026-02-05 09:52:17] SUCCESS: sendMessage completed
==========
[2026-02-05 09:52:22] ========== REQUEST ==========
[2026-02-05 09:52:22] METHOD: sendMessage
[2026-02-05 09:52:22] URL: https://api.telegram.org/bot8511296428:AAEE0qnkIDJDbYbz4_6KAHzaJji5EpZXr3Y/sendMessage
[2026-02-05 09:52:22] PARAMS: {"chat_id":768732984,"text":"\u179f\u17c6\u178e\u17be\u179f\u17bb\u17c6\u1787\u17c6\u1793\u17bd\u1799\u179a\u1794\u179f\u17cb\u17a2\u17d2\u1793\u1780\u1794\u17b6\u1793\u1794\u1784\u17d2\u1780\u17be\u178f!\n\n<b>\u179b\u17c1\u1781\u179f\u17c6\u178e\u17be\u179f\u17bb\u17c6\u1787\u17c6\u1793\u17bd\u1799:<\/b> TKT-000006\n<b>\u1794\u17d2\u179a\u1792\u17b6\u1793\u1794\u1791:<\/b> tests\n\n\u1799\u17be\u1784\u1793\u17b9\u1784\u1787\u17bc\u1793\u178a\u17c6\u178e\u17b9\u1784\u17b1\u17d2\u1799\u17a2\u17d2\u1793\u1780\u1793\u17c5\u1796\u17c1\u179b\u178a\u17c2\u179b\u1798\u17b6\u1793\u1780\u17b6\u179a\u1786\u17d2\u179b\u17be\u1799\u178f\u1794\u17d4","parse_mode":"HTML"}
[2026-02-05 09:52:22] Making curl request...
[2026-02-05 09:52:23] HTTP CODE: 200
[2026-02-05 09:52:23] RAW RESPONSE: {"ok":true,"result":{"message_id":208,"from":{"id":8511296428,"is_bot":true,"first_name":"Provida Support","username":"provida_support_bot"},"chat":{"id":768732984,"first_name":"Hay Kongmeng -","last_name":"\u17a0\u17c3 \u1782\u1784\u17cb\u1798\u17c9\u17c1\u1784","username":"KongMeng_Hay","type":"private"},"date":1770285143,"text":"\u179f\u17c6\u178e\u17be\u179f\u17bb\u17c6\u1787\u17c6\u1793\u17bd\u1799\u179a\u1794\u179f\u17cb\u17a2\u17d2\u1793\u1780\u1794\u17b6\u1793\u1794\u1784\u17d2\u1780\u17
[2026-02-05 09:52:23] CURL ERROR: none
[2026-02-05 09:52:23] SUCCESS: sendMessage completed
==========
[2026-02-05 09:52:25] ========== REQUEST ==========
[2026-02-05 09:52:25] METHOD: sendMessage
[2026-02-05 09:52:25] URL: https://api.telegram.org/bot8511296428:AAEE0qnkIDJDbYbz4_6KAHzaJji5EpZXr3Y/sendMessage
[2026-02-05 09:52:25] PARAMS: {"chat_id":768732984,"text":"<b>Your Tickets<\/b>\n\n#TKT-000006 - Open\ntests\n\n#TKT-000005 - Open\not dg dae\n\n#TKT-000004 - Open\nError vps\n\n","parse_mode":"HTML","reply_markup":"{\"inline_keyboard\":[[{\"text\":\"#TKT-000006 - Open\",\"callback_data\":\"view_ticket:6\"}],[{\"text\":\"#TKT-000005 - Open\",\"callback_data\":\"view_ticket:5\"}],[{\"text\":\"#TKT-000004 - Open\",\"callback_data\":\"view_ticket:4\"}]]}"}
[2026-02-05 09:52:25] Making curl request...
[2026-02-05 09:52:26] HTTP CODE: 200
[2026-02-05 09:52:26] RAW RESPONSE: {"ok":true,"result":{"message_id":210,"from":{"id":8511296428,"is_bot":true,"first_name":"Provida Support","username":"provida_support_bot"},"chat":{"id":768732984,"first_name":"Hay Kongmeng -","last_name":"\u17a0\u17c3 \u1782\u1784\u17cb\u1798\u17c9\u17c1\u1784","username":"KongMeng_Hay","type":"private"},"date":1770285146,"text":"Your Tickets\n\n#TKT-000006 - Open\ntests\n\n#TKT-000005 - Open\not dg dae\n\n#TKT-000004 - Open\nError vps","entities":[{"offset":0,"length":12,"type":"bold"},{"offs
[2026-02-05 09:52:26] CURL ERROR: none
[2026-02-05 09:52:26] SUCCESS: sendMessage completed
==========
[2026-02-05 09:52:28] ========== REQUEST ==========
[2026-02-05 09:52:28] METHOD: answerCallbackQuery
[2026-02-05 09:52:28] URL: https://api.telegram.org/bot8511296428:AAEE0qnkIDJDbYbz4_6KAHzaJji5EpZXr3Y/answerCallbackQuery
[2026-02-05 09:52:28] PARAMS: {"callback_query_id":"3301683027558218267","text":"","show_alert":false}
[2026-02-05 09:52:28] Making curl request...
[2026-02-05 09:52:28] HTTP CODE: 200
[2026-02-05 09:52:28] RAW RESPONSE: {"ok":true,"result":true}
[2026-02-05 09:52:28] CURL ERROR: none
[2026-02-05 09:52:28] SUCCESS: answerCallbackQuery completed
==========
[2026-02-05 09:52:28] ========== REQUEST ==========
[2026-02-05 09:52:28] METHOD: sendMessage
[2026-02-05 09:52:28] URL: https://api.telegram.org/bot8511296428:AAEE0qnkIDJDbYbz4_6KAHzaJji5EpZXr3Y/sendMessage
[2026-02-05 09:52:28] PARAMS: {"chat_id":768732984,"text":"<b>Ticket #TKT-000004<\/b>\n\n<b>Subject:<\/b> Error vps\n<b>Status:<\/b> Open\n<b>Priority:<\/b> High\n<b>Created:<\/b> Feb 5, 2026 11:42 AM\n\n<b>Description:<\/b>\ni can&#039;t login ssh\n\n<b>Latest Reply (You):<\/b>\ntest","parse_mode":"HTML","reply_markup":"{\"inline_keyboard\":[[{\"text\":\"Reply\",\"callback_data\":\"reply_ticket:4\"}]]}"}
[2026-02-05 09:52:28] Making curl request...
[2026-02-05 09:52:29] HTTP CODE: 200
[2026-02-05 09:52:29] RAW RESPONSE: {"ok":true,"result":{"message_id":211,"from":{"id":8511296428,"is_bot":true,"first_name":"Provida Support","username":"provida_support_bot"},"chat":{"id":768732984,"first_name":"Hay Kongmeng -","last_name":"\u17a0\u17c3 \u1782\u1784\u17cb\u1798\u17c9\u17c1\u1784","username":"KongMeng_Hay","type":"private"},"date":1770285149,"text":"Ticket #TKT-000004\n\nSubject: Error vps\nStatus: Open\nPriority: High\nCreated: Feb 5, 2026 11:42 AM\n\nDescription:\ni can't login ssh\n\nLatest Reply (You):\ntest"
[2026-02-05 09:52:29] CURL ERROR: none
[2026-02-05 09:52:29] SUCCESS: sendMessage completed
==========
[2026-02-05 09:52:34] ========== REQUEST ==========
[2026-02-05 09:52:34] METHOD: answerCallbackQuery
[2026-02-05 09:52:34] URL: https://api.telegram.org/bot8511296428:AAEE0qnkIDJDbYbz4_6KAHzaJji5EpZXr3Y/answerCallbackQuery
[2026-02-05 09:52:34] PARAMS: {"callback_query_id":"3301683029458144867","text":"","show_alert":false}
[2026-02-05 09:52:34] Making curl request...
[2026-02-05 09:52:34] HTTP CODE: 200
[2026-02-05 09:52:34] RAW RESPONSE: {"ok":true,"result":true}
[2026-02-05 09:52:34] CURL ERROR: none
[2026-02-05 09:52:34] SUCCESS: answerCallbackQuery completed
==========
[2026-02-05 09:52:35] ========== REQUEST ==========
[2026-02-05 09:52:35] METHOD: sendMessage
[2026-02-05 09:52:35] URL: https://api.telegram.org/bot8511296428:AAEE0qnkIDJDbYbz4_6KAHzaJji5EpZXr3Y/sendMessage
[2026-02-05 09:52:35] PARAMS: {"chat_id":768732984,"text":"\u179f\u17bc\u1798\u179c\u17b6\u1799\u1780\u17d2\u1794\u17b6\u179b\u17a1\u17be\u1784\u179c\u17b7\u1789\u179b\u17be\u179f\u17c6\u178e\u17be\u179f\u17bb\u17c6\u1787\u17c6\u1793\u17bd\u1799:","parse_mode":"HTML"}
[2026-02-05 09:52:35] Making curl request...
[2026-02-05 09:52:36] HTTP CODE: 200
[2026-02-05 09:52:36] RAW RESPONSE: {"ok":true,"result":{"message_id":212,"from":{"id":8511296428,"is_bot":true,"first_name":"Provida Support","username":"provida_support_bot"},"chat":{"id":768732984,"first_name":"Hay Kongmeng -","last_name":"\u17a0\u17c3 \u1782\u1784\u17cb\u1798\u17c9\u17c1\u1784","username":"KongMeng_Hay","type":"private"},"date":1770285155,"text":"\u179f\u17bc\u1798\u179c\u17b6\u1799\u1780\u17d2\u1794\u17b6\u179b\u17a1\u17be\u1784\u179c\u17b7\u1789\u179b\u17be\u179f\u17c6\u178e\u17be\u179f\u17bb\u17c6\u1787\u17
[2026-02-05 09:52:36] CURL ERROR: none
[2026-02-05 09:52:36] SUCCESS: sendMessage completed
==========
[2026-02-05 09:52:40] ========== REQUEST ==========
[2026-02-05 09:52:40] METHOD: sendMessage
[2026-02-05 09:52:40] URL: https://api.telegram.org/bot8511296428:AAEE0qnkIDJDbYbz4_6KAHzaJji5EpZXr3Y/sendMessage
[2026-02-05 09:52:40] PARAMS: {"chat_id":768732984,"text":"\u1780\u17b6\u179a\u1786\u17d2\u179b\u17be\u1799\u178f\u1794\u179a\u1794\u179f\u17cb\u17a2\u17d2\u1793\u1780\u1794\u17b6\u1793\u178a\u17c6\u17a1\u17be\u1784\u179a\u17c0\u1784\u179a\u17b6\u179b\u17cb\u179f\u17c6\u178e\u17be\u179f\u17bb\u17c6\u1787\u17c6\u1793\u17bd\u1799 #TKT-000004\u17d4\n\n\u1799\u17be\u1784\u1793\u17b9\u1784\u1787\u17bc\u1793\u178a\u17c6\u178e\u17b9\u1784\u17b1\u17d2\u1799\u17a2\u17d2\u1793\u1780\u1793\u17c5\u1796\u17c1\u179b\u178a\u17c2\u179b\u1798\u17b6\u1793\u1780\u17b6\u179a\u1786\u17d2\u179b\u17be\u1799\u178f\u1794\u17d4","parse_mode":"HTML"}
[2026-02-05 09:52:40] Making curl request...
[2026-02-05 09:52:41] HTTP CODE: 200
[2026-02-05 09:52:41] RAW RESPONSE: {"ok":true,"result":{"message_id":214,"from":{"id":8511296428,"is_bot":true,"first_name":"Provida Support","username":"provida_support_bot"},"chat":{"id":768732984,"first_name":"Hay Kongmeng -","last_name":"\u17a0\u17c3 \u1782\u1784\u17cb\u1798\u17c9\u17c1\u1784","username":"KongMeng_Hay","type":"private"},"date":1770285161,"text":"\u1780\u17b6\u179a\u1786\u17d2\u179b\u17be\u1799\u178f\u1794\u179a\u1794\u179f\u17cb\u17a2\u17d2\u1793\u1780\u1794\u17b6\u1793\u178a\u17c6\u17a1\u17be\u1784\u179a\u17
[2026-02-05 09:52:41] CURL ERROR: none
[2026-02-05 09:52:41] SUCCESS: sendMessage completed
==========
[2026-02-05 09:53:29] ========== REQUEST ==========
[2026-02-05 09:53:29] METHOD: sendMessage
[2026-02-05 09:53:29] URL: https://api.telegram.org/bot8511296428:AAEE0qnkIDJDbYbz4_6KAHzaJji5EpZXr3Y/sendMessage
[2026-02-05 09:53:29] PARAMS: {"chat_id":768732984,"text":"<b>Your Tickets<\/b>\n\n#TKT-000006 - Open\ntests\n\n#TKT-000005 - Open\not dg dae\n\n#TKT-000004 - Open\nError vps\n\n","parse_mode":"HTML","reply_markup":"{\"inline_keyboard\":[[{\"text\":\"#TKT-000006 - Open\",\"callback_data\":\"view_ticket:6\"}],[{\"text\":\"#TKT-000005 - Open\",\"callback_data\":\"view_ticket:5\"}],[{\"text\":\"#TKT-000004 - Open\",\"callback_data\":\"view_ticket:4\"}]]}"}
[2026-02-05 09:53:29] Making curl request...
[2026-02-05 09:53:30] HTTP CODE: 200
[2026-02-05 09:53:30] RAW RESPONSE: {"ok":true,"result":{"message_id":216,"from":{"id":8511296428,"is_bot":true,"first_name":"Provida Support","username":"provida_support_bot"},"chat":{"id":768732984,"first_name":"Hay Kongmeng -","last_name":"\u17a0\u17c3 \u1782\u1784\u17cb\u1798\u17c9\u17c1\u1784","username":"KongMeng_Hay","type":"private"},"date":1770285209,"text":"Your Tickets\n\n#TKT-000006 - Open\ntests\n\n#TKT-000005 - Open\not dg dae\n\n#TKT-000004 - Open\nError vps","entities":[{"offset":0,"length":12,"type":"bold"},{"offs
[2026-02-05 09:53:30] CURL ERROR: none
[2026-02-05 09:53:30] SUCCESS: sendMessage completed
==========
[2026-02-05 09:53:31] ========== REQUEST ==========
[2026-02-05 09:53:31] METHOD: answerCallbackQuery
[2026-02-05 09:53:31] URL: https://api.telegram.org/bot8511296428:AAEE0qnkIDJDbYbz4_6KAHzaJji5EpZXr3Y/answerCallbackQuery
[2026-02-05 09:53:31] PARAMS: {"callback_query_id":"3301683026484540695","text":"","show_alert":false}
[2026-02-05 09:53:31] Making curl request...
[2026-02-05 09:53:32] HTTP CODE: 200
[2026-02-05 09:53:32] RAW RESPONSE: {"ok":true,"result":true}
[2026-02-05 09:53:32] CURL ERROR: none
[2026-02-05 09:53:32] SUCCESS: answerCallbackQuery completed
==========
[2026-02-05 09:53:32] ========== REQUEST ==========
[2026-02-05 09:53:32] METHOD: sendMessage
[2026-02-05 09:53:32] URL: https://api.telegram.org/bot8511296428:AAEE0qnkIDJDbYbz4_6KAHzaJji5EpZXr3Y/sendMessage
[2026-02-05 09:53:32] PARAMS: {"chat_id":768732984,"text":"<b>Ticket #TKT-000004<\/b>\n\n<b>Subject:<\/b> Error vps\n<b>Status:<\/b> Open\n<b>Priority:<\/b> High\n<b>Created:<\/b> Feb 5, 2026 11:42 AM\n\n<b>Description:<\/b>\ni can&#039;t login ssh\n\n<b>Latest Reply (You):<\/b>\n","parse_mode":"HTML","reply_markup":"{\"inline_keyboard\":[[{\"text\":\"Reply\",\"callback_data\":\"reply_ticket:4\"}]]}"}
[2026-02-05 09:53:32] Making curl request...
[2026-02-05 09:53:33] HTTP CODE: 200
[2026-02-05 09:53:33] RAW RESPONSE: {"ok":true,"result":{"message_id":217,"from":{"id":8511296428,"is_bot":true,"first_name":"Provida Support","username":"provida_support_bot"},"chat":{"id":768732984,"first_name":"Hay Kongmeng -","last_name":"\u17a0\u17c3 \u1782\u1784\u17cb\u1798\u17c9\u17c1\u1784","username":"KongMeng_Hay","type":"private"},"date":1770285213,"text":"Ticket #TKT-000004\n\nSubject: Error vps\nStatus: Open\nPriority: High\nCreated: Feb 5, 2026 11:42 AM\n\nDescription:\ni can't login ssh\n\nLatest Reply (You):","enti
[2026-02-05 09:53:33] CURL ERROR: none
[2026-02-05 09:53:33] SUCCESS: sendMessage completed
==========
[2026-02-05 09:53:34] ========== REQUEST ==========
[2026-02-05 09:53:34] METHOD: answerCallbackQuery
[2026-02-05 09:53:34] URL: https://api.telegram.org/bot8511296428:AAEE0qnkIDJDbYbz4_6KAHzaJji5EpZXr3Y/answerCallbackQuery
[2026-02-05 09:53:34] PARAMS: {"callback_query_id":"3301683029165144791","text":"","show_alert":false}
[2026-02-05 09:53:34] Making curl request...
[2026-02-05 09:53:35] HTTP CODE: 200
[2026-02-05 09:53:35] RAW RESPONSE: {"ok":true,"result":true}
[2026-02-05 09:53:35] CURL ERROR: none
[2026-02-05 09:53:35] SUCCESS: answerCallbackQuery completed
==========
[2026-02-05 09:53:35] ========== REQUEST ==========
[2026-02-05 09:53:35] METHOD: sendMessage
[2026-02-05 09:53:35] URL: https://api.telegram.org/bot8511296428:AAEE0qnkIDJDbYbz4_6KAHzaJji5EpZXr3Y/sendMessage
[2026-02-05 09:53:35] PARAMS: {"chat_id":768732984,"text":"\u179f\u17bc\u1798\u179c\u17b6\u1799\u1780\u17d2\u1794\u17b6\u179b\u17a1\u17be\u1784\u179c\u17b7\u1789\u179b\u17be\u179f\u17c6\u178e\u17be\u179f\u17bb\u17c6\u1787\u17c6\u1793\u17bd\u1799:","parse_mode":"HTML"}
[2026-02-05 09:53:35] Making curl request...
[2026-02-05 09:53:36] HTTP CODE: 200
[2026-02-05 09:53:36] RAW RESPONSE: {"ok":true,"result":{"message_id":218,"from":{"id":8511296428,"is_bot":true,"first_name":"Provida Support","username":"provida_support_bot"},"chat":{"id":768732984,"first_name":"Hay Kongmeng -","last_name":"\u17a0\u17c3 \u1782\u1784\u17cb\u1798\u17c9\u17c1\u1784","username":"KongMeng_Hay","type":"private"},"date":1770285216,"text":"\u179f\u17bc\u1798\u179c\u17b6\u1799\u1780\u17d2\u1794\u17b6\u179b\u17a1\u17be\u1784\u179c\u17b7\u1789\u179b\u17be\u179f\u17c6\u178e\u17be\u179f\u17bb\u17c6\u1787\u17
[2026-02-05 09:53:36] CURL ERROR: none
[2026-02-05 09:53:36] SUCCESS: sendMessage completed
==========
[2026-02-05 09:53:46] ========== REQUEST ==========
[2026-02-05 09:53:46] METHOD: sendMessage
[2026-02-05 09:53:46] URL: https://api.telegram.org/bot8511296428:AAEE0qnkIDJDbYbz4_6KAHzaJji5EpZXr3Y/sendMessage
[2026-02-05 09:53:46] PARAMS: {"chat_id":768732984,"text":"\u1780\u17b6\u179a\u1786\u17d2\u179b\u17be\u1799\u178f\u1794\u179a\u1794\u179f\u17cb\u17a2\u17d2\u1793\u1780\u1794\u17b6\u1793\u178a\u17c6\u17a1\u17be\u1784\u179a\u17c0\u1784\u179a\u17b6\u179b\u17cb\u179f\u17c6\u178e\u17be\u179f\u17bb\u17c6\u1787\u17c6\u1793\u17bd\u1799 #TKT-000004\u17d4\n\n\u1799\u17be\u1784\u1793\u17b9\u1784\u1787\u17bc\u1793\u178a\u17c6\u178e\u17b9\u1784\u17b1\u17d2\u1799\u17a2\u17d2\u1793\u1780\u1793\u17c5\u1796\u17c1\u179b\u178a\u17c2\u179b\u1798\u17b6\u1793\u1780\u17b6\u179a\u1786\u17d2\u179b\u17be\u1799\u178f\u1794\u17d4","parse_mode":"HTML"}
[2026-02-05 09:53:46] Making curl request...
[2026-02-05 09:53:46] HTTP CODE: 200
[2026-02-05 09:53:46] RAW RESPONSE: {"ok":true,"result":{"message_id":220,"from":{"id":8511296428,"is_bot":true,"first_name":"Provida Support","username":"provida_support_bot"},"chat":{"id":768732984,"first_name":"Hay Kongmeng -","last_name":"\u17a0\u17c3 \u1782\u1784\u17cb\u1798\u17c9\u17c1\u1784","username":"KongMeng_Hay","type":"private"},"date":1770285226,"text":"\u1780\u17b6\u179a\u1786\u17d2\u179b\u17be\u1799\u178f\u1794\u179a\u1794\u179f\u17cb\u17a2\u17d2\u1793\u1780\u1794\u17b6\u1793\u178a\u17c6\u17a1\u17be\u1784\u179a\u17
[2026-02-05 09:53:46] CURL ERROR: none
[2026-02-05 09:53:46] SUCCESS: sendMessage completed
==========
[2026-02-05 10:00:49] ========== REQUEST ==========
[2026-02-05 10:00:49] METHOD: sendMessage
[2026-02-05 10:00:49] URL: https://api.telegram.org/bot8511296428:AAEE0qnkIDJDbYbz4_6KAHzaJji5EpZXr3Y/sendMessage
[2026-02-05 10:00:49] PARAMS: {"chat_id":768732984,"text":"<b>Your Tickets<\/b>\n\n#TKT-000006 - Open\ntests\n\n#TKT-000005 - Open\not dg dae\n\n#TKT-000004 - Open\nError vps\n\n","parse_mode":"HTML","reply_markup":"{\"inline_keyboard\":[[{\"text\":\"#TKT-000006 - Open\",\"callback_data\":\"view_ticket:6\"}],[{\"text\":\"#TKT-000005 - Open\",\"callback_data\":\"view_ticket:5\"}],[{\"text\":\"#TKT-000004 - Open\",\"callback_data\":\"view_ticket:4\"}]]}"}
[2026-02-05 10:00:49] Making curl request...
[2026-02-05 10:00:50] HTTP CODE: 200
[2026-02-05 10:00:50] RAW RESPONSE: {"ok":true,"result":{"message_id":222,"from":{"id":8511296428,"is_bot":true,"first_name":"Provida Support","username":"provida_support_bot"},"chat":{"id":768732984,"first_name":"Hay Kongmeng -","last_name":"\u17a0\u17c3 \u1782\u1784\u17cb\u1798\u17c9\u17c1\u1784","username":"KongMeng_Hay","type":"private"},"date":1770285649,"text":"Your Tickets\n\n#TKT-000006 - Open\ntests\n\n#TKT-000005 - Open\not dg dae\n\n#TKT-000004 - Open\nError vps","entities":[{"offset":0,"length":12,"type":"bold"},{"offs
[2026-02-05 10:00:50] CURL ERROR: none
[2026-02-05 10:00:50] SUCCESS: sendMessage completed
==========
[2026-02-05 10:00:51] ========== REQUEST ==========
[2026-02-05 10:00:51] METHOD: answerCallbackQuery
[2026-02-05 10:00:51] URL: https://api.telegram.org/bot8511296428:AAEE0qnkIDJDbYbz4_6KAHzaJji5EpZXr3Y/answerCallbackQuery
[2026-02-05 10:00:51] PARAMS: {"callback_query_id":"3301683026822405919","text":"","show_alert":false}
[2026-02-05 10:00:51] Making curl request...
[2026-02-05 10:00:52] HTTP CODE: 200
[2026-02-05 10:00:52] RAW RESPONSE: {"ok":true,"result":true}
[2026-02-05 10:00:52] CURL ERROR: none
[2026-02-05 10:00:52] SUCCESS: answerCallbackQuery completed
==========
[2026-02-05 10:00:52] ========== REQUEST ==========
[2026-02-05 10:00:52] METHOD: sendMessage
[2026-02-05 10:00:52] URL: https://api.telegram.org/bot8511296428:AAEE0qnkIDJDbYbz4_6KAHzaJji5EpZXr3Y/sendMessage
[2026-02-05 10:00:52] PARAMS: {"chat_id":768732984,"text":"<b>Ticket #TKT-000004<\/b>\n\n<b>Subject:<\/b> Error vps\n<b>Status:<\/b> Open\n<b>Priority:<\/b> High\n<b>Created:<\/b> Feb 5, 2026 11:42 AM\n\n<b>Description:<\/b>\ni can&#039;t login ssh\n\n<b>Latest Reply (You):<\/b>\n","parse_mode":"HTML","reply_markup":"{\"inline_keyboard\":[[{\"text\":\"Reply\",\"callback_data\":\"reply_ticket:4\"}]]}"}
[2026-02-05 10:00:52] Making curl request...
[2026-02-05 10:00:53] HTTP CODE: 200
[2026-02-05 10:00:53] RAW RESPONSE: {"ok":true,"result":{"message_id":223,"from":{"id":8511296428,"is_bot":true,"first_name":"Provida Support","username":"provida_support_bot"},"chat":{"id":768732984,"first_name":"Hay Kongmeng -","last_name":"\u17a0\u17c3 \u1782\u1784\u17cb\u1798\u17c9\u17c1\u1784","username":"KongMeng_Hay","type":"private"},"date":1770285652,"text":"Ticket #TKT-000004\n\nSubject: Error vps\nStatus: Open\nPriority: High\nCreated: Feb 5, 2026 11:42 AM\n\nDescription:\ni can't login ssh\n\nLatest Reply (You):","enti
[2026-02-05 10:00:53] CURL ERROR: none
[2026-02-05 10:00:53] SUCCESS: sendMessage completed
==========
[2026-02-05 10:00:53] ========== REQUEST ==========
[2026-02-05 10:00:53] METHOD: answerCallbackQuery
[2026-02-05 10:00:53] URL: https://api.telegram.org/bot8511296428:AAEE0qnkIDJDbYbz4_6KAHzaJji5EpZXr3Y/answerCallbackQuery
[2026-02-05 10:00:53] PARAMS: {"callback_query_id":"3301683027299568157","text":"","show_alert":false}
[2026-02-05 10:00:53] Making curl request...
[2026-02-05 10:00:54] HTTP CODE: 200
[2026-02-05 10:00:54] RAW RESPONSE: {"ok":true,"result":true}
[2026-02-05 10:00:54] CURL ERROR: none
[2026-02-05 10:00:54] SUCCESS: answerCallbackQuery completed
==========
[2026-02-05 10:00:54] ========== REQUEST ==========
[2026-02-05 10:00:54] METHOD: sendMessage
[2026-02-05 10:00:54] URL: https://api.telegram.org/bot8511296428:AAEE0qnkIDJDbYbz4_6KAHzaJji5EpZXr3Y/sendMessage
[2026-02-05 10:00:54] PARAMS: {"chat_id":768732984,"text":"\u179f\u17bc\u1798\u179f\u179a\u179f\u17c1\u179a\u1780\u17b6\u179a\u1786\u17d2\u179b\u17be\u1799\u178f\u1794\u179a\u1794\u179f\u17cb\u17a2\u17d2\u1793\u1780:","parse_mode":"HTML"}
[2026-02-05 10:00:54] Making curl request...
[2026-02-05 10:00:55] HTTP CODE: 200
[2026-02-05 10:00:55] RAW RESPONSE: {"ok":true,"result":{"message_id":224,"from":{"id":8511296428,"is_bot":true,"first_name":"Provida Support","username":"provida_support_bot"},"chat":{"id":768732984,"first_name":"Hay Kongmeng -","last_name":"\u17a0\u17c3 \u1782\u1784\u17cb\u1798\u17c9\u17c1\u1784","username":"KongMeng_Hay","type":"private"},"date":1770285655,"text":"\u179f\u17bc\u1798\u179f\u179a\u179f\u17c1\u179a\u1780\u17b6\u179a\u1786\u17d2\u179b\u17be\u1799\u178f\u1794\u179a\u1794\u179f\u17cb\u17a2\u17d2\u1793\u1780:"}}
[2026-02-05 10:00:55] CURL ERROR: none
[2026-02-05 10:00:55] SUCCESS: sendMessage completed
==========
[2026-02-05 10:01:16] ========== REQUEST ==========
[2026-02-05 10:01:16] METHOD: sendMessage
[2026-02-05 10:01:16] URL: https://api.telegram.org/bot8511296428:AAEE0qnkIDJDbYbz4_6KAHzaJji5EpZXr3Y/sendMessage
[2026-02-05 10:01:16] PARAMS: {"chat_id":768732984,"text":"\u1780\u17b6\u179a\u1786\u17d2\u179b\u17be\u1799\u178f\u1794\u179a\u1794\u179f\u17cb\u17a2\u17d2\u1793\u1780\u1794\u17b6\u1793\u178a\u17c6\u17a1\u17be\u1784\u179a\u17c0\u1784\u179a\u17b6\u179b\u17cb\u179f\u17c6\u178e\u17be\u179f\u17bb\u17c6\u1787\u17c6\u1793\u17bd\u1799 #TKT-000004\u17d4\n\n\u1799\u17be\u1784\u1793\u17b9\u1784\u1787\u17bc\u1793\u178a\u17c6\u178e\u17b9\u1784\u17b1\u17d2\u1799\u17a2\u17d2\u1793\u1780\u1793\u17c5\u1796\u17c1\u179b\u178a\u17c2\u179b\u1798\u17b6\u1793\u1780\u17b6\u179a\u1786\u17d2\u179b\u17be\u1799\u178f\u1794\u17d4","parse_mode":"HTML"}
[2026-02-05 10:01:16] Making curl request...
[2026-02-05 10:01:17] HTTP CODE: 200
[2026-02-05 10:01:17] RAW RESPONSE: {"ok":true,"result":{"message_id":227,"from":{"id":8511296428,"is_bot":true,"first_name":"Provida Support","username":"provida_support_bot"},"chat":{"id":768732984,"first_name":"Hay Kongmeng -","last_name":"\u17a0\u17c3 \u1782\u1784\u17cb\u1798\u17c9\u17c1\u1784","username":"KongMeng_Hay","type":"private"},"date":1770285677,"text":"\u1780\u17b6\u179a\u1786\u17d2\u179b\u17be\u1799\u178f\u1794\u179a\u1794\u179f\u17cb\u17a2\u17d2\u1793\u1780\u1794\u17b6\u1793\u178a\u17c6\u17a1\u17be\u1784\u179a\u17
[2026-02-05 10:01:17] CURL ERROR: none
[2026-02-05 10:01:17] SUCCESS: sendMessage completed
==========
[2026-02-05 10:02:22] ========== REQUEST ==========
[2026-02-05 10:02:22] METHOD: sendMessage
[2026-02-05 10:02:22] URL: https://api.telegram.org/bot8511296428:AAEE0qnkIDJDbYbz4_6KAHzaJji5EpZXr3Y/sendMessage
[2026-02-05 10:02:22] PARAMS: {"chat_id":768732984,"text":"\u179f\u17bc\u1798\u1794\u17d2\u179a\u17be \/mytickets \u178a\u17be\u1798\u17d2\u1794\u17b8\u1787\u17d2\u179a\u17be\u179f\u179a\u17be\u179f\u179f\u17c6\u178e\u17be\u179f\u17bb\u17c6\u1787\u17c6\u1793\u17bd\u1799 \u17a0\u17be\u1799\u1794\u1793\u17d2\u1791\u17b6\u1794\u17cb\u1798\u1780\u1795\u17d2\u1789\u17be\u17af\u1780\u179f\u17b6\u179a\u17d4\n\u17ac\u1794\u17d2\u179a\u17be \/newticket \u178a\u17be\u1798\u17d2\u1794\u17b8\u1794\u1784\u17d2\u1780\u17be\u178f\u179f\u17c6\u178e\u17be\u179f\u17bb\u17c6\u1787\u17c6\u1793\u17bd\u1799\u1790\u17d2\u1798\u17b8\u17d4","parse_mode":"HTML"}
[2026-02-05 10:02:22] Making curl request...
[2026-02-05 10:02:23] HTTP CODE: 200
[2026-02-05 10:02:23] RAW RESPONSE: {"ok":true,"result":{"message_id":229,"from":{"id":8511296428,"is_bot":true,"first_name":"Provida Support","username":"provida_support_bot"},"chat":{"id":768732984,"first_name":"Hay Kongmeng -","last_name":"\u17a0\u17c3 \u1782\u1784\u17cb\u1798\u17c9\u17c1\u1784","username":"KongMeng_Hay","type":"private"},"date":1770285743,"text":"\u179f\u17bc\u1798\u1794\u17d2\u179a\u17be /mytickets \u178a\u17be\u1798\u17d2\u1794\u17b8\u1787\u17d2\u179a\u17be\u179f\u179a\u17be\u179f\u179f\u17c6\u178e\u17be\u17
[2026-02-05 10:02:23] CURL ERROR: none
[2026-02-05 10:02:23] SUCCESS: sendMessage completed
==========
[2026-02-05 10:02:27] ========== REQUEST ==========
[2026-02-05 10:02:27] METHOD: sendMessage
[2026-02-05 10:02:27] URL: https://api.telegram.org/bot8511296428:AAEE0qnkIDJDbYbz4_6KAHzaJji5EpZXr3Y/sendMessage
[2026-02-05 10:02:27] PARAMS: {"chat_id":768732984,"text":"<b>Your Tickets<\/b>\n\n#TKT-000006 - Open\ntests\n\n#TKT-000005 - Open\not dg dae\n\n#TKT-000004 - Open\nError vps\n\n","parse_mode":"HTML","reply_markup":"{\"inline_keyboard\":[[{\"text\":\"#TKT-000006 - Open\",\"callback_data\":\"view_ticket:6\"}],[{\"text\":\"#TKT-000005 - Open\",\"callback_data\":\"view_ticket:5\"}],[{\"text\":\"#TKT-000004 - Open\",\"callback_data\":\"view_ticket:4\"}]]}"}
[2026-02-05 10:02:27] Making curl request...
[2026-02-05 10:02:28] HTTP CODE: 200
[2026-02-05 10:02:28] RAW RESPONSE: {"ok":true,"result":{"message_id":231,"from":{"id":8511296428,"is_bot":true,"first_name":"Provida Support","username":"provida_support_bot"},"chat":{"id":768732984,"first_name":"Hay Kongmeng -","last_name":"\u17a0\u17c3 \u1782\u1784\u17cb\u1798\u17c9\u17c1\u1784","username":"KongMeng_Hay","type":"private"},"date":1770285747,"text":"Your Tickets\n\n#TKT-000006 - Open\ntests\n\n#TKT-000005 - Open\not dg dae\n\n#TKT-000004 - Open\nError vps","entities":[{"offset":0,"length":12,"type":"bold"},{"offs
[2026-02-05 10:02:28] CURL ERROR: none
[2026-02-05 10:02:28] SUCCESS: sendMessage completed
==========
[2026-02-05 10:02:31] ========== REQUEST ==========
[2026-02-05 10:02:31] METHOD: answerCallbackQuery
[2026-02-05 10:02:31] URL: https://api.telegram.org/bot8511296428:AAEE0qnkIDJDbYbz4_6KAHzaJji5EpZXr3Y/answerCallbackQuery
[2026-02-05 10:02:31] PARAMS: {"callback_query_id":"3301683028221921161","text":"","show_alert":false}
[2026-02-05 10:02:31] Making curl request...
[2026-02-05 10:02:32] HTTP CODE: 200
[2026-02-05 10:02:32] RAW RESPONSE: {"ok":true,"result":true}
[2026-02-05 10:02:32] CURL ERROR: none
[2026-02-05 10:02:32] SUCCESS: answerCallbackQuery completed
==========
[2026-02-05 10:02:32] ========== REQUEST ==========
[2026-02-05 10:02:32] METHOD: sendMessage
[2026-02-05 10:02:32] URL: https://api.telegram.org/bot8511296428:AAEE0qnkIDJDbYbz4_6KAHzaJji5EpZXr3Y/sendMessage
[2026-02-05 10:02:32] PARAMS: {"chat_id":768732984,"text":"<b>Ticket #TKT-000004<\/b>\n\n<b>Subject:<\/b> Error vps\n<b>Status:<\/b> Open\n<b>Priority:<\/b> High\n<b>Created:<\/b> Feb 5, 2026 11:42 AM\n\n<b>Description:<\/b>\ni can&#039;t login ssh\n\n<b>Latest Reply (You):<\/b>\nsdd","parse_mode":"HTML","reply_markup":"{\"inline_keyboard\":[[{\"text\":\"Reply\",\"callback_data\":\"reply_ticket:4\"}]]}"}
[2026-02-05 10:02:32] Making curl request...
[2026-02-05 10:02:33] HTTP CODE: 200
[2026-02-05 10:02:33] RAW RESPONSE: {"ok":true,"result":{"message_id":232,"from":{"id":8511296428,"is_bot":true,"first_name":"Provida Support","username":"provida_support_bot"},"chat":{"id":768732984,"first_name":"Hay Kongmeng -","last_name":"\u17a0\u17c3 \u1782\u1784\u17cb\u1798\u17c9\u17c1\u1784","username":"KongMeng_Hay","type":"private"},"date":1770285752,"text":"Ticket #TKT-000004\n\nSubject: Error vps\nStatus: Open\nPriority: High\nCreated: Feb 5, 2026 11:42 AM\n\nDescription:\ni can't login ssh\n\nLatest Reply (You):\nsdd",
[2026-02-05 10:02:33] CURL ERROR: none
[2026-02-05 10:02:33] SUCCESS: sendMessage completed
==========
[2026-02-05 10:05:23] ========== REQUEST ==========
[2026-02-05 10:05:23] METHOD: answerCallbackQuery
[2026-02-05 10:05:23] URL: https://api.telegram.org/bot8511296428:AAEE0qnkIDJDbYbz4_6KAHzaJji5EpZXr3Y/answerCallbackQuery
[2026-02-05 10:05:23] PARAMS: {"callback_query_id":"3301683026150237425","text":"","show_alert":false}
[2026-02-05 10:05:23] Making curl request...
[2026-02-05 10:05:24] HTTP CODE: 200
[2026-02-05 10:05:24] RAW RESPONSE: {"ok":true,"result":true}
[2026-02-05 10:05:24] CURL ERROR: none
[2026-02-05 10:05:24] SUCCESS: answerCallbackQuery completed
==========
[2026-02-05 10:05:24] ========== REQUEST ==========
[2026-02-05 10:05:24] METHOD: sendMessage
[2026-02-05 10:05:24] URL: https://api.telegram.org/bot8511296428:AAEE0qnkIDJDbYbz4_6KAHzaJji5EpZXr3Y/sendMessage
[2026-02-05 10:05:24] PARAMS: {"chat_id":768732984,"text":"\u179f\u17bc\u1798\u179f\u179a\u179f\u17c1\u179a\u1780\u17b6\u179a\u1786\u17d2\u179b\u17be\u1799\u178f\u1794\u179a\u1794\u179f\u17cb\u17a2\u17d2\u1793\u1780:","parse_mode":"HTML"}
[2026-02-05 10:05:24] Making curl request...
[2026-02-05 10:05:24] HTTP CODE: 200
[2026-02-05 10:05:24] RAW RESPONSE: {"ok":true,"result":{"message_id":233,"from":{"id":8511296428,"is_bot":true,"first_name":"Provida Support","username":"provida_support_bot"},"chat":{"id":768732984,"first_name":"Hay Kongmeng -","last_name":"\u17a0\u17c3 \u1782\u1784\u17cb\u1798\u17c9\u17c1\u1784","username":"KongMeng_Hay","type":"private"},"date":1770285924,"text":"\u179f\u17bc\u1798\u179f\u179a\u179f\u17c1\u179a\u1780\u17b6\u179a\u1786\u17d2\u179b\u17be\u1799\u178f\u1794\u179a\u1794\u179f\u17cb\u17a2\u17d2\u1793\u1780:"}}
[2026-02-05 10:05:24] CURL ERROR: none
[2026-02-05 10:05:24] SUCCESS: sendMessage completed
==========
[2026-02-05 10:10:31] ========== REQUEST ==========
[2026-02-05 10:10:31] METHOD: sendMessage
[2026-02-05 10:10:31] URL: https://api.telegram.org/bot8511296428:AAEE0qnkIDJDbYbz4_6KAHzaJji5EpZXr3Y/sendMessage
[2026-02-05 10:10:31] PARAMS: {"chat_id":768732984,"text":"<b>Your Tickets<\/b>\n\n#TKT-000006 - Open\ntests\n\n#TKT-000005 - Open\not dg dae\n\n#TKT-000004 - Open\nError vps\n\n","parse_mode":"HTML","reply_markup":"{\"inline_keyboard\":[[{\"text\":\"#TKT-000006 - Open\",\"callback_data\":\"view_ticket:6\"}],[{\"text\":\"#TKT-000005 - Open\",\"callback_data\":\"view_ticket:5\"}],[{\"text\":\"#TKT-000004 - Open\",\"callback_data\":\"view_ticket:4\"}]]}"}
[2026-02-05 10:10:31] Making curl request...
[2026-02-05 10:10:32] HTTP CODE: 200
[2026-02-05 10:10:32] RAW RESPONSE: {"ok":true,"result":{"message_id":236,"from":{"id":8511296428,"is_bot":true,"first_name":"Provida Support","username":"provida_support_bot"},"chat":{"id":768732984,"first_name":"Hay Kongmeng -","last_name":"\u17a0\u17c3 \u1782\u1784\u17cb\u1798\u17c9\u17c1\u1784","username":"KongMeng_Hay","type":"private"},"date":1770286232,"text":"Your Tickets\n\n#TKT-000006 - Open\ntests\n\n#TKT-000005 - Open\not dg dae\n\n#TKT-000004 - Open\nError vps","entities":[{"offset":0,"length":12,"type":"bold"},{"offs
[2026-02-05 10:10:32] CURL ERROR: none
[2026-02-05 10:10:32] SUCCESS: sendMessage completed
==========
[2026-02-05 10:10:33] ========== REQUEST ==========
[2026-02-05 10:10:33] METHOD: answerCallbackQuery
[2026-02-05 10:10:33] URL: https://api.telegram.org/bot8511296428:AAEE0qnkIDJDbYbz4_6KAHzaJji5EpZXr3Y/answerCallbackQuery
[2026-02-05 10:10:33] PARAMS: {"callback_query_id":"3301683027348398263","text":"","show_alert":false}
[2026-02-05 10:10:33] Making curl request...
[2026-02-05 10:10:34] HTTP CODE: 200
[2026-02-05 10:10:34] RAW RESPONSE: {"ok":true,"result":true}
[2026-02-05 10:10:34] CURL ERROR: none
[2026-02-05 10:10:34] SUCCESS: answerCallbackQuery completed
==========
[2026-02-05 10:10:34] ========== REQUEST ==========
[2026-02-05 10:10:34] METHOD: sendMessage
[2026-02-05 10:10:34] URL: https://api.telegram.org/bot8511296428:AAEE0qnkIDJDbYbz4_6KAHzaJji5EpZXr3Y/sendMessage
[2026-02-05 10:10:34] PARAMS: {"chat_id":768732984,"text":"<b>Ticket #TKT-000004<\/b>\n\n<b>Subject:<\/b> Error vps\n<b>Status:<\/b> Open\n<b>Priority:<\/b> High\n<b>Created:<\/b> Feb 5, 2026 11:42 AM\n\n<b>Description:<\/b>\ni can&#039;t login ssh\n\n<b>Latest Reply (You):<\/b>\nsdd","parse_mode":"HTML","reply_markup":"{\"inline_keyboard\":[[{\"text\":\"Reply\",\"callback_data\":\"reply_ticket:4\"}]]}"}
[2026-02-05 10:10:34] Making curl request...
[2026-02-05 10:10:35] HTTP CODE: 200
[2026-02-05 10:10:35] RAW RESPONSE: {"ok":true,"result":{"message_id":237,"from":{"id":8511296428,"is_bot":true,"first_name":"Provida Support","username":"provida_support_bot"},"chat":{"id":768732984,"first_name":"Hay Kongmeng -","last_name":"\u17a0\u17c3 \u1782\u1784\u17cb\u1798\u17c9\u17c1\u1784","username":"KongMeng_Hay","type":"private"},"date":1770286235,"text":"Ticket #TKT-000004\n\nSubject: Error vps\nStatus: Open\nPriority: High\nCreated: Feb 5, 2026 11:42 AM\n\nDescription:\ni can't login ssh\n\nLatest Reply (You):\nsdd",
[2026-02-05 10:10:35] CURL ERROR: none
[2026-02-05 10:10:35] SUCCESS: sendMessage completed
==========
[2026-02-05 10:10:36] ========== REQUEST ==========
[2026-02-05 10:10:36] METHOD: answerCallbackQuery
[2026-02-05 10:10:36] URL: https://api.telegram.org/bot8511296428:AAEE0qnkIDJDbYbz4_6KAHzaJji5EpZXr3Y/answerCallbackQuery
[2026-02-05 10:10:36] PARAMS: {"callback_query_id":"3301683027909667447","text":"","show_alert":false}
[2026-02-05 10:10:36] Making curl request...
[2026-02-05 10:10:36] HTTP CODE: 200
[2026-02-05 10:10:36] RAW RESPONSE: {"ok":true,"result":true}
[2026-02-05 10:10:36] CURL ERROR: none
[2026-02-05 10:10:36] SUCCESS: answerCallbackQuery completed
==========
[2026-02-05 10:10:37] ========== REQUEST ==========
[2026-02-05 10:10:37] METHOD: sendMessage
[2026-02-05 10:10:37] URL: https://api.telegram.org/bot8511296428:AAEE0qnkIDJDbYbz4_6KAHzaJji5EpZXr3Y/sendMessage
[2026-02-05 10:10:37] PARAMS: {"chat_id":768732984,"text":"\u179f\u17bc\u1798\u179f\u179a\u179f\u17c1\u179a\u1780\u17b6\u179a\u1786\u17d2\u179b\u17be\u1799\u178f\u1794\u179a\u1794\u179f\u17cb\u17a2\u17d2\u1793\u1780:","parse_mode":"HTML"}
[2026-02-05 10:10:37] Making curl request...
[2026-02-05 10:10:38] HTTP CODE: 200
[2026-02-05 10:10:38] RAW RESPONSE: {"ok":true,"result":{"message_id":238,"from":{"id":8511296428,"is_bot":true,"first_name":"Provida Support","username":"provida_support_bot"},"chat":{"id":768732984,"first_name":"Hay Kongmeng -","last_name":"\u17a0\u17c3 \u1782\u1784\u17cb\u1798\u17c9\u17c1\u1784","username":"KongMeng_Hay","type":"private"},"date":1770286237,"text":"\u179f\u17bc\u1798\u179f\u179a\u179f\u17c1\u179a\u1780\u17b6\u179a\u1786\u17d2\u179b\u17be\u1799\u178f\u1794\u179a\u1794\u179f\u17cb\u17a2\u17d2\u1793\u1780:"}}
[2026-02-05 10:10:38] CURL ERROR: none
[2026-02-05 10:10:38] SUCCESS: sendMessage completed
==========
[2026-02-05 10:10:42] ========== REQUEST ==========
[2026-02-05 10:10:42] METHOD: getFile
[2026-02-05 10:10:42] URL: https://api.telegram.org/bot8511296428:AAEE0qnkIDJDbYbz4_6KAHzaJji5EpZXr3Y/getFile
[2026-02-05 10:10:42] PARAMS: {"file_id":"AgACAgUAAxkBAAPkaYRqrXegpnh3thW7k1AHYlbLnSgAAtANaxtRBClUaTmMWyz8ZKABAAMCAAN5AAM4BA"}
[2026-02-05 10:10:42] Making curl request...
[2026-02-05 10:10:43] HTTP CODE: 200
[2026-02-05 10:10:43] RAW RESPONSE: {"ok":true,"result":{"file_id":"AgACAgUAAxkBAAPkaYRqrXegpnh3thW7k1AHYlbLnSgAAtANaxtRBClUaTmMWyz8ZKABAAMCAAN5AAM4BA","file_unique_id":"AQAD0A1rG1EEKVR-","file_size":40150,"file_path":"photos/file_0.jpg"}}
[2026-02-05 10:10:43] CURL ERROR: none
[2026-02-05 10:10:43] SUCCESS: getFile completed
==========
[2026-02-05 10:10:43] ========== REQUEST ==========
[2026-02-05 10:10:43] METHOD: sendMessage
[2026-02-05 10:10:43] URL: https://api.telegram.org/bot8511296428:AAEE0qnkIDJDbYbz4_6KAHzaJji5EpZXr3Y/sendMessage
[2026-02-05 10:10:43] PARAMS: {"chat_id":768732984,"text":"\u1780\u17c6\u17a0\u17bb\u179f\u1780\u17d2\u1793\u17bb\u1784\u1780\u17b6\u179a\u1791\u17b6\u1789\u1799\u1780\u17af\u1780\u179f\u17b6\u179a\u17d4","parse_mode":"HTML"}
[2026-02-05 10:10:43] Making curl request...
[2026-02-05 10:10:44] HTTP CODE: 200
[2026-02-05 10:10:44] RAW RESPONSE: {"ok":true,"result":{"message_id":240,"from":{"id":8511296428,"is_bot":true,"first_name":"Provida Support","username":"provida_support_bot"},"chat":{"id":768732984,"first_name":"Hay Kongmeng -","last_name":"\u17a0\u17c3 \u1782\u1784\u17cb\u1798\u17c9\u17c1\u1784","username":"KongMeng_Hay","type":"private"},"date":1770286244,"text":"\u1780\u17c6\u17a0\u17bb\u179f\u1780\u17d2\u1793\u17bb\u1784\u1780\u17b6\u179a\u1791\u17b6\u1789\u1799\u1780\u17af\u1780\u179f\u17b6\u179a\u17d4"}}
[2026-02-05 10:10:44] CURL ERROR: none
[2026-02-05 10:10:44] SUCCESS: sendMessage completed
==========
[2026-02-05 10:12:46] ========== REQUEST ==========
[2026-02-05 10:12:46] METHOD: sendMessage
[2026-02-05 10:12:46] URL: https://api.telegram.org/bot8511296428:AAEE0qnkIDJDbYbz4_6KAHzaJji5EpZXr3Y/sendMessage
[2026-02-05 10:12:46] PARAMS: {"chat_id":768732984,"text":"<b>Your Tickets<\/b>\n\n#TKT-000006 - Open\ntests\n\n#TKT-000005 - Open\not dg dae\n\n#TKT-000004 - Open\nError vps\n\n","parse_mode":"HTML","reply_markup":"{\"inline_keyboard\":[[{\"text\":\"#TKT-000006 - Open\",\"callback_data\":\"view_ticket:6\"}],[{\"text\":\"#TKT-000005 - Open\",\"callback_data\":\"view_ticket:5\"}],[{\"text\":\"#TKT-000004 - Open\",\"callback_data\":\"view_ticket:4\"}]]}"}
[2026-02-05 10:12:46] Making curl request...
[2026-02-05 10:12:47] HTTP CODE: 200
[2026-02-05 10:12:47] RAW RESPONSE: {"ok":true,"result":{"message_id":242,"from":{"id":8511296428,"is_bot":true,"first_name":"Provida Support","username":"provida_support_bot"},"chat":{"id":768732984,"first_name":"Hay Kongmeng -","last_name":"\u17a0\u17c3 \u1782\u1784\u17cb\u1798\u17c9\u17c1\u1784","username":"KongMeng_Hay","type":"private"},"date":1770286367,"text":"Your Tickets\n\n#TKT-000006 - Open\ntests\n\n#TKT-000005 - Open\not dg dae\n\n#TKT-000004 - Open\nError vps","entities":[{"offset":0,"length":12,"type":"bold"},{"offs
[2026-02-05 10:12:47] CURL ERROR: none
[2026-02-05 10:12:47] SUCCESS: sendMessage completed
==========
[2026-02-05 10:12:48] ========== REQUEST ==========
[2026-02-05 10:12:48] METHOD: answerCallbackQuery
[2026-02-05 10:12:48] URL: https://api.telegram.org/bot8511296428:AAEE0qnkIDJDbYbz4_6KAHzaJji5EpZXr3Y/answerCallbackQuery
[2026-02-05 10:12:48] PARAMS: {"callback_query_id":"3301683026374499848","text":"","show_alert":false}
[2026-02-05 10:12:48] Making curl request...
[2026-02-05 10:12:49] HTTP CODE: 200
[2026-02-05 10:12:49] RAW RESPONSE: {"ok":true,"result":true}
[2026-02-05 10:12:49] CURL ERROR: none
[2026-02-05 10:12:49] SUCCESS: answerCallbackQuery completed
==========
[2026-02-05 10:12:49] ========== REQUEST ==========
[2026-02-05 10:12:49] METHOD: sendMessage
[2026-02-05 10:12:49] URL: https://api.telegram.org/bot8511296428:AAEE0qnkIDJDbYbz4_6KAHzaJji5EpZXr3Y/sendMessage
[2026-02-05 10:12:49] PARAMS: {"chat_id":768732984,"text":"<b>Ticket #TKT-000004<\/b>\n\n<b>Subject:<\/b> Error vps\n<b>Status:<\/b> Open\n<b>Priority:<\/b> High\n<b>Created:<\/b> Feb 5, 2026 11:42 AM\n\n<b>Description:<\/b>\ni can&#039;t login ssh\n\n<b>Latest Reply (You):<\/b>\nsdd","parse_mode":"HTML","reply_markup":"{\"inline_keyboard\":[[{\"text\":\"Reply\",\"callback_data\":\"reply_ticket:4\"}]]}"}
[2026-02-05 10:12:49] Making curl request...
[2026-02-05 10:12:50] HTTP CODE: 200
[2026-02-05 10:12:50] RAW RESPONSE: {"ok":true,"result":{"message_id":243,"from":{"id":8511296428,"is_bot":true,"first_name":"Provida Support","username":"provida_support_bot"},"chat":{"id":768732984,"first_name":"Hay Kongmeng -","last_name":"\u17a0\u17c3 \u1782\u1784\u17cb\u1798\u17c9\u17c1\u1784","username":"KongMeng_Hay","type":"private"},"date":1770286370,"text":"Ticket #TKT-000004\n\nSubject: Error vps\nStatus: Open\nPriority: High\nCreated: Feb 5, 2026 11:42 AM\n\nDescription:\ni can't login ssh\n\nLatest Reply (You):\nsdd",
[2026-02-05 10:12:50] CURL ERROR: none
[2026-02-05 10:12:50] SUCCESS: sendMessage completed
==========
[2026-02-05 10:12:51] ========== REQUEST ==========
[2026-02-05 10:12:51] METHOD: answerCallbackQuery
[2026-02-05 10:12:51] URL: https://api.telegram.org/bot8511296428:AAEE0qnkIDJDbYbz4_6KAHzaJji5EpZXr3Y/answerCallbackQuery
[2026-02-05 10:12:51] PARAMS: {"callback_query_id":"3301683029651728084","text":"","show_alert":false}
[2026-02-05 10:12:51] Making curl request...
[2026-02-05 10:12:52] HTTP CODE: 200
[2026-02-05 10:12:52] RAW RESPONSE: {"ok":true,"result":true}
[2026-02-05 10:12:52] CURL ERROR: none
[2026-02-05 10:12:52] SUCCESS: answerCallbackQuery completed
==========
[2026-02-05 10:12:52] ========== REQUEST ==========
[2026-02-05 10:12:52] METHOD: sendMessage
[2026-02-05 10:12:52] URL: https://api.telegram.org/bot8511296428:AAEE0qnkIDJDbYbz4_6KAHzaJji5EpZXr3Y/sendMessage
[2026-02-05 10:12:52] PARAMS: {"chat_id":768732984,"text":"\u179f\u17bc\u1798\u179f\u179a\u179f\u17c1\u179a\u1780\u17b6\u179a\u1786\u17d2\u179b\u17be\u1799\u178f\u1794\u179a\u1794\u179f\u17cb\u17a2\u17d2\u1793\u1780:","parse_mode":"HTML"}
[2026-02-05 10:12:52] Making curl request...
[2026-02-05 10:12:53] HTTP CODE: 200
[2026-02-05 10:12:53] RAW RESPONSE: {"ok":true,"result":{"message_id":244,"from":{"id":8511296428,"is_bot":true,"first_name":"Provida Support","username":"provida_support_bot"},"chat":{"id":768732984,"first_name":"Hay Kongmeng -","last_name":"\u17a0\u17c3 \u1782\u1784\u17cb\u1798\u17c9\u17c1\u1784","username":"KongMeng_Hay","type":"private"},"date":1770286373,"text":"\u179f\u17bc\u1798\u179f\u179a\u179f\u17c1\u179a\u1780\u17b6\u179a\u1786\u17d2\u179b\u17be\u1799\u178f\u1794\u179a\u1794\u179f\u17cb\u17a2\u17d2\u1793\u1780:"}}
[2026-02-05 10:12:53] CURL ERROR: none
[2026-02-05 10:12:53] SUCCESS: sendMessage completed
==========
[2026-02-05 10:12:57] ========== REQUEST ==========
[2026-02-05 10:12:57] METHOD: getFile
[2026-02-05 10:12:57] URL: https://api.telegram.org/bot8511296428:AAEE0qnkIDJDbYbz4_6KAHzaJji5EpZXr3Y/getFile
[2026-02-05 10:12:57] PARAMS: {"file_id":"AgACAgUAAxkBAAPkaYRqrXegpnh3thW7k1AHYlbLnSgAAtANaxtRBClUaTmMWyz8ZKABAAMCAAN5AAM4BA"}
[2026-02-05 10:12:57] Making curl request...
[2026-02-05 10:12:58] HTTP CODE: 200
[2026-02-05 10:12:58] RAW RESPONSE: {"ok":true,"result":{"file_id":"AgACAgUAAxkBAAPkaYRqrXegpnh3thW7k1AHYlbLnSgAAtANaxtRBClUaTmMWyz8ZKABAAMCAAN5AAM4BA","file_unique_id":"AQAD0A1rG1EEKVR-","file_size":40150,"file_path":"photos/file_0.jpg"}}
[2026-02-05 10:12:58] CURL ERROR: none
[2026-02-05 10:12:58] SUCCESS: getFile completed
==========
[2026-02-05 10:13:00] ========== REQUEST ==========
[2026-02-05 10:13:00] METHOD: sendMessage
[2026-02-05 10:13:00] URL: https://api.telegram.org/bot8511296428:AAEE0qnkIDJDbYbz4_6KAHzaJji5EpZXr3Y/sendMessage
[2026-02-05 10:13:00] PARAMS: {"chat_id":768732984,"text":"\u2705 \u179a\u17bc\u1794\u1797\u17b6\u1796\u1794\u17b6\u1793\u1795\u17d2\u1789\u17be\u1791\u17c5\u179f\u17c6\u178e\u17be\u179f\u17bb\u17c6\u1787\u17c6\u1793\u17bd\u1799 #TKT-000004 \u178a\u17c4\u1799\u1787\u17c4\u1782\u1787\u17d0\u1799!","parse_mode":"HTML"}
[2026-02-05 10:13:00] Making curl request...
[2026-02-05 10:13:01] HTTP CODE: 200
[2026-02-05 10:13:01] RAW RESPONSE: {"ok":true,"result":{"message_id":246,"from":{"id":8511296428,"is_bot":true,"first_name":"Provida Support","username":"provida_support_bot"},"chat":{"id":768732984,"first_name":"Hay Kongmeng -","last_name":"\u17a0\u17c3 \u1782\u1784\u17cb\u1798\u17c9\u17c1\u1784","username":"KongMeng_Hay","type":"private"},"date":1770286381,"text":"\u2705 \u179a\u17bc\u1794\u1797\u17b6\u1796\u1794\u17b6\u1793\u1795\u17d2\u1789\u17be\u1791\u17c5\u179f\u17c6\u178e\u17be\u179f\u17bb\u17c6\u1787\u17c6\u1793\u17bd\u1
[2026-02-05 10:13:01] CURL ERROR: none
[2026-02-05 10:13:01] SUCCESS: sendMessage completed
==========
[2026-02-05 10:14:08] ========== REQUEST ==========
[2026-02-05 10:14:08] METHOD: sendMessage
[2026-02-05 10:14:08] URL: https://api.telegram.org/bot8511296428:AAEE0qnkIDJDbYbz4_6KAHzaJji5EpZXr3Y/sendMessage
[2026-02-05 10:14:08] PARAMS: {"chat_id":768732984,"text":"\u179f\u17bc\u1798\u1794\u17d2\u179a\u17be \/mytickets \u178a\u17be\u1798\u17d2\u1794\u17b8\u1787\u17d2\u179a\u17be\u179f\u179a\u17be\u179f\u179f\u17c6\u178e\u17be\u179f\u17bb\u17c6\u1787\u17c6\u1793\u17bd\u1799 \u17a0\u17be\u1799\u1794\u1793\u17d2\u1791\u17b6\u1794\u17cb\u1798\u1780\u1795\u17d2\u1789\u17be\u179a\u17bc\u1794\u1797\u17b6\u1796\u17d4\n\u17ac\u1794\u17d2\u179a\u17be \/newticket \u178a\u17be\u1798\u17d2\u1794\u17b8\u1794\u1784\u17d2\u1780\u17be\u178f\u179f\u17c6\u178e\u17be\u179f\u17bb\u17c6\u1787\u17c6\u1793\u17bd\u1799\u1790\u17d2\u1798\u17b8\u17d4","parse_mode":"HTML"}
[2026-02-05 10:14:08] Making curl request...
[2026-02-05 10:14:09] HTTP CODE: 200
[2026-02-05 10:14:09] RAW RESPONSE: {"ok":true,"result":{"message_id":249,"from":{"id":8511296428,"is_bot":true,"first_name":"Provida Support","username":"provida_support_bot"},"chat":{"id":768732984,"first_name":"Hay Kongmeng -","last_name":"\u17a0\u17c3 \u1782\u1784\u17cb\u1798\u17c9\u17c1\u1784","username":"KongMeng_Hay","type":"private"},"date":1770286449,"text":"\u179f\u17bc\u1798\u1794\u17d2\u179a\u17be /mytickets \u178a\u17be\u1798\u17d2\u1794\u17b8\u1787\u17d2\u179a\u17be\u179f\u179a\u17be\u179f\u179f\u17c6\u178e\u17be\u17
[2026-02-05 10:14:09] CURL ERROR: none
[2026-02-05 10:14:09] SUCCESS: sendMessage completed
==========
[2026-02-05 10:16:48] ========== REQUEST ==========
[2026-02-05 10:16:48] METHOD: sendMessage
[2026-02-05 10:16:48] URL: https://api.telegram.org/bot8511296428:AAEE0qnkIDJDbYbz4_6KAHzaJji5EpZXr3Y/sendMessage
[2026-02-05 10:16:48] PARAMS: {"chat_id":768732984,"text":"<b>Your Tickets<\/b>\n\n#TKT-000006 - Open\ntests\n\n#TKT-000005 - Open\not dg dae\n\n#TKT-000004 - Open\nError vps\n\n","parse_mode":"HTML","reply_markup":"{\"inline_keyboard\":[[{\"text\":\"#TKT-000006 - Open\",\"callback_data\":\"view_ticket:6\"}],[{\"text\":\"#TKT-000005 - Open\",\"callback_data\":\"view_ticket:5\"}],[{\"text\":\"#TKT-000004 - Open\",\"callback_data\":\"view_ticket:4\"}]]}"}
[2026-02-05 10:16:48] Making curl request...
[2026-02-05 10:16:49] HTTP CODE: 200
[2026-02-05 10:16:49] RAW RESPONSE: {"ok":true,"result":{"message_id":251,"from":{"id":8511296428,"is_bot":true,"first_name":"Provida Support","username":"provida_support_bot"},"chat":{"id":768732984,"first_name":"Hay Kongmeng -","last_name":"\u17a0\u17c3 \u1782\u1784\u17cb\u1798\u17c9\u17c1\u1784","username":"KongMeng_Hay","type":"private"},"date":1770286608,"text":"Your Tickets\n\n#TKT-000006 - Open\ntests\n\n#TKT-000005 - Open\not dg dae\n\n#TKT-000004 - Open\nError vps","entities":[{"offset":0,"length":12,"type":"bold"},{"offs
[2026-02-05 10:16:49] CURL ERROR: none
[2026-02-05 10:16:49] SUCCESS: sendMessage completed
==========
[2026-02-05 10:16:50] ========== REQUEST ==========
[2026-02-05 10:16:50] METHOD: answerCallbackQuery
[2026-02-05 10:16:50] URL: https://api.telegram.org/bot8511296428:AAEE0qnkIDJDbYbz4_6KAHzaJji5EpZXr3Y/answerCallbackQuery
[2026-02-05 10:16:50] PARAMS: {"callback_query_id":"3301683028715573838","text":"","show_alert":false}
[2026-02-05 10:16:50] Making curl request...
[2026-02-05 10:16:51] HTTP CODE: 200
[2026-02-05 10:16:51] RAW RESPONSE: {"ok":true,"result":true}
[2026-02-05 10:16:51] CURL ERROR: none
[2026-02-05 10:16:51] SUCCESS: answerCallbackQuery completed
==========
[2026-02-05 10:16:51] ========== REQUEST ==========
[2026-02-05 10:16:51] METHOD: sendMessage
[2026-02-05 10:16:51] URL: https://api.telegram.org/bot8511296428:AAEE0qnkIDJDbYbz4_6KAHzaJji5EpZXr3Y/sendMessage
[2026-02-05 10:16:51] PARAMS: {"chat_id":768732984,"text":"<b>Ticket #TKT-000004<\/b>\n\n<b>Subject:<\/b> Error vps\n<b>Status:<\/b> Open\n<b>Priority:<\/b> High\n<b>Created:<\/b> Feb 5, 2026 11:42 AM\n\n<b>Description:<\/b>\ni can&#039;t login ssh\n\n<b>Latest Reply (Support):<\/b>\nfsaf","parse_mode":"HTML","reply_markup":"{\"inline_keyboard\":[[{\"text\":\"Reply\",\"callback_data\":\"reply_ticket:4\"}]]}"}
[2026-02-05 10:16:51] Making curl request...
[2026-02-05 10:16:52] HTTP CODE: 200
[2026-02-05 10:16:52] RAW RESPONSE: {"ok":true,"result":{"message_id":252,"from":{"id":8511296428,"is_bot":true,"first_name":"Provida Support","username":"provida_support_bot"},"chat":{"id":768732984,"first_name":"Hay Kongmeng -","last_name":"\u17a0\u17c3 \u1782\u1784\u17cb\u1798\u17c9\u17c1\u1784","username":"KongMeng_Hay","type":"private"},"date":1770286612,"text":"Ticket #TKT-000004\n\nSubject: Error vps\nStatus: Open\nPriority: High\nCreated: Feb 5, 2026 11:42 AM\n\nDescription:\ni can't login ssh\n\nLatest Reply (Support):\nf
[2026-02-05 10:16:52] CURL ERROR: none
[2026-02-05 10:16:52] SUCCESS: sendMessage completed
==========
[2026-02-05 10:16:53] ========== REQUEST ==========
[2026-02-05 10:16:53] METHOD: answerCallbackQuery
[2026-02-05 10:16:53] URL: https://api.telegram.org/bot8511296428:AAEE0qnkIDJDbYbz4_6KAHzaJji5EpZXr3Y/answerCallbackQuery
[2026-02-05 10:16:53] PARAMS: {"callback_query_id":"3301683028700666567","text":"","show_alert":false}
[2026-02-05 10:16:53] Making curl request...
[2026-02-05 10:16:54] HTTP CODE: 200
[2026-02-05 10:16:54] RAW RESPONSE: {"ok":true,"result":true}
[2026-02-05 10:16:54] CURL ERROR: none
[2026-02-05 10:16:54] SUCCESS: answerCallbackQuery completed
==========
[2026-02-05 10:16:54] ========== REQUEST ==========
[2026-02-05 10:16:54] METHOD: sendMessage
[2026-02-05 10:16:54] URL: https://api.telegram.org/bot8511296428:AAEE0qnkIDJDbYbz4_6KAHzaJji5EpZXr3Y/sendMessage
[2026-02-05 10:16:54] PARAMS: {"chat_id":768732984,"text":"\u179f\u17bc\u1798\u179f\u179a\u179f\u17c1\u179a\u1780\u17b6\u179a\u1786\u17d2\u179b\u17be\u1799\u178f\u1794\u179a\u1794\u179f\u17cb\u17a2\u17d2\u1793\u1780:","parse_mode":"HTML"}
[2026-02-05 10:16:54] Making curl request...
[2026-02-05 10:16:55] HTTP CODE: 200
[2026-02-05 10:16:55] RAW RESPONSE: {"ok":true,"result":{"message_id":253,"from":{"id":8511296428,"is_bot":true,"first_name":"Provida Support","username":"provida_support_bot"},"chat":{"id":768732984,"first_name":"Hay Kongmeng -","last_name":"\u17a0\u17c3 \u1782\u1784\u17cb\u1798\u17c9\u17c1\u1784","username":"KongMeng_Hay","type":"private"},"date":1770286615,"text":"\u179f\u17bc\u1798\u179f\u179a\u179f\u17c1\u179a\u1780\u17b6\u179a\u1786\u17d2\u179b\u17be\u1799\u178f\u1794\u179a\u1794\u179f\u17cb\u17a2\u17d2\u1793\u1780:"}}
[2026-02-05 10:16:55] CURL ERROR: none
[2026-02-05 10:16:55] SUCCESS: sendMessage completed
==========
[2026-02-05 10:17:06] ========== REQUEST ==========
[2026-02-05 10:17:06] METHOD: getFile
[2026-02-05 10:17:06] URL: https://api.telegram.org/bot8511296428:AAEE0qnkIDJDbYbz4_6KAHzaJji5EpZXr3Y/getFile
[2026-02-05 10:17:06] PARAMS: {"file_id":"AgACAgUAAxkBAAPkaYRqrXegpnh3thW7k1AHYlbLnSgAAtANaxtRBClUaTmMWyz8ZKABAAMCAAN5AAM4BA"}
[2026-02-05 10:17:06] Making curl request...
[2026-02-05 10:17:07] HTTP CODE: 200
[2026-02-05 10:17:07] RAW RESPONSE: {"ok":true,"result":{"file_id":"AgACAgUAAxkBAAPkaYRqrXegpnh3thW7k1AHYlbLnSgAAtANaxtRBClUaTmMWyz8ZKABAAMCAAN5AAM4BA","file_unique_id":"AQAD0A1rG1EEKVR-","file_size":40150,"file_path":"photos/file_0.jpg"}}
[2026-02-05 10:17:07] CURL ERROR: none
[2026-02-05 10:17:07] SUCCESS: getFile completed
==========
[2026-02-05 10:17:08] ========== REQUEST ==========
[2026-02-05 10:17:08] METHOD: sendMessage
[2026-02-05 10:17:08] URL: https://api.telegram.org/bot8511296428:AAEE0qnkIDJDbYbz4_6KAHzaJji5EpZXr3Y/sendMessage
[2026-02-05 10:17:08] PARAMS: {"chat_id":768732984,"text":"\u2705 \u179a\u17bc\u1794\u1797\u17b6\u1796\u1794\u17b6\u1793\u1795\u17d2\u1789\u17be\u1791\u17c5\u179f\u17c6\u178e\u17be\u179f\u17bb\u17c6\u1787\u17c6\u1793\u17bd\u1799 #TKT-000004 \u178a\u17c4\u1799\u1787\u17c4\u1782\u1787\u17d0\u1799!","parse_mode":"HTML"}
[2026-02-05 10:17:08] Making curl request...
[2026-02-05 10:17:09] HTTP CODE: 200
[2026-02-05 10:17:09] RAW RESPONSE: {"ok":true,"result":{"message_id":255,"from":{"id":8511296428,"is_bot":true,"first_name":"Provida Support","username":"provida_support_bot"},"chat":{"id":768732984,"first_name":"Hay Kongmeng -","last_name":"\u17a0\u17c3 \u1782\u1784\u17cb\u1798\u17c9\u17c1\u1784","username":"KongMeng_Hay","type":"private"},"date":1770286629,"text":"\u2705 \u179a\u17bc\u1794\u1797\u17b6\u1796\u1794\u17b6\u1793\u1795\u17d2\u1789\u17be\u1791\u17c5\u179f\u17c6\u178e\u17be\u179f\u17bb\u17c6\u1787\u17c6\u1793\u17bd\u1
[2026-02-05 10:17:09] CURL ERROR: none
[2026-02-05 10:17:09] SUCCESS: sendMessage completed
==========
[2026-02-06 06:24:01] ========== REQUEST ==========
[2026-02-06 06:24:01] METHOD: setWebhook
[2026-02-06 06:24:01] URL: https://api.telegram.org/bot8511296428:AAEE0qnkIDJDbYbz4_6KAHzaJji5EpZXr3Y/setWebhook
[2026-02-06 06:24:01] PARAMS: {"url":"https:\/\/ticket.providawater.com\/api\/telegram\/webhook\/1"}
[2026-02-06 06:24:01] Making curl request...
[2026-02-06 06:24:02] HTTP CODE: 200
[2026-02-06 06:24:02] RAW RESPONSE: {"ok":true,"result":true,"description":"Webhook was set"}
[2026-02-06 06:24:02] CURL ERROR: none
[2026-02-06 06:24:02] SUCCESS: setWebhook completed
==========
[2026-02-06 06:24:02] ========== REQUEST ==========
[2026-02-06 06:24:02] METHOD: getWebhookInfo
[2026-02-06 06:24:02] URL: https://api.telegram.org/bot8511296428:AAEE0qnkIDJDbYbz4_6KAHzaJji5EpZXr3Y/getWebhookInfo
[2026-02-06 06:24:02] PARAMS: []
[2026-02-06 06:24:02] Making curl request...
[2026-02-06 06:24:02] ========== REQUEST ==========
[2026-02-06 06:24:02] METHOD: sendMessage
[2026-02-06 06:24:02] URL: https://api.telegram.org/bot8511296428:AAEE0qnkIDJDbYbz4_6KAHzaJji5EpZXr3Y/sendMessage
[2026-02-06 06:24:02] PARAMS: {"chat_id":768732984,"text":"\ud83d\udecd\ufe0f \u17a2\u179a\u1782\u17bb\u178e\u179f\u1798\u17d2\u179a\u17b6\u1794\u17cb\u1780\u17b6\u179a\u1791\u17b6\u1780\u17cb\u1791\u1784\u1798\u1780\u1780\u17b6\u1793\u17cb\u1799\u17be\u1784\u1781\u17d2\u1789\u17bb\u17c6\u17d4 \u178f\u17be\u1794\u1784\u178f\u17d2\u179a\u17bc\u179c\u1780\u17b6\u179a\u1787\u17c6\u1793\u17bd\u1799\u17a2\u17d2\u179c\u17b8\u178a\u17c2\u179a?\n\n\u179f\u17bc\u1798\u179f\u17d2\u179c\u17b6\u1782\u1798\u1793\u17cd, <b>Hay Kongmeng - \u17a0\u17c3 \u1782\u1784\u17cb\u1798\u17c9\u17c1\u1784<\/b>! \u1782\u178e\u1793\u17b8\u179a\u1794\u179f\u17cb\u17a2\u17d2\u1793\u1780\u1794\u17b6\u1793\u178f\u1797\u17d2\u1787\u17b6\u1794\u17cb\u179a\u17bd\u1785\u17a0\u17be\u1799\u17d4\n\n\u1785\u17bb\u1785\u1794\u17ca\u17bc\u178f\u17bb\u1784\u1781\u17b6\u1784\u1780\u17d2\u179a\u17c4\u1798 \u178a\u17be\u1798\u17d2\u1794\u17b8\u1794\u17be\u1780\u1780\u1798\u17d2\u1798\u179c\u17b7\u1792\u17b8 \u17ac\u1794\u17d2\u179a\u17be \/help \u178a\u17be\u1798\u17d2\u1794\u17b8\u1798\u17be\u179b\u1796\u17b6\u1780\u17d2\u1799\u1794\u1789\u17d2\u1787\u17b6\u17d4","parse_mode":"HTML","reply_markup":"{\"inline_keyboard\":[[{\"text\":\"\\ud83d\\ude80 \\u1794\\u17be\\u1780\\u1780\\u1798\\u17d2\\u1798\\u179c\\u17b7\\u1792\\u17b8\",\"web_app\":{\"url\":\"https:\\\/\\\/support.dpdc512.dpdatacenter.com\\\/telegram-app.html\"}}]]}"}
[2026-02-06 06:24:02] Making curl request...
[2026-02-06 06:24:03] HTTP CODE: 200
[2026-02-06 06:24:03] RAW RESPONSE: {"ok":true,"result":{"url":"https://ticket.providawater.com/api/telegram/webhook/1","has_custom_certificate":false,"pending_update_count":4,"max_connections":40,"ip_address":"157.10.72.3","allowed_updates":["message","callback_query"]}}
[2026-02-06 06:24:03] CURL ERROR: none
[2026-02-06 06:24:03] SUCCESS: getWebhookInfo completed
==========
[2026-02-06 06:24:03] HTTP CODE: 200
[2026-02-06 06:24:03] RAW RESPONSE: {"ok":true,"result":{"message_id":271,"from":{"id":8511296428,"is_bot":true,"first_name":"Provida Support","username":"provida_support_bot"},"chat":{"id":768732984,"first_name":"Hay Kongmeng -","last_name":"\u17a0\u17c3 \u1782\u1784\u17cb\u1798\u17c9\u17c1\u1784","username":"KongMeng_Hay","type":"private"},"date":1770359043,"text":"\ud83d\udecd\ufe0f \u17a2\u179a\u1782\u17bb\u178e\u179f\u1798\u17d2\u179a\u17b6\u1794\u17cb\u1780\u17b6\u179a\u1791\u17b6\u1780\u17cb\u1791\u1784\u1798\u1780\u1780\u1
[2026-02-06 06:24:03] CURL ERROR: none
[2026-02-06 06:24:03] SUCCESS: sendMessage completed
==========
[2026-02-06 06:24:03] ========== REQUEST ==========
[2026-02-06 06:24:03] METHOD: sendMessage
[2026-02-06 06:24:03] URL: https://api.telegram.org/bot8511296428:AAEE0qnkIDJDbYbz4_6KAHzaJji5EpZXr3Y/sendMessage
[2026-02-06 06:24:03] PARAMS: {"chat_id":768732984,"text":"\ud83d\udecd\ufe0f \u17a2\u179a\u1782\u17bb\u178e\u179f\u1798\u17d2\u179a\u17b6\u1794\u17cb\u1780\u17b6\u179a\u1791\u17b6\u1780\u17cb\u1791\u1784\u1798\u1780\u1780\u17b6\u1793\u17cb\u1799\u17be\u1784\u1781\u17d2\u1789\u17bb\u17c6\u17d4 \u178f\u17be\u1794\u1784\u178f\u17d2\u179a\u17bc\u179c\u1780\u17b6\u179a\u1787\u17c6\u1793\u17bd\u1799\u17a2\u17d2\u179c\u17b8\u178a\u17c2\u179a?\n\n\u179f\u17bc\u1798\u179f\u17d2\u179c\u17b6\u1782\u1798\u1793\u17cd, <b>Hay Kongmeng - \u17a0\u17c3 \u1782\u1784\u17cb\u1798\u17c9\u17c1\u1784<\/b>! \u1782\u178e\u1793\u17b8\u179a\u1794\u179f\u17cb\u17a2\u17d2\u1793\u1780\u1794\u17b6\u1793\u178f\u1797\u17d2\u1787\u17b6\u1794\u17cb\u179a\u17bd\u1785\u17a0\u17be\u1799\u17d4\n\n\u1785\u17bb\u1785\u1794\u17ca\u17bc\u178f\u17bb\u1784\u1781\u17b6\u1784\u1780\u17d2\u179a\u17c4\u1798 \u178a\u17be\u1798\u17d2\u1794\u17b8\u1794\u17be\u1780\u1780\u1798\u17d2\u1798\u179c\u17b7\u1792\u17b8 \u17ac\u1794\u17d2\u179a\u17be \/help \u178a\u17be\u1798\u17d2\u1794\u17b8\u1798\u17be\u179b\u1796\u17b6\u1780\u17d2\u1799\u1794\u1789\u17d2\u1787\u17b6\u17d4","parse_mode":"HTML","reply_markup":"{\"inline_keyboard\":[[{\"text\":\"\\ud83d\\ude80 \\u1794\\u17be\\u1780\\u1780\\u1798\\u17d2\\u1798\\u179c\\u17b7\\u1792\\u17b8\",\"web_app\":{\"url\":\"https:\\\/\\\/support.dpdc512.dpdatacenter.com\\\/telegram-app.html\"}}]]}"}
[2026-02-06 06:24:03] Making curl request...
[2026-02-06 06:24:04] HTTP CODE: 200
[2026-02-06 06:24:04] RAW RESPONSE: {"ok":true,"result":{"message_id":272,"from":{"id":8511296428,"is_bot":true,"first_name":"Provida Support","username":"provida_support_bot"},"chat":{"id":768732984,"first_name":"Hay Kongmeng -","last_name":"\u17a0\u17c3 \u1782\u1784\u17cb\u1798\u17c9\u17c1\u1784","username":"KongMeng_Hay","type":"private"},"date":1770359044,"text":"\ud83d\udecd\ufe0f \u17a2\u179a\u1782\u17bb\u178e\u179f\u1798\u17d2\u179a\u17b6\u1794\u17cb\u1780\u17b6\u179a\u1791\u17b6\u1780\u17cb\u1791\u1784\u1798\u1780\u1780\u1
[2026-02-06 06:24:04] CURL ERROR: none
[2026-02-06 06:24:04] SUCCESS: sendMessage completed
==========
[2026-02-06 06:24:05] ========== REQUEST ==========
[2026-02-06 06:24:05] METHOD: sendMessage
[2026-02-06 06:24:05] URL: https://api.telegram.org/bot8511296428:AAEE0qnkIDJDbYbz4_6KAHzaJji5EpZXr3Y/sendMessage
[2026-02-06 06:24:05] PARAMS: {"chat_id":768732984,"text":"\ud83d\udecd\ufe0f \u17a2\u179a\u1782\u17bb\u178e\u179f\u1798\u17d2\u179a\u17b6\u1794\u17cb\u1780\u17b6\u179a\u1791\u17b6\u1780\u17cb\u1791\u1784\u1798\u1780\u1780\u17b6\u1793\u17cb\u1799\u17be\u1784\u1781\u17d2\u1789\u17bb\u17c6\u17d4 \u178f\u17be\u1794\u1784\u178f\u17d2\u179a\u17bc\u179c\u1780\u17b6\u179a\u1787\u17c6\u1793\u17bd\u1799\u17a2\u17d2\u179c\u17b8\u178a\u17c2\u179a?\n\n\u179f\u17bc\u1798\u179f\u17d2\u179c\u17b6\u1782\u1798\u1793\u17cd, <b>Hay Kongmeng - \u17a0\u17c3 \u1782\u1784\u17cb\u1798\u17c9\u17c1\u1784<\/b>! \u1782\u178e\u1793\u17b8\u179a\u1794\u179f\u17cb\u17a2\u17d2\u1793\u1780\u1794\u17b6\u1793\u178f\u1797\u17d2\u1787\u17b6\u1794\u17cb\u179a\u17bd\u1785\u17a0\u17be\u1799\u17d4\n\n\u1785\u17bb\u1785\u1794\u17ca\u17bc\u178f\u17bb\u1784\u1781\u17b6\u1784\u1780\u17d2\u179a\u17c4\u1798 \u178a\u17be\u1798\u17d2\u1794\u17b8\u1794\u17be\u1780\u1780\u1798\u17d2\u1798\u179c\u17b7\u1792\u17b8 \u17ac\u1794\u17d2\u179a\u17be \/help \u178a\u17be\u1798\u17d2\u1794\u17b8\u1798\u17be\u179b\u1796\u17b6\u1780\u17d2\u1799\u1794\u1789\u17d2\u1787\u17b6\u17d4","parse_mode":"HTML","reply_markup":"{\"inline_keyboard\":[[{\"text\":\"\\ud83d\\ude80 \\u1794\\u17be\\u1780\\u1780\\u1798\\u17d2\\u1798\\u179c\\u17b7\\u1792\\u17b8\",\"web_app\":{\"url\":\"https:\\\/\\\/support.dpdc512.dpdatacenter.com\\\/telegram-app.html\"}}]]}"}
[2026-02-06 06:24:05] Making curl request...
[2026-02-06 06:24:06] HTTP CODE: 200
[2026-02-06 06:24:06] RAW RESPONSE: {"ok":true,"result":{"message_id":273,"from":{"id":8511296428,"is_bot":true,"first_name":"Provida Support","username":"provida_support_bot"},"chat":{"id":768732984,"first_name":"Hay Kongmeng -","last_name":"\u17a0\u17c3 \u1782\u1784\u17cb\u1798\u17c9\u17c1\u1784","username":"KongMeng_Hay","type":"private"},"date":1770359045,"text":"\ud83d\udecd\ufe0f \u17a2\u179a\u1782\u17bb\u178e\u179f\u1798\u17d2\u179a\u17b6\u1794\u17cb\u1780\u17b6\u179a\u1791\u17b6\u1780\u17cb\u1791\u1784\u1798\u1780\u1780\u1
[2026-02-06 06:24:06] CURL ERROR: none
[2026-02-06 06:24:06] SUCCESS: sendMessage completed
==========
[2026-02-06 06:24:06] ========== REQUEST ==========
[2026-02-06 06:24:06] METHOD: sendMessage
[2026-02-06 06:24:06] URL: https://api.telegram.org/bot8511296428:AAEE0qnkIDJDbYbz4_6KAHzaJji5EpZXr3Y/sendMessage
[2026-02-06 06:24:06] PARAMS: {"chat_id":768732984,"text":"\ud83d\udecd\ufe0f \u17a2\u179a\u1782\u17bb\u178e\u179f\u1798\u17d2\u179a\u17b6\u1794\u17cb\u1780\u17b6\u179a\u1791\u17b6\u1780\u17cb\u1791\u1784\u1798\u1780\u1780\u17b6\u1793\u17cb\u1799\u17be\u1784\u1781\u17d2\u1789\u17bb\u17c6\u17d4 \u178f\u17be\u1794\u1784\u178f\u17d2\u179a\u17bc\u179c\u1780\u17b6\u179a\u1787\u17c6\u1793\u17bd\u1799\u17a2\u17d2\u179c\u17b8\u178a\u17c2\u179a?\n\n\u179f\u17bc\u1798\u179f\u17d2\u179c\u17b6\u1782\u1798\u1793\u17cd, <b>Hay Kongmeng - \u17a0\u17c3 \u1782\u1784\u17cb\u1798\u17c9\u17c1\u1784<\/b>! \u1782\u178e\u1793\u17b8\u179a\u1794\u179f\u17cb\u17a2\u17d2\u1793\u1780\u1794\u17b6\u1793\u178f\u1797\u17d2\u1787\u17b6\u1794\u17cb\u179a\u17bd\u1785\u17a0\u17be\u1799\u17d4\n\n\u1785\u17bb\u1785\u1794\u17ca\u17bc\u178f\u17bb\u1784\u1781\u17b6\u1784\u1780\u17d2\u179a\u17c4\u1798 \u178a\u17be\u1798\u17d2\u1794\u17b8\u1794\u17be\u1780\u1780\u1798\u17d2\u1798\u179c\u17b7\u1792\u17b8 \u17ac\u1794\u17d2\u179a\u17be \/help \u178a\u17be\u1798\u17d2\u1794\u17b8\u1798\u17be\u179b\u1796\u17b6\u1780\u17d2\u1799\u1794\u1789\u17d2\u1787\u17b6\u17d4","parse_mode":"HTML","reply_markup":"{\"inline_keyboard\":[[{\"text\":\"\\ud83d\\ude80 \\u1794\\u17be\\u1780\\u1780\\u1798\\u17d2\\u1798\\u179c\\u17b7\\u1792\\u17b8\",\"web_app\":{\"url\":\"https:\\\/\\\/support.dpdc512.dpdatacenter.com\\\/telegram-app.html\"}}]]}"}
[2026-02-06 06:24:06] Making curl request...
[2026-02-06 06:24:07] HTTP CODE: 200
[2026-02-06 06:24:07] RAW RESPONSE: {"ok":true,"result":{"message_id":274,"from":{"id":8511296428,"is_bot":true,"first_name":"Provida Support","username":"provida_support_bot"},"chat":{"id":768732984,"first_name":"Hay Kongmeng -","last_name":"\u17a0\u17c3 \u1782\u1784\u17cb\u1798\u17c9\u17c1\u1784","username":"KongMeng_Hay","type":"private"},"date":1770359046,"text":"\ud83d\udecd\ufe0f \u17a2\u179a\u1782\u17bb\u178e\u179f\u1798\u17d2\u179a\u17b6\u1794\u17cb\u1780\u17b6\u179a\u1791\u17b6\u1780\u17cb\u1791\u1784\u1798\u1780\u1780\u1
[2026-02-06 06:24:07] CURL ERROR: none
[2026-02-06 06:24:07] SUCCESS: sendMessage completed
==========
[2026-02-06 06:24:45] ========== REQUEST ==========
[2026-02-06 06:24:45] METHOD: sendMessage
[2026-02-06 06:24:45] URL: https://api.telegram.org/bot8511296428:AAEE0qnkIDJDbYbz4_6KAHzaJji5EpZXr3Y/sendMessage
[2026-02-06 06:24:45] PARAMS: {"chat_id":768732984,"text":"<b>\u1796\u17b6\u1780\u17d2\u1799\u1794\u1789\u17d2\u1787\u17b6\u178a\u17c2\u179b\u1798\u17b6\u1793<\/b>\n\n\/start - \u1785\u17b6\u1794\u17cb\u1795\u17d2\u178f\u17be\u1798\u1798\u17c9\u17b6\u179f\u17ca\u17b8\u1793\u1794\u1784\u17d2\u1782\u17b6\u1794\u17cb\n\/link - \u1797\u17d2\u1787\u17b6\u1794\u17cb\u1782\u178e\u1793\u17b8\u17a2\u17ca\u17b8\u1798\u17c2\u179b\u179a\u1794\u179f\u17cb\u17a2\u17d2\u1793\u1780\n\/newticket - \u1794\u1784\u17d2\u1780\u17be\u178f\u179f\u17c6\u178e\u17be\u179f\u17bb\u17c6\u1787\u17c6\u1793\u17bd\u1799\u1782\u17b6\u17c6\u1791\u17d2\u179a\u1790\u17d2\u1798\u17b8\n\/mytickets - \u1798\u17be\u179b\u179f\u17c6\u178e\u17be\u179f\u17bb\u17c6\u1787\u17c6\u1793\u17bd\u1799\u1782\u17b6\u17c6\u1791\u17d2\u179a\u1794\u179f\u17cb\u17a2\u17d2\u1793\u1780\n\/status [ticket#] - \u1796\u17b7\u1793\u17b7\u178f\u17d2\u1799\u179b\u1780\u17d2\u1781\u1781\u17d0\u178e\u17d2\u178c\u179f\u17c6\u178e\u17be\u179f\u17bb\u17c6\u1787\u17c6\u1793\u17bd\u1799\n\/help - \u1794\u1784\u17d2\u17a0\u17b6\u1789\u179f\u17b6\u179a\u179b\u1798\u17d2\u17a2\u17b7\u178f\u1793\u17c1\u17c7","parse_mode":"HTML"}
[2026-02-06 06:24:45] Making curl request...
[2026-02-06 06:24:46] HTTP CODE: 200
[2026-02-06 06:24:46] RAW RESPONSE: {"ok":true,"result":{"message_id":276,"from":{"id":8511296428,"is_bot":true,"first_name":"Provida Support","username":"provida_support_bot"},"chat":{"id":768732984,"first_name":"Hay Kongmeng -","last_name":"\u17a0\u17c3 \u1782\u1784\u17cb\u1798\u17c9\u17c1\u1784","username":"KongMeng_Hay","type":"private"},"date":1770359086,"text":"\u1796\u17b6\u1780\u17d2\u1799\u1794\u1789\u17d2\u1787\u17b6\u178a\u17c2\u179b\u1798\u17b6\u1793\n\n/start - \u1785\u17b6\u1794\u17cb\u1795\u17d2\u178f\u17be\u1798\u1
[2026-02-06 06:24:46] CURL ERROR: none
[2026-02-06 06:24:46] SUCCESS: sendMessage completed
==========
[2026-02-06 06:26:37] ========== REQUEST ==========
[2026-02-06 06:26:37] METHOD: sendMessage
[2026-02-06 06:26:37] URL: https://api.telegram.org/bot8511296428:AAEE0qnkIDJDbYbz4_6KAHzaJji5EpZXr3Y/sendMessage
[2026-02-06 06:26:37] PARAMS: {"chat_id":768732984,"text":"\ud83d\udecd\ufe0f \u17a2\u179a\u1782\u17bb\u178e\u179f\u1798\u17d2\u179a\u17b6\u1794\u17cb\u1780\u17b6\u179a\u1791\u17b6\u1780\u17cb\u1791\u1784\u1798\u1780\u1780\u17b6\u1793\u17cb\u1799\u17be\u1784\u1781\u17d2\u1789\u17bb\u17c6\u17d4 \u178f\u17be\u1794\u1784\u178f\u17d2\u179a\u17bc\u179c\u1780\u17b6\u179a\u1787\u17c6\u1793\u17bd\u1799\u17a2\u17d2\u179c\u17b8\u178a\u17c2\u179a?\n\n\u179f\u17bc\u1798\u179f\u17d2\u179c\u17b6\u1782\u1798\u1793\u17cd, <b>Hay Kongmeng - \u17a0\u17c3 \u1782\u1784\u17cb\u1798\u17c9\u17c1\u1784<\/b>! \u1782\u178e\u1793\u17b8\u179a\u1794\u179f\u17cb\u17a2\u17d2\u1793\u1780\u1794\u17b6\u1793\u178f\u1797\u17d2\u1787\u17b6\u1794\u17cb\u179a\u17bd\u1785\u17a0\u17be\u1799\u17d4\n\n\u1785\u17bb\u1785\u1794\u17ca\u17bc\u178f\u17bb\u1784\u1781\u17b6\u1784\u1780\u17d2\u179a\u17c4\u1798 \u178a\u17be\u1798\u17d2\u1794\u17b8\u1794\u17be\u1780\u1780\u1798\u17d2\u1798\u179c\u17b7\u1792\u17b8 \u17ac\u1794\u17d2\u179a\u17be \/help \u178a\u17be\u1798\u17d2\u1794\u17b8\u1798\u17be\u179b\u1796\u17b6\u1780\u17d2\u1799\u1794\u1789\u17d2\u1787\u17b6\u17d4","parse_mode":"HTML","reply_markup":"{\"inline_keyboard\":[[{\"text\":\"\\ud83d\\ude80 \\u1794\\u17be\\u1780\\u1780\\u1798\\u17d2\\u1798\\u179c\\u17b7\\u1792\\u17b8\",\"web_app\":{\"url\":\"https:\\\/\\\/support.dpdc512.dpdatacenter.com\\\/telegram-app.html\"}}]]}"}
[2026-02-06 06:26:37] Making curl request...
[2026-02-06 06:26:38] HTTP CODE: 200
[2026-02-06 06:26:38] RAW RESPONSE: {"ok":true,"result":{"message_id":278,"from":{"id":8511296428,"is_bot":true,"first_name":"Provida Support","username":"provida_support_bot"},"chat":{"id":768732984,"first_name":"Hay Kongmeng -","last_name":"\u17a0\u17c3 \u1782\u1784\u17cb\u1798\u17c9\u17c1\u1784","username":"KongMeng_Hay","type":"private"},"date":1770359198,"text":"\ud83d\udecd\ufe0f \u17a2\u179a\u1782\u17bb\u178e\u179f\u1798\u17d2\u179a\u17b6\u1794\u17cb\u1780\u17b6\u179a\u1791\u17b6\u1780\u17cb\u1791\u1784\u1798\u1780\u1780\u1
[2026-02-06 06:26:38] CURL ERROR: none
[2026-02-06 06:26:38] SUCCESS: sendMessage completed
==========
[2026-02-06 06:30:13] ========== REQUEST ==========
[2026-02-06 06:30:13] METHOD: sendMessage
[2026-02-06 06:30:13] URL: https://api.telegram.org/bot8511296428:AAEE0qnkIDJDbYbz4_6KAHzaJji5EpZXr3Y/sendMessage
[2026-02-06 06:30:13] PARAMS: {"chat_id":768732984,"text":"<b>Your Tickets<\/b>\n\n#TKT-000006 - Open\ntests\n\n#TKT-000005 - Open\not dg dae\n\n#TKT-000004 - Open\nError vps\n\n","parse_mode":"HTML","reply_markup":"{\"inline_keyboard\":[[{\"text\":\"#TKT-000006 - Open\",\"callback_data\":\"view_ticket:6\"}],[{\"text\":\"#TKT-000005 - Open\",\"callback_data\":\"view_ticket:5\"}],[{\"text\":\"#TKT-000004 - Open\",\"callback_data\":\"view_ticket:4\"}]]}"}
[2026-02-06 06:30:13] Making curl request...
[2026-02-06 06:30:14] HTTP CODE: 200
[2026-02-06 06:30:14] RAW RESPONSE: {"ok":true,"result":{"message_id":280,"from":{"id":8511296428,"is_bot":true,"first_name":"Provida Support","username":"provida_support_bot"},"chat":{"id":768732984,"first_name":"Hay Kongmeng -","last_name":"\u17a0\u17c3 \u1782\u1784\u17cb\u1798\u17c9\u17c1\u1784","username":"KongMeng_Hay","type":"private"},"date":1770359414,"text":"Your Tickets\n\n#TKT-000006 - Open\ntests\n\n#TKT-000005 - Open\not dg dae\n\n#TKT-000004 - Open\nError vps","entities":[{"offset":0,"length":12,"type":"bold"},{"offs
[2026-02-06 06:30:14] CURL ERROR: none
[2026-02-06 06:30:14] SUCCESS: sendMessage completed
==========
[2026-02-06 06:30:15] ========== REQUEST ==========
[2026-02-06 06:30:15] METHOD: answerCallbackQuery
[2026-02-06 06:30:15] URL: https://api.telegram.org/bot8511296428:AAEE0qnkIDJDbYbz4_6KAHzaJji5EpZXr3Y/answerCallbackQuery
[2026-02-06 06:30:15] PARAMS: {"callback_query_id":"3301683026996561273","text":"","show_alert":false}
[2026-02-06 06:30:15] Making curl request...
[2026-02-06 06:30:15] HTTP CODE: 200
[2026-02-06 06:30:15] RAW RESPONSE: {"ok":true,"result":true}
[2026-02-06 06:30:15] CURL ERROR: none
[2026-02-06 06:30:15] SUCCESS: answerCallbackQuery completed
==========
[2026-02-06 06:30:15] ========== REQUEST ==========
[2026-02-06 06:30:15] METHOD: sendMessage
[2026-02-06 06:30:15] URL: https://api.telegram.org/bot8511296428:AAEE0qnkIDJDbYbz4_6KAHzaJji5EpZXr3Y/sendMessage
[2026-02-06 06:30:15] PARAMS: {"chat_id":768732984,"text":"<b>Ticket #TKT-000004<\/b>\n\n<b>Subject:<\/b> Error vps\n<b>Status:<\/b> Open\n<b>Priority:<\/b> High\n<b>Created:<\/b> Feb 5, 2026 11:42 AM\n\n<b>Description:<\/b>\ni can&#039;t login ssh\n\n<b>Latest Reply (You):<\/b>\n[\u179a\u17bc\u1794\u1797\u17b6\u1796\u1797\u17d2\u1787\u17b6\u1794\u17cb]","parse_mode":"HTML","reply_markup":"{\"inline_keyboard\":[[{\"text\":\"Reply\",\"callback_data\":\"reply_ticket:4\"}]]}"}
[2026-02-06 06:30:15] Making curl request...
[2026-02-06 06:30:16] HTTP CODE: 200
[2026-02-06 06:30:16] RAW RESPONSE: {"ok":true,"result":{"message_id":281,"from":{"id":8511296428,"is_bot":true,"first_name":"Provida Support","username":"provida_support_bot"},"chat":{"id":768732984,"first_name":"Hay Kongmeng -","last_name":"\u17a0\u17c3 \u1782\u1784\u17cb\u1798\u17c9\u17c1\u1784","username":"KongMeng_Hay","type":"private"},"date":1770359416,"text":"Ticket #TKT-000004\n\nSubject: Error vps\nStatus: Open\nPriority: High\nCreated: Feb 5, 2026 11:42 AM\n\nDescription:\ni can't login ssh\n\nLatest Reply (You):\n[\u17
[2026-02-06 06:30:16] CURL ERROR: none
[2026-02-06 06:30:16] SUCCESS: sendMessage completed
==========
[2026-02-06 06:30:18] ========== REQUEST ==========
[2026-02-06 06:30:18] METHOD: answerCallbackQuery
[2026-02-06 06:30:18] URL: https://api.telegram.org/bot8511296428:AAEE0qnkIDJDbYbz4_6KAHzaJji5EpZXr3Y/answerCallbackQuery
[2026-02-06 06:30:18] PARAMS: {"callback_query_id":"3301683026522965924","text":"","show_alert":false}
[2026-02-06 06:30:18] Making curl request...
[2026-02-06 06:30:19] HTTP CODE: 200
[2026-02-06 06:30:19] RAW RESPONSE: {"ok":true,"result":true}
[2026-02-06 06:30:19] CURL ERROR: none
[2026-02-06 06:30:19] SUCCESS: answerCallbackQuery completed
==========
[2026-02-06 06:30:19] ========== REQUEST ==========
[2026-02-06 06:30:19] METHOD: sendMessage
[2026-02-06 06:30:19] URL: https://api.telegram.org/bot8511296428:AAEE0qnkIDJDbYbz4_6KAHzaJji5EpZXr3Y/sendMessage
[2026-02-06 06:30:19] PARAMS: {"chat_id":768732984,"text":"\u179f\u17bc\u1798\u179f\u179a\u179f\u17c1\u179a\u1780\u17b6\u179a\u1786\u17d2\u179b\u17be\u1799\u178f\u1794\u179a\u1794\u179f\u17cb\u17a2\u17d2\u1793\u1780:","parse_mode":"HTML"}
[2026-02-06 06:30:19] Making curl request...
[2026-02-06 06:30:20] HTTP CODE: 200
[2026-02-06 06:30:20] RAW RESPONSE: {"ok":true,"result":{"message_id":282,"from":{"id":8511296428,"is_bot":true,"first_name":"Provida Support","username":"provida_support_bot"},"chat":{"id":768732984,"first_name":"Hay Kongmeng -","last_name":"\u17a0\u17c3 \u1782\u1784\u17cb\u1798\u17c9\u17c1\u1784","username":"KongMeng_Hay","type":"private"},"date":1770359420,"text":"\u179f\u17bc\u1798\u179f\u179a\u179f\u17c1\u179a\u1780\u17b6\u179a\u1786\u17d2\u179b\u17be\u1799\u178f\u1794\u179a\u1794\u179f\u17cb\u17a2\u17d2\u1793\u1780:"}}
[2026-02-06 06:30:20] CURL ERROR: none
[2026-02-06 06:30:20] SUCCESS: sendMessage completed
==========
[2026-02-06 06:30:26] ========== REQUEST ==========
[2026-02-06 06:30:26] METHOD: getFile
[2026-02-06 06:30:26] URL: https://api.telegram.org/bot8511296428:AAEE0qnkIDJDbYbz4_6KAHzaJji5EpZXr3Y/getFile
[2026-02-06 06:30:26] PARAMS: {"file_id":"AgACAgUAAxkBAAIBG2mFioHs-HW6O4zVLPqQawlmPqkOAAKHDmsbUQQxVKhqMl73c70ZAQADAgADeQADOAQ"}
[2026-02-06 06:30:26] Making curl request...
[2026-02-06 06:30:27] HTTP CODE: 200
[2026-02-06 06:30:27] RAW RESPONSE: {"ok":true,"result":{"file_id":"AgACAgUAAxkBAAIBG2mFioHs-HW6O4zVLPqQawlmPqkOAAKHDmsbUQQxVKhqMl73c70ZAQADAgADeQADOAQ","file_unique_id":"AQADhw5rG1EEMVR-","file_size":40150,"file_path":"photos/file_1.jpg"}}
[2026-02-06 06:30:27] CURL ERROR: none
[2026-02-06 06:30:27] SUCCESS: getFile completed
==========
[2026-02-06 06:30:28] ========== REQUEST ==========
[2026-02-06 06:30:28] METHOD: sendMessage
[2026-02-06 06:30:28] URL: https://api.telegram.org/bot8511296428:AAEE0qnkIDJDbYbz4_6KAHzaJji5EpZXr3Y/sendMessage
[2026-02-06 06:30:28] PARAMS: {"chat_id":768732984,"text":"\u2705 \u179a\u17bc\u1794\u1797\u17b6\u1796\u1794\u17b6\u1793\u1795\u17d2\u1789\u17be\u1791\u17c5\u179f\u17c6\u178e\u17be\u179f\u17bb\u17c6\u1787\u17c6\u1793\u17bd\u1799 #TKT-000004 \u178a\u17c4\u1799\u1787\u17c4\u1782\u1787\u17d0\u1799!","parse_mode":"HTML"}
[2026-02-06 06:30:28] Making curl request...
[2026-02-06 06:30:29] HTTP CODE: 200
[2026-02-06 06:30:29] RAW RESPONSE: {"ok":true,"result":{"message_id":284,"from":{"id":8511296428,"is_bot":true,"first_name":"Provida Support","username":"provida_support_bot"},"chat":{"id":768732984,"first_name":"Hay Kongmeng -","last_name":"\u17a0\u17c3 \u1782\u1784\u17cb\u1798\u17c9\u17c1\u1784","username":"KongMeng_Hay","type":"private"},"date":1770359429,"text":"\u2705 \u179a\u17bc\u1794\u1797\u17b6\u1796\u1794\u17b6\u1793\u1795\u17d2\u1789\u17be\u1791\u17c5\u179f\u17c6\u178e\u17be\u179f\u17bb\u17c6\u1787\u17c6\u1793\u17bd\u1
[2026-02-06 06:30:29] CURL ERROR: none
[2026-02-06 06:30:29] SUCCESS: sendMessage completed
==========
[2026-02-06 06:36:58] ========== REQUEST ==========
[2026-02-06 06:36:58] METHOD: setWebhook
[2026-02-06 06:36:58] URL: https://api.telegram.org/bot8511296428:AAEE0qnkIDJDbYbz4_6KAHzaJji5EpZXr3Y/setWebhook
[2026-02-06 06:36:58] PARAMS: {"url":"https:\/\/ticket.providawater.com\/api\/telegram\/webhook\/1"}
[2026-02-06 06:36:58] Making curl request...
[2026-02-06 06:36:59] HTTP CODE: 200
[2026-02-06 06:36:59] RAW RESPONSE: {"ok":true,"result":true,"description":"Webhook is already set"}
[2026-02-06 06:36:59] CURL ERROR: none
[2026-02-06 06:36:59] SUCCESS: setWebhook completed
==========
[2026-02-06 06:36:59] ========== REQUEST ==========
[2026-02-06 06:36:59] METHOD: getWebhookInfo
[2026-02-06 06:36:59] URL: https://api.telegram.org/bot8511296428:AAEE0qnkIDJDbYbz4_6KAHzaJji5EpZXr3Y/getWebhookInfo
[2026-02-06 06:36:59] PARAMS: []
[2026-02-06 06:36:59] Making curl request...
[2026-02-06 06:37:00] HTTP CODE: 200
[2026-02-06 06:37:00] RAW RESPONSE: {"ok":true,"result":{"url":"https://ticket.providawater.com/api/telegram/webhook/1","has_custom_certificate":false,"pending_update_count":0,"max_connections":40,"ip_address":"157.10.72.3","allowed_updates":["message","callback_query"]}}
[2026-02-06 06:37:00] CURL ERROR: none
[2026-02-06 06:37:00] SUCCESS: getWebhookInfo completed
==========
[2026-02-06 06:38:25] ========== REQUEST ==========
[2026-02-06 06:38:25] METHOD: setWebhook
[2026-02-06 06:38:25] URL: https://api.telegram.org/bot8511296428:AAEE0qnkIDJDbYbz4_6KAHzaJji5EpZXr3Y/setWebhook
[2026-02-06 06:38:25] PARAMS: {"url":"https:\/\/ticket.providawater.com\/api\/telegram\/webhook\/1"}
[2026-02-06 06:38:25] Making curl request...
[2026-02-06 06:38:26] HTTP CODE: 200
[2026-02-06 06:38:26] RAW RESPONSE: {"ok":true,"result":true,"description":"Webhook was set"}
[2026-02-06 06:38:26] CURL ERROR: none
[2026-02-06 06:38:26] SUCCESS: setWebhook completed
==========
[2026-02-06 06:38:26] ========== REQUEST ==========
[2026-02-06 06:38:26] METHOD: getWebhookInfo
[2026-02-06 06:38:26] URL: https://api.telegram.org/bot8511296428:AAEE0qnkIDJDbYbz4_6KAHzaJji5EpZXr3Y/getWebhookInfo
[2026-02-06 06:38:26] PARAMS: []
[2026-02-06 06:38:26] Making curl request...
[2026-02-06 06:38:27] HTTP CODE: 200
[2026-02-06 06:38:27] RAW RESPONSE: {"ok":true,"result":{"url":"https://ticket.providawater.com/api/telegram/webhook/1","has_custom_certificate":false,"pending_update_count":2,"max_connections":40,"ip_address":"157.10.72.3","allowed_updates":["message","callback_query"]}}
[2026-02-06 06:38:27] CURL ERROR: none
[2026-02-06 06:38:27] SUCCESS: getWebhookInfo completed
==========
[2026-02-06 06:38:34] ========== REQUEST ==========
[2026-02-06 06:38:34] METHOD: setWebhook
[2026-02-06 06:38:34] URL: https://api.telegram.org/bot8511296428:AAEE0qnkIDJDbYbz4_6KAHzaJji5EpZXr3Y/setWebhook
[2026-02-06 06:38:34] PARAMS: {"url":"https:\/\/ticket.providawater.com\/api\/telegram\/webhook\/1"}
[2026-02-06 06:38:34] Making curl request...
[2026-02-06 06:38:35] HTTP CODE: 200
[2026-02-06 06:38:35] RAW RESPONSE: {"ok":true,"result":true,"description":"Webhook is already set"}
[2026-02-06 06:38:35] CURL ERROR: none
[2026-02-06 06:38:35] SUCCESS: setWebhook completed
==========
[2026-02-06 06:38:35] ========== REQUEST ==========
[2026-02-06 06:38:35] METHOD: getWebhookInfo
[2026-02-06 06:38:35] URL: https://api.telegram.org/bot8511296428:AAEE0qnkIDJDbYbz4_6KAHzaJji5EpZXr3Y/getWebhookInfo
[2026-02-06 06:38:35] PARAMS: []
[2026-02-06 06:38:35] Making curl request...
[2026-02-06 06:38:35] HTTP CODE: 200
[2026-02-06 06:38:35] RAW RESPONSE: {"ok":true,"result":{"url":"https://ticket.providawater.com/api/telegram/webhook/1","has_custom_certificate":false,"pending_update_count":0,"max_connections":40,"ip_address":"157.10.72.3","allowed_updates":["message","callback_query"]}}
[2026-02-06 06:38:35] CURL ERROR: none
[2026-02-06 06:38:35] SUCCESS: getWebhookInfo completed
==========
[2026-02-06 06:38:39] ========== REQUEST ==========
[2026-02-06 06:38:39] METHOD: setWebhook
[2026-02-06 06:38:39] URL: https://api.telegram.org/bot8511296428:AAEE0qnkIDJDbYbz4_6KAHzaJji5EpZXr3Y/setWebhook
[2026-02-06 06:38:39] PARAMS: {"url":"https:\/\/ticket.providawater.com\/api\/telegram\/webhook\/1"}
[2026-02-06 06:38:39] Making curl request...
[2026-02-06 06:38:39] HTTP CODE: 200
[2026-02-06 06:38:39] RAW RESPONSE: {"ok":true,"result":true,"description":"Webhook is already set"}
[2026-02-06 06:38:39] CURL ERROR: none
[2026-02-06 06:38:39] SUCCESS: setWebhook completed
==========
[2026-02-06 06:38:39] ========== REQUEST ==========
[2026-02-06 06:38:39] METHOD: getWebhookInfo
[2026-02-06 06:38:39] URL: https://api.telegram.org/bot8511296428:AAEE0qnkIDJDbYbz4_6KAHzaJji5EpZXr3Y/getWebhookInfo
[2026-02-06 06:38:39] PARAMS: []
[2026-02-06 06:38:39] Making curl request...
[2026-02-06 06:38:40] HTTP CODE: 200
[2026-02-06 06:38:40] RAW RESPONSE: {"ok":true,"result":{"url":"https://ticket.providawater.com/api/telegram/webhook/1","has_custom_certificate":false,"pending_update_count":0,"max_connections":40,"ip_address":"157.10.72.3","allowed_updates":["message","callback_query"]}}
[2026-02-06 06:38:40] CURL ERROR: none
[2026-02-06 06:38:40] SUCCESS: getWebhookInfo completed
==========
[2026-02-06 06:38:42] ========== REQUEST ==========
[2026-02-06 06:38:42] METHOD: setWebhook
[2026-02-06 06:38:42] URL: https://api.telegram.org/bot8511296428:AAEE0qnkIDJDbYbz4_6KAHzaJji5EpZXr3Y/setWebhook
[2026-02-06 06:38:42] PARAMS: {"url":"https:\/\/ticket.providawater.com\/api\/telegram\/webhook\/1"}
[2026-02-06 06:38:42] Making curl request...
[2026-02-06 06:38:43] HTTP CODE: 200
[2026-02-06 06:38:43] RAW RESPONSE: {"ok":true,"result":true,"description":"Webhook is already set"}
[2026-02-06 06:38:43] CURL ERROR: none
[2026-02-06 06:38:43] SUCCESS: setWebhook completed
==========
[2026-02-06 06:38:43] ========== REQUEST ==========
[2026-02-06 06:38:43] METHOD: getWebhookInfo
[2026-02-06 06:38:43] URL: https://api.telegram.org/bot8511296428:AAEE0qnkIDJDbYbz4_6KAHzaJji5EpZXr3Y/getWebhookInfo
[2026-02-06 06:38:43] PARAMS: []
[2026-02-06 06:38:43] Making curl request...
[2026-02-06 06:38:44] HTTP CODE: 200
[2026-02-06 06:38:44] RAW RESPONSE: {"ok":true,"result":{"url":"https://ticket.providawater.com/api/telegram/webhook/1","has_custom_certificate":false,"pending_update_count":0,"max_connections":40,"ip_address":"157.10.72.3","allowed_updates":["message","callback_query"]}}
[2026-02-06 06:38:44] CURL ERROR: none
[2026-02-06 06:38:44] SUCCESS: getWebhookInfo completed
==========
[2026-02-06 06:38:46] ========== REQUEST ==========
[2026-02-06 06:38:46] METHOD: setWebhook
[2026-02-06 06:38:46] URL: https://api.telegram.org/bot8511296428:AAEE0qnkIDJDbYbz4_6KAHzaJji5EpZXr3Y/setWebhook
[2026-02-06 06:38:46] PARAMS: {"url":"https:\/\/ticket.providawater.com\/api\/telegram\/webhook\/1"}
[2026-02-06 06:38:46] Making curl request...
[2026-02-06 06:38:46] HTTP CODE: 200
[2026-02-06 06:38:46] RAW RESPONSE: {"ok":true,"result":true,"description":"Webhook is already set"}
[2026-02-06 06:38:46] CURL ERROR: none
[2026-02-06 06:38:46] SUCCESS: setWebhook completed
==========
[2026-02-06 06:38:46] ========== REQUEST ==========
[2026-02-06 06:38:46] METHOD: getWebhookInfo
[2026-02-06 06:38:46] URL: https://api.telegram.org/bot8511296428:AAEE0qnkIDJDbYbz4_6KAHzaJji5EpZXr3Y/getWebhookInfo
[2026-02-06 06:38:46] PARAMS: []
[2026-02-06 06:38:46] Making curl request...
[2026-02-06 06:38:47] HTTP CODE: 200
[2026-02-06 06:38:47] RAW RESPONSE: {"ok":true,"result":{"url":"https://ticket.providawater.com/api/telegram/webhook/1","has_custom_certificate":false,"pending_update_count":0,"max_connections":40,"ip_address":"157.10.72.3","allowed_updates":["message","callback_query"]}}
[2026-02-06 06:38:47] CURL ERROR: none
[2026-02-06 06:38:47] SUCCESS: getWebhookInfo completed
==========
[2026-02-06 06:38:49] ========== REQUEST ==========
[2026-02-06 06:38:49] METHOD: setWebhook
[2026-02-06 06:38:49] URL: https://api.telegram.org/bot8511296428:AAEE0qnkIDJDbYbz4_6KAHzaJji5EpZXr3Y/setWebhook
[2026-02-06 06:38:49] PARAMS: {"url":"https:\/\/ticket.providawater.com\/api\/telegram\/webhook\/1"}
[2026-02-06 06:38:49] Making curl request...
[2026-02-06 06:38:50] HTTP CODE: 200
[2026-02-06 06:38:50] RAW RESPONSE: {"ok":true,"result":true,"description":"Webhook is already set"}
[2026-02-06 06:38:50] CURL ERROR: none
[2026-02-06 06:38:50] SUCCESS: setWebhook completed
==========
[2026-02-06 06:38:50] ========== REQUEST ==========
[2026-02-06 06:38:50] METHOD: getWebhookInfo
[2026-02-06 06:38:50] URL: https://api.telegram.org/bot8511296428:AAEE0qnkIDJDbYbz4_6KAHzaJji5EpZXr3Y/getWebhookInfo
[2026-02-06 06:38:50] PARAMS: []
[2026-02-06 06:38:50] Making curl request...
[2026-02-06 06:38:50] HTTP CODE: 200
[2026-02-06 06:38:50] RAW RESPONSE: {"ok":true,"result":{"url":"https://ticket.providawater.com/api/telegram/webhook/1","has_custom_certificate":false,"pending_update_count":0,"max_connections":40,"ip_address":"157.10.72.3","allowed_updates":["message","callback_query"]}}
[2026-02-06 06:38:50] CURL ERROR: none
[2026-02-06 06:38:50] SUCCESS: getWebhookInfo completed
==========
[2026-02-06 06:39:28] ========== REQUEST ==========
[2026-02-06 06:39:28] METHOD: setWebhook
[2026-02-06 06:39:28] URL: https://api.telegram.org/bot8511296428:AAEE0qnkIDJDbYbz4_6KAHzaJji5EpZXr3Y/setWebhook
[2026-02-06 06:39:28] PARAMS: {"url":"https:\/\/ticket.providawater.com\/api\/telegram\/webhook\/1"}
[2026-02-06 06:39:28] Making curl request...
[2026-02-06 06:39:28] HTTP CODE: 200
[2026-02-06 06:39:28] RAW RESPONSE: {"ok":true,"result":true,"description":"Webhook is already set"}
[2026-02-06 06:39:28] CURL ERROR: none
[2026-02-06 06:39:28] SUCCESS: setWebhook completed
==========
[2026-02-06 06:39:28] ========== REQUEST ==========
[2026-02-06 06:39:28] METHOD: getWebhookInfo
[2026-02-06 06:39:28] URL: https://api.telegram.org/bot8511296428:AAEE0qnkIDJDbYbz4_6KAHzaJji5EpZXr3Y/getWebhookInfo
[2026-02-06 06:39:28] PARAMS: []
[2026-02-06 06:39:28] Making curl request...
[2026-02-06 06:39:29] HTTP CODE: 200
[2026-02-06 06:39:29] RAW RESPONSE: {"ok":true,"result":{"url":"https://ticket.providawater.com/api/telegram/webhook/1","has_custom_certificate":false,"pending_update_count":0,"max_connections":40,"ip_address":"157.10.72.3","allowed_updates":["message","callback_query"]}}
[2026-02-06 06:39:29] CURL ERROR: none
[2026-02-06 06:39:29] SUCCESS: getWebhookInfo completed
==========
[2026-02-06 06:39:35] ========== REQUEST ==========
[2026-02-06 06:39:35] METHOD: setWebhook
[2026-02-06 06:39:35] URL: https://api.telegram.org/bot8511296428:AAEE0qnkIDJDbYbz4_6KAHzaJji5EpZXr3Y/setWebhook
[2026-02-06 06:39:35] PARAMS: {"url":"https:\/\/ticket.providawater.com\/api\/telegram\/webhook\/1"}
[2026-02-06 06:39:35] Making curl request...
[2026-02-06 06:39:36] HTTP CODE: 200
[2026-02-06 06:39:36] RAW RESPONSE: {"ok":true,"result":true,"description":"Webhook is already set"}
[2026-02-06 06:39:36] CURL ERROR: none
[2026-02-06 06:39:36] SUCCESS: setWebhook completed
==========
[2026-02-06 06:39:36] ========== REQUEST ==========
[2026-02-06 06:39:36] METHOD: getWebhookInfo
[2026-02-06 06:39:36] URL: https://api.telegram.org/bot8511296428:AAEE0qnkIDJDbYbz4_6KAHzaJji5EpZXr3Y/getWebhookInfo
[2026-02-06 06:39:36] PARAMS: []
[2026-02-06 06:39:36] Making curl request...
[2026-02-06 06:39:37] HTTP CODE: 200
[2026-02-06 06:39:37] RAW RESPONSE: {"ok":true,"result":{"url":"https://ticket.providawater.com/api/telegram/webhook/1","has_custom_certificate":false,"pending_update_count":0,"max_connections":40,"ip_address":"157.10.72.3","allowed_updates":["message","callback_query"]}}
[2026-02-06 06:39:37] CURL ERROR: none
[2026-02-06 06:39:37] SUCCESS: getWebhookInfo completed
==========
[2026-02-06 06:39:38] ========== REQUEST ==========
[2026-02-06 06:39:38] METHOD: setWebhook
[2026-02-06 06:39:38] URL: https://api.telegram.org/bot8511296428:AAEE0qnkIDJDbYbz4_6KAHzaJji5EpZXr3Y/setWebhook
[2026-02-06 06:39:38] PARAMS: {"url":"https:\/\/ticket.providawater.com\/api\/telegram\/webhook\/1"}
[2026-02-06 06:39:38] Making curl request...
[2026-02-06 06:39:39] HTTP CODE: 200
[2026-02-06 06:39:39] RAW RESPONSE: {"ok":true,"result":true,"description":"Webhook is already set"}
[2026-02-06 06:39:39] CURL ERROR: none
[2026-02-06 06:39:39] SUCCESS: setWebhook completed
==========
[2026-02-06 06:39:39] ========== REQUEST ==========
[2026-02-06 06:39:39] METHOD: getWebhookInfo
[2026-02-06 06:39:39] URL: https://api.telegram.org/bot8511296428:AAEE0qnkIDJDbYbz4_6KAHzaJji5EpZXr3Y/getWebhookInfo
[2026-02-06 06:39:39] PARAMS: []
[2026-02-06 06:39:39] Making curl request...
[2026-02-06 06:39:40] HTTP CODE: 200
[2026-02-06 06:39:40] RAW RESPONSE: {"ok":true,"result":{"url":"https://ticket.providawater.com/api/telegram/webhook/1","has_custom_certificate":false,"pending_update_count":0,"max_connections":40,"ip_address":"157.10.72.3","allowed_updates":["message","callback_query"]}}
[2026-02-06 06:39:40] CURL ERROR: none
[2026-02-06 06:39:40] SUCCESS: getWebhookInfo completed
==========
[2026-02-06 06:39:41] ========== REQUEST ==========
[2026-02-06 06:39:41] METHOD: setWebhook
[2026-02-06 06:39:41] URL: https://api.telegram.org/bot8511296428:AAEE0qnkIDJDbYbz4_6KAHzaJji5EpZXr3Y/setWebhook
[2026-02-06 06:39:41] PARAMS: {"url":"https:\/\/ticket.providawater.com\/api\/telegram\/webhook\/1"}
[2026-02-06 06:39:41] Making curl request...
[2026-02-06 06:39:42] HTTP CODE: 200
[2026-02-06 06:39:42] RAW RESPONSE: {"ok":true,"result":true,"description":"Webhook is already set"}
[2026-02-06 06:39:42] CURL ERROR: none
[2026-02-06 06:39:42] SUCCESS: setWebhook completed
==========
[2026-02-06 06:39:42] ========== REQUEST ==========
[2026-02-06 06:39:42] METHOD: getWebhookInfo
[2026-02-06 06:39:42] URL: https://api.telegram.org/bot8511296428:AAEE0qnkIDJDbYbz4_6KAHzaJji5EpZXr3Y/getWebhookInfo
[2026-02-06 06:39:42] PARAMS: []
[2026-02-06 06:39:42] Making curl request...
[2026-02-06 06:39:42] HTTP CODE: 200
[2026-02-06 06:39:42] RAW RESPONSE: {"ok":true,"result":{"url":"https://ticket.providawater.com/api/telegram/webhook/1","has_custom_certificate":false,"pending_update_count":0,"max_connections":40,"ip_address":"157.10.72.3","allowed_updates":["message","callback_query"]}}
[2026-02-06 06:39:42] CURL ERROR: none
[2026-02-06 06:39:42] SUCCESS: getWebhookInfo completed
==========
[2026-02-06 06:43:03] ========== REQUEST ==========
[2026-02-06 06:43:03] METHOD: sendMessage
[2026-02-06 06:43:03] URL: https://api.telegram.org/bot8511296428:AAEE0qnkIDJDbYbz4_6KAHzaJji5EpZXr3Y/sendMessage
[2026-02-06 06:43:03] PARAMS: {"chat_id":768732984,"text":"\ud83d\udecd\ufe0f \u17a2\u179a\u1782\u17bb\u178e\u179f\u1798\u17d2\u179a\u17b6\u1794\u17cb\u1780\u17b6\u179a\u1791\u17b6\u1780\u17cb\u1791\u1784\u1798\u1780\u1780\u17b6\u1793\u17cb\u1799\u17be\u1784\u1781\u17d2\u1789\u17bb\u17c6\u17d4 \u178f\u17be\u1794\u1784\u178f\u17d2\u179a\u17bc\u179c\u1780\u17b6\u179a\u1787\u17c6\u1793\u17bd\u1799\u17a2\u17d2\u179c\u17b8\u178a\u17c2\u179a?\n\n\u179f\u17bc\u1798\u179f\u17d2\u179c\u17b6\u1782\u1798\u1793\u17cd, <b>Hay Kongmeng - \u17a0\u17c3 \u1782\u1784\u17cb\u1798\u17c9\u17c1\u1784<\/b>! \u1782\u178e\u1793\u17b8\u179a\u1794\u179f\u17cb\u17a2\u17d2\u1793\u1780\u1794\u17b6\u1793\u178f\u1797\u17d2\u1787\u17b6\u1794\u17cb\u179a\u17bd\u1785\u17a0\u17be\u1799\u17d4\n\n\u1785\u17bb\u1785\u1794\u17ca\u17bc\u178f\u17bb\u1784\u1781\u17b6\u1784\u1780\u17d2\u179a\u17c4\u1798 \u178a\u17be\u1798\u17d2\u1794\u17b8\u1794\u17be\u1780\u1780\u1798\u17d2\u1798\u179c\u17b7\u1792\u17b8 \u17ac\u1794\u17d2\u179a\u17be \/help \u178a\u17be\u1798\u17d2\u1794\u17b8\u1798\u17be\u179b\u1796\u17b6\u1780\u17d2\u1799\u1794\u1789\u17d2\u1787\u17b6\u17d4","parse_mode":"HTML","reply_markup":"{\"inline_keyboard\":[[{\"text\":\"\\ud83d\\ude80 \\u1794\\u17be\\u1780\\u1780\\u1798\\u17d2\\u1798\\u179c\\u17b7\\u1792\\u17b8\",\"web_app\":{\"url\":\"https:\\\/\\\/support.dpdc512.dpdatacenter.com\\\/telegram-app.html\"}}]]}"}
[2026-02-06 06:43:03] Making curl request...
[2026-02-06 06:43:04] HTTP CODE: 200
[2026-02-06 06:43:04] RAW RESPONSE: {"ok":true,"result":{"message_id":293,"from":{"id":8511296428,"is_bot":true,"first_name":"Provida Support","username":"provida_support_bot"},"chat":{"id":768732984,"first_name":"Hay Kongmeng -","last_name":"\u17a0\u17c3 \u1782\u1784\u17cb\u1798\u17c9\u17c1\u1784","username":"KongMeng_Hay","type":"private"},"date":1770360184,"text":"\ud83d\udecd\ufe0f \u17a2\u179a\u1782\u17bb\u178e\u179f\u1798\u17d2\u179a\u17b6\u1794\u17cb\u1780\u17b6\u179a\u1791\u17b6\u1780\u17cb\u1791\u1784\u1798\u1780\u1780\u1
[2026-02-06 06:43:04] CURL ERROR: none
[2026-02-06 06:43:04] SUCCESS: sendMessage completed
==========
[2026-02-06 06:43:37] ========== REQUEST ==========
[2026-02-06 06:43:37] METHOD: sendMessage
[2026-02-06 06:43:37] URL: https://api.telegram.org/bot8511296428:AAEE0qnkIDJDbYbz4_6KAHzaJji5EpZXr3Y/sendMessage
[2026-02-06 06:43:37] PARAMS: {"chat_id":768732984,"text":"\ud83d\udecd\ufe0f \u17a2\u179a\u1782\u17bb\u178e\u179f\u1798\u17d2\u179a\u17b6\u1794\u17cb\u1780\u17b6\u179a\u1791\u17b6\u1780\u17cb\u1791\u1784\u1798\u1780\u1780\u17b6\u1793\u17cb\u1799\u17be\u1784\u1781\u17d2\u1789\u17bb\u17c6\u17d4 \u178f\u17be\u1794\u1784\u178f\u17d2\u179a\u17bc\u179c\u1780\u17b6\u179a\u1787\u17c6\u1793\u17bd\u1799\u17a2\u17d2\u179c\u17b8\u178a\u17c2\u179a?\n\n\u179f\u17bc\u1798\u179f\u17d2\u179c\u17b6\u1782\u1798\u1793\u17cd, <b>Hay Kongmeng - \u17a0\u17c3 \u1782\u1784\u17cb\u1798\u17c9\u17c1\u1784<\/b>! \u1782\u178e\u1793\u17b8\u179a\u1794\u179f\u17cb\u17a2\u17d2\u1793\u1780\u1794\u17b6\u1793\u178f\u1797\u17d2\u1787\u17b6\u1794\u17cb\u179a\u17bd\u1785\u17a0\u17be\u1799\u17d4\n\n\u1785\u17bb\u1785\u1794\u17ca\u17bc\u178f\u17bb\u1784\u1781\u17b6\u1784\u1780\u17d2\u179a\u17c4\u1798 \u178a\u17be\u1798\u17d2\u1794\u17b8\u1794\u17be\u1780\u1780\u1798\u17d2\u1798\u179c\u17b7\u1792\u17b8 \u17ac\u1794\u17d2\u179a\u17be \/help \u178a\u17be\u1798\u17d2\u1794\u17b8\u1798\u17be\u179b\u1796\u17b6\u1780\u17d2\u1799\u1794\u1789\u17d2\u1787\u17b6\u17d4","parse_mode":"HTML","reply_markup":"{\"inline_keyboard\":[[{\"text\":\"\\ud83d\\ude80 \\u1794\\u17be\\u1780\\u1780\\u1798\\u17d2\\u1798\\u179c\\u17b7\\u1792\\u17b8\",\"web_app\":{\"url\":\"https:\\\/\\\/ticket.providawater.com\\\/telegram-app.html\"}}]]}"}
[2026-02-06 06:43:37] Making curl request...
[2026-02-06 06:43:38] HTTP CODE: 200
[2026-02-06 06:43:38] RAW RESPONSE: {"ok":true,"result":{"message_id":295,"from":{"id":8511296428,"is_bot":true,"first_name":"Provida Support","username":"provida_support_bot"},"chat":{"id":768732984,"first_name":"Hay Kongmeng -","last_name":"\u17a0\u17c3 \u1782\u1784\u17cb\u1798\u17c9\u17c1\u1784","username":"KongMeng_Hay","type":"private"},"date":1770360218,"text":"\ud83d\udecd\ufe0f \u17a2\u179a\u1782\u17bb\u178e\u179f\u1798\u17d2\u179a\u17b6\u1794\u17cb\u1780\u17b6\u179a\u1791\u17b6\u1780\u17cb\u1791\u1784\u1798\u1780\u1780\u1
[2026-02-06 06:43:38] CURL ERROR: none
[2026-02-06 06:43:38] SUCCESS: sendMessage completed
==========
[2026-02-06 07:08:45] ========== REQUEST ==========
[2026-02-06 07:08:45] METHOD: sendMessage
[2026-02-06 07:08:45] URL: https://api.telegram.org/bot8511296428:AAEE0qnkIDJDbYbz4_6KAHzaJji5EpZXr3Y/sendMessage
[2026-02-06 07:08:45] PARAMS: {"chat_id":768732984,"text":"\ud83d\udecd\ufe0f \u17a2\u179a\u1782\u17bb\u178e\u179f\u1798\u17d2\u179a\u17b6\u1794\u17cb\u1780\u17b6\u179a\u1791\u17b6\u1780\u17cb\u1791\u1784\u1798\u1780\u1780\u17b6\u1793\u17cb\u1799\u17be\u1784\u1781\u17d2\u1789\u17bb\u17c6\u17d4 \u178f\u17be\u1794\u1784\u178f\u17d2\u179a\u17bc\u179c\u1780\u17b6\u179a\u1787\u17c6\u1793\u17bd\u1799\u17a2\u17d2\u179c\u17b8\u178a\u17c2\u179a?\n\n\u179f\u17bc\u1798\u179f\u17d2\u179c\u17b6\u1782\u1798\u1793\u17cd, <b>Hay Kongmeng - \u17a0\u17c3 \u1782\u1784\u17cb\u1798\u17c9\u17c1\u1784<\/b>! \u1782\u178e\u1793\u17b8\u179a\u1794\u179f\u17cb\u17a2\u17d2\u1793\u1780\u1794\u17b6\u1793\u178f\u1797\u17d2\u1787\u17b6\u1794\u17cb\u179a\u17bd\u1785\u17a0\u17be\u1799\u17d4\n\n\u1785\u17bb\u1785\u1794\u17ca\u17bc\u178f\u17bb\u1784\u1781\u17b6\u1784\u1780\u17d2\u179a\u17c4\u1798 \u178a\u17be\u1798\u17d2\u1794\u17b8\u1794\u17be\u1780\u1780\u1798\u17d2\u1798\u179c\u17b7\u1792\u17b8 \u17ac\u1794\u17d2\u179a\u17be \/help \u178a\u17be\u1798\u17d2\u1794\u17b8\u1798\u17be\u179b\u1796\u17b6\u1780\u17d2\u1799\u1794\u1789\u17d2\u1787\u17b6\u17d4","parse_mode":"HTML","reply_markup":"{\"inline_keyboard\":[[{\"text\":\"\\ud83d\\ude80 \\u1794\\u17be\\u1780\\u1780\\u1798\\u17d2\\u1798\\u179c\\u17b7\\u1792\\u17b8\",\"web_app\":{\"url\":\"https:\\\/\\\/ticket.providawater.com\\\/telegram-app.html\"}}]]}"}
[2026-02-06 07:08:45] Making curl request...
[2026-02-06 07:08:46] HTTP CODE: 200
[2026-02-06 07:08:46] RAW RESPONSE: {"ok":true,"result":{"message_id":297,"from":{"id":8511296428,"is_bot":true,"first_name":"Provida Support","username":"provida_support_bot"},"chat":{"id":768732984,"first_name":"Hay Kongmeng -","last_name":"\u17a0\u17c3 \u1782\u1784\u17cb\u1798\u17c9\u17c1\u1784","username":"KongMeng_Hay","type":"private"},"date":1770361726,"text":"\ud83d\udecd\ufe0f \u17a2\u179a\u1782\u17bb\u178e\u179f\u1798\u17d2\u179a\u17b6\u1794\u17cb\u1780\u17b6\u179a\u1791\u17b6\u1780\u17cb\u1791\u1784\u1798\u1780\u1780\u1
[2026-02-06 07:08:46] CURL ERROR: none
[2026-02-06 07:08:46] SUCCESS: sendMessage completed
==========
[2026-02-06 07:15:00] ========== REQUEST ==========
[2026-02-06 07:15:00] METHOD: sendMessage
[2026-02-06 07:15:00] URL: https://api.telegram.org/bot8511296428:AAEE0qnkIDJDbYbz4_6KAHzaJji5EpZXr3Y/sendMessage
[2026-02-06 07:15:00] PARAMS: {"chat_id":768732984,"text":"\ud83d\udecd\ufe0f \u17a2\u179a\u1782\u17bb\u178e\u179f\u1798\u17d2\u179a\u17b6\u1794\u17cb\u1780\u17b6\u179a\u1791\u17b6\u1780\u17cb\u1791\u1784\u1798\u1780\u1780\u17b6\u1793\u17cb\u1799\u17be\u1784\u1781\u17d2\u1789\u17bb\u17c6\u17d4 \u178f\u17be\u1794\u1784\u178f\u17d2\u179a\u17bc\u179c\u1780\u17b6\u179a\u1787\u17c6\u1793\u17bd\u1799\u17a2\u17d2\u179c\u17b8\u178a\u17c2\u179a?\n\n\u179f\u17bc\u1798\u179f\u17d2\u179c\u17b6\u1782\u1798\u1793\u17cd, <b>Hay Kongmeng - \u17a0\u17c3 \u1782\u1784\u17cb\u1798\u17c9\u17c1\u1784<\/b>! \u1782\u178e\u1793\u17b8\u179a\u1794\u179f\u17cb\u17a2\u17d2\u1793\u1780\u1794\u17b6\u1793\u178f\u1797\u17d2\u1787\u17b6\u1794\u17cb\u179a\u17bd\u1785\u17a0\u17be\u1799\u17d4\n\n\u1785\u17bb\u1785\u1794\u17ca\u17bc\u178f\u17bb\u1784\u1781\u17b6\u1784\u1780\u17d2\u179a\u17c4\u1798 \u178a\u17be\u1798\u17d2\u1794\u17b8\u1794\u17be\u1780\u1780\u1798\u17d2\u1798\u179c\u17b7\u1792\u17b8 \u17ac\u1794\u17d2\u179a\u17be \/help \u178a\u17be\u1798\u17d2\u1794\u17b8\u1798\u17be\u179b\u1796\u17b6\u1780\u17d2\u1799\u1794\u1789\u17d2\u1787\u17b6\u17d4","parse_mode":"HTML","reply_markup":"{\"inline_keyboard\":[[{\"text\":\"\\ud83d\\ude80 \\u1794\\u17be\\u1780\\u1780\\u1798\\u17d2\\u1798\\u179c\\u17b7\\u1792\\u17b8\",\"web_app\":{\"url\":\"https:\\\/\\\/ticket.providawater.com\\\/telegram-app.html\"}}]]}"}
[2026-02-06 07:15:00] Making curl request...
[2026-02-06 07:15:01] HTTP CODE: 200
[2026-02-06 07:15:01] RAW RESPONSE: {"ok":true,"result":{"message_id":299,"from":{"id":8511296428,"is_bot":true,"first_name":"Provida Support","username":"provida_support_bot"},"chat":{"id":768732984,"first_name":"Hay Kongmeng -","last_name":"\u17a0\u17c3 \u1782\u1784\u17cb\u1798\u17c9\u17c1\u1784","username":"KongMeng_Hay","type":"private"},"date":1770362101,"text":"\ud83d\udecd\ufe0f \u17a2\u179a\u1782\u17bb\u178e\u179f\u1798\u17d2\u179a\u17b6\u1794\u17cb\u1780\u17b6\u179a\u1791\u17b6\u1780\u17cb\u1791\u1784\u1798\u1780\u1780\u1
[2026-02-06 07:15:01] CURL ERROR: none
[2026-02-06 07:15:01] SUCCESS: sendMessage completed
==========
[2026-02-06 07:46:59] ========== REQUEST ==========
[2026-02-06 07:46:59] METHOD: sendMessage
[2026-02-06 07:46:59] URL: https://api.telegram.org/bot8511296428:AAEE0qnkIDJDbYbz4_6KAHzaJji5EpZXr3Y/sendMessage
[2026-02-06 07:46:59] PARAMS: {"chat_id":768732984,"text":"\ud83d\udecd\ufe0f \u17a2\u179a\u1782\u17bb\u178e\u179f\u1798\u17d2\u179a\u17b6\u1794\u17cb\u1780\u17b6\u179a\u1791\u17b6\u1780\u17cb\u1791\u1784\u1798\u1780\u1780\u17b6\u1793\u17cb\u1799\u17be\u1784\u1781\u17d2\u1789\u17bb\u17c6\u17d4 \u178f\u17be\u1794\u1784\u178f\u17d2\u179a\u17bc\u179c\u1780\u17b6\u179a\u1787\u17c6\u1793\u17bd\u1799\u17a2\u17d2\u179c\u17b8\u178a\u17c2\u179a?\n\n\u179f\u17bc\u1798\u179f\u17d2\u179c\u17b6\u1782\u1798\u1793\u17cd, <b>Hay Kongmeng - \u17a0\u17c3 \u1782\u1784\u17cb\u1798\u17c9\u17c1\u1784<\/b>! \u1782\u178e\u1793\u17b8\u179a\u1794\u179f\u17cb\u17a2\u17d2\u1793\u1780\u1794\u17b6\u1793\u178f\u1797\u17d2\u1787\u17b6\u1794\u17cb\u179a\u17bd\u1785\u17a0\u17be\u1799\u17d4\n\n\u1785\u17bb\u1785\u1794\u17ca\u17bc\u178f\u17bb\u1784\u1781\u17b6\u1784\u1780\u17d2\u179a\u17c4\u1798 \u178a\u17be\u1798\u17d2\u1794\u17b8\u1794\u17be\u1780\u1780\u1798\u17d2\u1798\u179c\u17b7\u1792\u17b8 \u17ac\u1794\u17d2\u179a\u17be \/help \u178a\u17be\u1798\u17d2\u1794\u17b8\u1798\u17be\u179b\u1796\u17b6\u1780\u17d2\u1799\u1794\u1789\u17d2\u1787\u17b6\u17d4","parse_mode":"HTML","reply_markup":"{\"inline_keyboard\":[[{\"text\":\"\\ud83d\\ude80 \\u1794\\u17be\\u1780\\u1780\\u1798\\u17d2\\u1798\\u179c\\u17b7\\u1792\\u17b8\",\"web_app\":{\"url\":\"https:\\\/\\\/ticket.providawater.com\\\/telegram-app.html\"}}]]}"}
[2026-02-06 07:46:59] Making curl request...
[2026-02-06 07:46:59] HTTP CODE: 200
[2026-02-06 07:46:59] RAW RESPONSE: {"ok":true,"result":{"message_id":303,"from":{"id":8511296428,"is_bot":true,"first_name":"Provida Support","username":"provida_support_bot"},"chat":{"id":768732984,"first_name":"Hay Kongmeng -","last_name":"\u17a0\u17c3 \u1782\u1784\u17cb\u1798\u17c9\u17c1\u1784","username":"KongMeng_Hay","type":"private"},"date":1770364019,"text":"\ud83d\udecd\ufe0f \u17a2\u179a\u1782\u17bb\u178e\u179f\u1798\u17d2\u179a\u17b6\u1794\u17cb\u1780\u17b6\u179a\u1791\u17b6\u1780\u17cb\u1791\u1784\u1798\u1780\u1780\u1
[2026-02-06 07:46:59] CURL ERROR: none
[2026-02-06 07:46:59] SUCCESS: sendMessage completed
==========
[2026-02-06 07:59:29] ========== REQUEST ==========
[2026-02-06 07:59:29] METHOD: sendMessage
[2026-02-06 07:59:29] URL: https://api.telegram.org/bot8511296428:AAEE0qnkIDJDbYbz4_6KAHzaJji5EpZXr3Y/sendMessage
[2026-02-06 07:59:29] PARAMS: {"chat_id":768732984,"text":"<b>\u1796\u17b6\u1780\u17d2\u1799\u1794\u1789\u17d2\u1787\u17b6\u178a\u17c2\u179b\u1798\u17b6\u1793<\/b>\n\n\/start - \u1785\u17b6\u1794\u17cb\u1795\u17d2\u178f\u17be\u1798\u1798\u17c9\u17b6\u179f\u17ca\u17b8\u1793\u1794\u1784\u17d2\u1782\u17b6\u1794\u17cb\n\/link - \u1797\u17d2\u1787\u17b6\u1794\u17cb\u1782\u178e\u1793\u17b8\u17a2\u17ca\u17b8\u1798\u17c2\u179b\u179a\u1794\u179f\u17cb\u17a2\u17d2\u1793\u1780\n\/newticket - \u1794\u1784\u17d2\u1780\u17be\u178f\u179f\u17c6\u178e\u17be\u179f\u17bb\u17c6\u1787\u17c6\u1793\u17bd\u1799\u1782\u17b6\u17c6\u1791\u17d2\u179a\u1790\u17d2\u1798\u17b8\n\/mytickets - \u1798\u17be\u179b\u179f\u17c6\u178e\u17be\u179f\u17bb\u17c6\u1787\u17c6\u1793\u17bd\u1799\u1782\u17b6\u17c6\u1791\u17d2\u179a\u1794\u179f\u17cb\u17a2\u17d2\u1793\u1780\n\/status [ticket#] - \u1796\u17b7\u1793\u17b7\u178f\u17d2\u1799\u179b\u1780\u17d2\u1781\u1781\u17d0\u178e\u17d2\u178c\u179f\u17c6\u178e\u17be\u179f\u17bb\u17c6\u1787\u17c6\u1793\u17bd\u1799\n\/help - \u1794\u1784\u17d2\u17a0\u17b6\u1789\u179f\u17b6\u179a\u179b\u1798\u17d2\u17a2\u17b7\u178f\u1793\u17c1\u17c7","parse_mode":"HTML"}
[2026-02-06 07:59:29] Making curl request...
[2026-02-06 07:59:30] HTTP CODE: 200
[2026-02-06 07:59:30] RAW RESPONSE: {"ok":true,"result":{"message_id":305,"from":{"id":8511296428,"is_bot":true,"first_name":"Provida Support","username":"provida_support_bot"},"chat":{"id":768732984,"first_name":"Hay Kongmeng -","last_name":"\u17a0\u17c3 \u1782\u1784\u17cb\u1798\u17c9\u17c1\u1784","username":"KongMeng_Hay","type":"private"},"date":1770364770,"text":"\u1796\u17b6\u1780\u17d2\u1799\u1794\u1789\u17d2\u1787\u17b6\u178a\u17c2\u179b\u1798\u17b6\u1793\n\n/start - \u1785\u17b6\u1794\u17cb\u1795\u17d2\u178f\u17be\u1798\u1
[2026-02-06 07:59:30] CURL ERROR: none
[2026-02-06 07:59:30] SUCCESS: sendMessage completed
==========
[2026-02-06 08:06:15] ========== REQUEST ==========
[2026-02-06 08:06:15] METHOD: sendMessage
[2026-02-06 08:06:15] URL: https://api.telegram.org/bot8511296428:AAEE0qnkIDJDbYbz4_6KAHzaJji5EpZXr3Y/sendMessage
[2026-02-06 08:06:15] PARAMS: {"chat_id":768732984,"text":"\ud83d\udecd\ufe0f \u17a2\u179a\u1782\u17bb\u178e\u179f\u1798\u17d2\u179a\u17b6\u1794\u17cb\u1780\u17b6\u179a\u1791\u17b6\u1780\u17cb\u1791\u1784\u1798\u1780\u1780\u17b6\u1793\u17cb\u1799\u17be\u1784\u1781\u17d2\u1789\u17bb\u17c6\u17d4 \u178f\u17be\u1794\u1784\u178f\u17d2\u179a\u17bc\u179c\u1780\u17b6\u179a\u1787\u17c6\u1793\u17bd\u1799\u17a2\u17d2\u179c\u17b8\u178a\u17c2\u179a?\n\n\u179f\u17bc\u1798\u179f\u17d2\u179c\u17b6\u1782\u1798\u1793\u17cd, <b>Hay Kongmeng - \u17a0\u17c3 \u1782\u1784\u17cb\u1798\u17c9\u17c1\u1784<\/b>! \u1782\u178e\u1793\u17b8\u179a\u1794\u179f\u17cb\u17a2\u17d2\u1793\u1780\u1794\u17b6\u1793\u178f\u1797\u17d2\u1787\u17b6\u1794\u17cb\u179a\u17bd\u1785\u17a0\u17be\u1799\u17d4\n\n\u1785\u17bb\u1785\u1794\u17ca\u17bc\u178f\u17bb\u1784\u1781\u17b6\u1784\u1780\u17d2\u179a\u17c4\u1798 \u178a\u17be\u1798\u17d2\u1794\u17b8\u1794\u17be\u1780\u1780\u1798\u17d2\u1798\u179c\u17b7\u1792\u17b8 \u17ac\u1794\u17d2\u179a\u17be \/help \u178a\u17be\u1798\u17d2\u1794\u17b8\u1798\u17be\u179b\u1796\u17b6\u1780\u17d2\u1799\u1794\u1789\u17d2\u1787\u17b6\u17d4","parse_mode":"HTML","reply_markup":"{\"inline_keyboard\":[[{\"text\":\"\\ud83d\\ude80 \\u1794\\u17be\\u1780\\u1780\\u1798\\u17d2\\u1798\\u179c\\u17b7\\u1792\\u17b8\",\"web_app\":{\"url\":\"https:\\\/\\\/ticket.providawater.com\\\/telegram-app.html\"}}]]}"}
[2026-02-06 08:06:15] Making curl request...
[2026-02-06 08:06:16] HTTP CODE: 200
[2026-02-06 08:06:16] RAW RESPONSE: {"ok":true,"result":{"message_id":309,"from":{"id":8511296428,"is_bot":true,"first_name":"Provida Support","username":"provida_support_bot"},"chat":{"id":768732984,"first_name":"Hay Kongmeng -","last_name":"\u17a0\u17c3 \u1782\u1784\u17cb\u1798\u17c9\u17c1\u1784","username":"KongMeng_Hay","type":"private"},"date":1770365176,"text":"\ud83d\udecd\ufe0f \u17a2\u179a\u1782\u17bb\u178e\u179f\u1798\u17d2\u179a\u17b6\u1794\u17cb\u1780\u17b6\u179a\u1791\u17b6\u1780\u17cb\u1791\u1784\u1798\u1780\u1780\u1
[2026-02-06 08:06:16] CURL ERROR: none
[2026-02-06 08:06:16] SUCCESS: sendMessage completed
==========
[2026-02-06 08:19:39] ========== REQUEST ==========
[2026-02-06 08:19:39] METHOD: sendMessage
[2026-02-06 08:19:39] URL: https://api.telegram.org/bot8511296428:AAEE0qnkIDJDbYbz4_6KAHzaJji5EpZXr3Y/sendMessage
[2026-02-06 08:19:39] PARAMS: {"chat_id":656454697,"text":"\ud83d\udecd\ufe0f \u17a2\u179a\u1782\u17bb\u178e\u179f\u1798\u17d2\u179a\u17b6\u1794\u17cb\u1780\u17b6\u179a\u1791\u17b6\u1780\u17cb\u1791\u1784\u1798\u1780\u1780\u17b6\u1793\u17cb\u1799\u17be\u1784\u1781\u17d2\u1789\u17bb\u17c6\u17d4 \u178f\u17be\u1794\u1784\u178f\u17d2\u179a\u17bc\u179c\u1780\u17b6\u179a\u1787\u17c6\u1793\u17bd\u1799\u17a2\u17d2\u179c\u17b8\u178a\u17c2\u179a?\n\n\u178a\u17be\u1798\u17d2\u1794\u17b8\u1785\u17b6\u1794\u17cb\u1795\u17d2\u178f\u17be\u1798 \u1781\u17d2\u1789\u17bb\u17c6\u178f\u17d2\u179a\u17bc\u179c\u1780\u17b6\u179a\u178f\u1797\u17d2\u1787\u17b6\u1794\u17cb\u17a2\u17b6\u179f\u17d0\u1799\u178a\u17d2\u178b\u17b6\u1793\u17a2\u17ca\u17b8\u1798\u17c2\u179b\u179a\u1794\u179f\u17cb\u17a2\u17d2\u1793\u1780\u17d4\n\u1794\u17d2\u179a\u17be \/link \u178a\u17be\u1798\u17d2\u1794\u17b8\u1797\u17d2\u1787\u17b6\u1794\u17cb\u1782\u178e\u1793\u17b8\u1782\u17b6\u17c6\u1791\u17d2\u1797\u17b6\u1796\u179a\u1794\u179f\u17cb\u17a2\u17d2\u1793\u1780\u17d4","parse_mode":"HTML"}
[2026-02-06 08:19:39] Making curl request...
[2026-02-06 08:19:39] HTTP CODE: 200
[2026-02-06 08:19:39] RAW RESPONSE: {"ok":true,"result":{"message_id":311,"from":{"id":8511296428,"is_bot":true,"first_name":"Provida Support","username":"provida_support_bot"},"chat":{"id":656454697,"first_name":"ROS","last_name":"Piseth","username":"rpiseth","type":"private"},"date":1770365979,"text":"\ud83d\udecd\ufe0f \u17a2\u179a\u1782\u17bb\u178e\u179f\u1798\u17d2\u179a\u17b6\u1794\u17cb\u1780\u17b6\u179a\u1791\u17b6\u1780\u17cb\u1791\u1784\u1798\u1780\u1780\u17b6\u1793\u17cb\u1799\u17be\u1784\u1781\u17d2\u1789\u17bb\u17c6\u
[2026-02-06 08:19:39] CURL ERROR: none
[2026-02-06 08:19:39] SUCCESS: sendMessage completed
==========
[2026-02-06 08:19:55] ========== REQUEST ==========
[2026-02-06 08:19:55] METHOD: sendMessage
[2026-02-06 08:19:55] URL: https://api.telegram.org/bot8511296428:AAEE0qnkIDJDbYbz4_6KAHzaJji5EpZXr3Y/sendMessage
[2026-02-06 08:19:55] PARAMS: {"chat_id":656454697,"text":"\u179f\u17bc\u1798\u1794\u1789\u17d2\u1785\u17bc\u179b\u17a2\u17b6\u179f\u17d0\u1799\u178a\u17d2\u178b\u17b6\u1793\u17a2\u17ca\u17b8\u1798\u17c2\u179b\u179a\u1794\u179f\u17cb\u17a2\u17d2\u1793\u1780\u178a\u17be\u1798\u17d2\u1794\u17b8\u1797\u17d2\u1787\u17b6\u1794\u17cb\u1782\u178e\u1793\u17b8\u179a\u1794\u179f\u17cb\u17a2\u17d2\u1793\u1780:","parse_mode":"HTML"}
[2026-02-06 08:19:55] Making curl request...
[2026-02-06 08:19:56] HTTP CODE: 200
[2026-02-06 08:19:56] RAW RESPONSE: {"ok":true,"result":{"message_id":313,"from":{"id":8511296428,"is_bot":true,"first_name":"Provida Support","username":"provida_support_bot"},"chat":{"id":656454697,"first_name":"ROS","last_name":"Piseth","username":"rpiseth","type":"private"},"date":1770365996,"text":"\u179f\u17bc\u1798\u1794\u1789\u17d2\u1785\u17bc\u179b\u17a2\u17b6\u179f\u17d0\u1799\u178a\u17d2\u178b\u17b6\u1793\u17a2\u17ca\u17b8\u1798\u17c2\u179b\u179a\u1794\u179f\u17cb\u17a2\u17d2\u1793\u1780\u178a\u17be\u1798\u17d2\u1794\u1
[2026-02-06 08:19:56] CURL ERROR: none
[2026-02-06 08:19:56] SUCCESS: sendMessage completed
==========
[2026-02-06 08:20:25] ========== REQUEST ==========
[2026-02-06 08:20:25] METHOD: sendMessage
[2026-02-06 08:20:25] URL: https://api.telegram.org/bot8511296428:AAEE0qnkIDJDbYbz4_6KAHzaJji5EpZXr3Y/sendMessage
[2026-02-06 08:20:25] PARAMS: {"chat_id":656454697,"text":"\u1782\u178e\u1793\u17b8\u179a\u1794\u179f\u17cb\u17a2\u17d2\u1793\u1780\u1794\u17b6\u1793\u178f\u1797\u17d2\u1787\u17b6\u1794\u17cb\u178a\u17c4\u1799\u1787\u17c4\u1782\u1787\u17d0\u1799!\n\n\u17a2\u17d2\u1793\u1780\u1780\u17cf\u17a2\u17b6\u1785:\n- \u1794\u1784\u17d2\u1780\u17be\u178f\u179f\u17c6\u178e\u17be\u179f\u17bb\u17c6\u1787\u17c6\u1793\u17bd\u1799\u178a\u17c4\u1799 \/newticket\n- \u1798\u17be\u179b\u179f\u17c6\u178e\u17be\u179f\u17bb\u17c6\u1787\u17c6\u1793\u17bd\u1799\u179a\u1794\u179f\u17cb\u17a2\u17d2\u1793\u1780 \/mytickets\n- \u1791\u1791\u17bd\u179b\u1794\u17b6\u1793\u1780\u17b6\u179a\u1787\u17bc\u1793\u178a\u17c6\u178e\u17b9\u1784\u17a2\u17c6\u1796\u17b8\u179f\u17c6\u178e\u17be\u179f\u17bb\u17c6\u1787\u17c6\u1793\u17bd\u1799\u179a\u1794\u179f\u17cb\u17a2\u17d2\u1793\u1780","parse_mode":"HTML"}
[2026-02-06 08:20:25] Making curl request...
[2026-02-06 08:20:26] HTTP CODE: 200
[2026-02-06 08:20:26] RAW RESPONSE: {"ok":true,"result":{"message_id":315,"from":{"id":8511296428,"is_bot":true,"first_name":"Provida Support","username":"provida_support_bot"},"chat":{"id":656454697,"first_name":"ROS","last_name":"Piseth","username":"rpiseth","type":"private"},"date":1770366025,"text":"\u1782\u178e\u1793\u17b8\u179a\u1794\u179f\u17cb\u17a2\u17d2\u1793\u1780\u1794\u17b6\u1793\u178f\u1797\u17d2\u1787\u17b6\u1794\u17cb\u178a\u17c4\u1799\u1787\u17c4\u1782\u1787\u17d0\u1799!\n\n\u17a2\u17d2\u1793\u1780\u1780\u17cf\u17
[2026-02-06 08:20:26] CURL ERROR: none
[2026-02-06 08:20:26] SUCCESS: sendMessage completed
==========
[2026-02-06 08:20:28] ========== REQUEST ==========
[2026-02-06 08:20:28] METHOD: sendMessage
[2026-02-06 08:20:28] URL: https://api.telegram.org/bot8511296428:AAEE0qnkIDJDbYbz4_6KAHzaJji5EpZXr3Y/sendMessage
[2026-02-06 08:20:28] PARAMS: {"chat_id":656454697,"text":"\u1785\u17bc\u179b\u1780\u17d2\u1793\u17bb\u1784\u1780\u17b6\u179a\u1794\u1784\u17d2\u1780\u17be\u178f\u179f\u17c6\u178e\u17be\u179f\u17bb\u17c6\u1787\u17c6\u1793\u17bd\u1799\u1790\u17d2\u1798\u17b8\u17d4\n\n<b>\u1787\u17c6\u17a0\u17b6\u1793 1\/2:<\/b> \u178f\u17be\u1794\u17d2\u179a\u1792\u17b6\u1793\u1794\u1791\u1793\u17c3\u1794\u1789\u17d2\u17a0\u17b6\u179a\u1794\u179f\u17cb\u17a2\u17d2\u1793\u1780\u1782\u17ba\u1787\u17b6\u17a2\u17d2\u179c\u17b8?","parse_mode":"HTML"}
[2026-02-06 08:20:28] Making curl request...
[2026-02-06 08:20:29] HTTP CODE: 200
[2026-02-06 08:20:29] RAW RESPONSE: {"ok":true,"result":{"message_id":317,"from":{"id":8511296428,"is_bot":true,"first_name":"Provida Support","username":"provida_support_bot"},"chat":{"id":656454697,"first_name":"ROS","last_name":"Piseth","username":"rpiseth","type":"private"},"date":1770366029,"text":"\u1785\u17bc\u179b\u1780\u17d2\u1793\u17bb\u1784\u1780\u17b6\u179a\u1794\u1784\u17d2\u1780\u17be\u178f\u179f\u17c6\u178e\u17be\u179f\u17bb\u17c6\u1787\u17c6\u1793\u17bd\u1799\u1790\u17d2\u1798\u17b8\u17d4\n\n\u1787\u17c6\u17a0\u17b
[2026-02-06 08:20:29] CURL ERROR: none
[2026-02-06 08:20:29] SUCCESS: sendMessage completed
==========
[2026-02-06 08:20:32] ========== REQUEST ==========
[2026-02-06 08:20:32] METHOD: sendMessage
[2026-02-06 08:20:32] URL: https://api.telegram.org/bot8511296428:AAEE0qnkIDJDbYbz4_6KAHzaJji5EpZXr3Y/sendMessage
[2026-02-06 08:20:32] PARAMS: {"chat_id":656454697,"text":"<b>\u1787\u17c6\u17a0\u17b6\u1793 2\/2:<\/b> \u179f\u17bc\u1798\u1796\u17b7\u1796\u178e\u17cc\u1793\u17b6\u179b\u1798\u17d2\u17a2\u17b7\u178f\u17a2\u17c6\u1796\u17b8\u1794\u1789\u17d2\u17a0\u17b6\u179a\u1794\u179f\u17cb\u17a2\u17d2\u1793\u1780:","parse_mode":"HTML"}
[2026-02-06 08:20:32] Making curl request...
[2026-02-06 08:20:33] HTTP CODE: 200
[2026-02-06 08:20:33] RAW RESPONSE: {"ok":true,"result":{"message_id":319,"from":{"id":8511296428,"is_bot":true,"first_name":"Provida Support","username":"provida_support_bot"},"chat":{"id":656454697,"first_name":"ROS","last_name":"Piseth","username":"rpiseth","type":"private"},"date":1770366033,"text":"\u1787\u17c6\u17a0\u17b6\u1793 2/2: \u179f\u17bc\u1798\u1796\u17b7\u1796\u178e\u17cc\u1793\u17b6\u179b\u1798\u17d2\u17a2\u17b7\u178f\u17a2\u17c6\u1796\u17b8\u1794\u1789\u17d2\u17a0\u17b6\u179a\u1794\u179f\u17cb\u17a2\u17d2\u1793\u1
[2026-02-06 08:20:33] CURL ERROR: none
[2026-02-06 08:20:33] SUCCESS: sendMessage completed
==========
[2026-02-06 08:20:37] ========== REQUEST ==========
[2026-02-06 08:20:37] METHOD: sendMessage
[2026-02-06 08:20:37] URL: https://api.telegram.org/bot8511296428:AAEE0qnkIDJDbYbz4_6KAHzaJji5EpZXr3Y/sendMessage
[2026-02-06 08:20:37] PARAMS: {"chat_id":656454697,"text":"\u179f\u17bc\u1798\u1795\u17d2\u178f\u179b\u17cb\u1787\u17bc\u1793\u1796\u17d0\u178f\u17cc\u1798\u17b6\u1793\u179b\u1798\u17d2\u17a2\u17b7\u178f\u179b\u1798\u17d2\u17a2\u17b7\u178f (\u1799\u17c9\u17b6\u1784\u17a0\u17c4\u1785\u178e\u17b6\u179f\u17cb 10 \u178f\u17bd\u17a2\u1780\u17d2\u179f\u179a):","parse_mode":"HTML"}
[2026-02-06 08:20:37] Making curl request...
[2026-02-06 08:20:38] HTTP CODE: 200
[2026-02-06 08:20:38] RAW RESPONSE: {"ok":true,"result":{"message_id":321,"from":{"id":8511296428,"is_bot":true,"first_name":"Provida Support","username":"provida_support_bot"},"chat":{"id":656454697,"first_name":"ROS","last_name":"Piseth","username":"rpiseth","type":"private"},"date":1770366037,"text":"\u179f\u17bc\u1798\u1795\u17d2\u178f\u179b\u17cb\u1787\u17bc\u1793\u1796\u17d0\u178f\u17cc\u1798\u17b6\u1793\u179b\u1798\u17d2\u17a2\u17b7\u178f\u179b\u1798\u17d2\u17a2\u17b7\u178f (\u1799\u17c9\u17b6\u1784\u17a0\u17c4\u1785\u178e\
[2026-02-06 08:20:38] CURL ERROR: none
[2026-02-06 08:20:38] SUCCESS: sendMessage completed
==========
[2026-02-06 08:20:53] ========== REQUEST ==========
[2026-02-06 08:20:53] METHOD: sendMessage
[2026-02-06 08:20:53] URL: https://api.telegram.org/bot8511296428:AAEE0qnkIDJDbYbz4_6KAHzaJji5EpZXr3Y/sendMessage
[2026-02-06 08:20:53] PARAMS: {"chat_id":656454697,"text":"\u179f\u17c6\u178e\u17be\u179f\u17bb\u17c6\u1787\u17c6\u1793\u17bd\u1799\u179a\u1794\u179f\u17cb\u17a2\u17d2\u1793\u1780\u1794\u17b6\u1793\u1794\u1784\u17d2\u1780\u17be\u178f!\n\n<b>\u179b\u17c1\u1781\u179f\u17c6\u178e\u17be\u179f\u17bb\u17c6\u1787\u17c6\u1793\u17bd\u1799:<\/b> TKT-000009\n<b>\u1794\u17d2\u179a\u1792\u17b6\u1793\u1794\u1791:<\/b> Hello\n\n\u1799\u17be\u1784\u1793\u17b9\u1784\u1787\u17bc\u1793\u178a\u17c6\u178e\u17b9\u1784\u17b1\u17d2\u1799\u17a2\u17d2\u1793\u1780\u1793\u17c5\u1796\u17c1\u179b\u178a\u17c2\u179b\u1798\u17b6\u1793\u1780\u17b6\u179a\u1786\u17d2\u179b\u17be\u1799\u178f\u1794\u17d4","parse_mode":"HTML"}
[2026-02-06 08:20:53] Making curl request...
[2026-02-06 08:20:54] HTTP CODE: 200
[2026-02-06 08:20:54] RAW RESPONSE: {"ok":true,"result":{"message_id":323,"from":{"id":8511296428,"is_bot":true,"first_name":"Provida Support","username":"provida_support_bot"},"chat":{"id":656454697,"first_name":"ROS","last_name":"Piseth","username":"rpiseth","type":"private"},"date":1770366054,"text":"\u179f\u17c6\u178e\u17be\u179f\u17bb\u17c6\u1787\u17c6\u1793\u17bd\u1799\u179a\u1794\u179f\u17cb\u17a2\u17d2\u1793\u1780\u1794\u17b6\u1793\u1794\u1784\u17d2\u1780\u17be\u178f!\n\n\u179b\u17c1\u1781\u179f\u17c6\u178e\u17be\u179f\u17
[2026-02-06 08:20:54] CURL ERROR: none
[2026-02-06 08:20:54] SUCCESS: sendMessage completed
==========
[2026-02-06 08:21:10] ========== REQUEST ==========
[2026-02-06 08:21:10] METHOD: sendMessage
[2026-02-06 08:21:10] URL: https://api.telegram.org/bot8511296428:AAEE0qnkIDJDbYbz4_6KAHzaJji5EpZXr3Y/sendMessage
[2026-02-06 08:21:10] PARAMS: {"chat_id":656454697,"text":"\ud83d\udecd\ufe0f \u17a2\u179a\u1782\u17bb\u178e\u179f\u1798\u17d2\u179a\u17b6\u1794\u17cb\u1780\u17b6\u179a\u1791\u17b6\u1780\u17cb\u1791\u1784\u1798\u1780\u1780\u17b6\u1793\u17cb\u1799\u17be\u1784\u1781\u17d2\u1789\u17bb\u17c6\u17d4 \u178f\u17be\u1794\u1784\u178f\u17d2\u179a\u17bc\u179c\u1780\u17b6\u179a\u1787\u17c6\u1793\u17bd\u1799\u17a2\u17d2\u179c\u17b8\u178a\u17c2\u179a?\n\n\u179f\u17bc\u1798\u179f\u17d2\u179c\u17b6\u1782\u1798\u1793\u17cd, <b>ROS Piseth<\/b>! \u1782\u178e\u1793\u17b8\u179a\u1794\u179f\u17cb\u17a2\u17d2\u1793\u1780\u1794\u17b6\u1793\u178f\u1797\u17d2\u1787\u17b6\u1794\u17cb\u179a\u17bd\u1785\u17a0\u17be\u1799\u17d4\n\n\u1785\u17bb\u1785\u1794\u17ca\u17bc\u178f\u17bb\u1784\u1781\u17b6\u1784\u1780\u17d2\u179a\u17c4\u1798 \u178a\u17be\u1798\u17d2\u1794\u17b8\u1794\u17be\u1780\u1780\u1798\u17d2\u1798\u179c\u17b7\u1792\u17b8 \u17ac\u1794\u17d2\u179a\u17be \/help \u178a\u17be\u1798\u17d2\u1794\u17b8\u1798\u17be\u179b\u1796\u17b6\u1780\u17d2\u1799\u1794\u1789\u17d2\u1787\u17b6\u17d4","parse_mode":"HTML","reply_markup":"{\"inline_keyboard\":[[{\"text\":\"\\ud83d\\ude80 \\u1794\\u17be\\u1780\\u1780\\u1798\\u17d2\\u1798\\u179c\\u17b7\\u1792\\u17b8\",\"web_app\":{\"url\":\"https:\\\/\\\/ticket.providawater.com\\\/telegram-app.html\"}}]]}"}
[2026-02-06 08:21:10] Making curl request...
[2026-02-06 08:21:10] HTTP CODE: 200
[2026-02-06 08:21:10] RAW RESPONSE: {"ok":true,"result":{"message_id":325,"from":{"id":8511296428,"is_bot":true,"first_name":"Provida Support","username":"provida_support_bot"},"chat":{"id":656454697,"first_name":"ROS","last_name":"Piseth","username":"rpiseth","type":"private"},"date":1770366070,"text":"\ud83d\udecd\ufe0f \u17a2\u179a\u1782\u17bb\u178e\u179f\u1798\u17d2\u179a\u17b6\u1794\u17cb\u1780\u17b6\u179a\u1791\u17b6\u1780\u17cb\u1791\u1784\u1798\u1780\u1780\u17b6\u1793\u17cb\u1799\u17be\u1784\u1781\u17d2\u1789\u17bb\u17c6\u
[2026-02-06 08:21:10] CURL ERROR: none
[2026-02-06 08:21:10] SUCCESS: sendMessage completed
==========
[2026-02-08 09:34:17] ========== REQUEST ==========
[2026-02-08 09:34:17] METHOD: sendMessage
[2026-02-08 09:34:17] URL: https://api.telegram.org/bot8511296428:AAEE0qnkIDJDbYbz4_6KAHzaJji5EpZXr3Y/sendMessage
[2026-02-08 09:34:17] PARAMS: {"chat_id":768732984,"text":"\ud83d\udecd\ufe0f \u17a2\u179a\u1782\u17bb\u178e\u179f\u1798\u17d2\u179a\u17b6\u1794\u17cb\u1780\u17b6\u179a\u1791\u17b6\u1780\u17cb\u1791\u1784\u1798\u1780\u1780\u17b6\u1793\u17cb\u1799\u17be\u1784\u1781\u17d2\u1789\u17bb\u17c6\u17d4 \u178f\u17be\u1794\u1784\u178f\u17d2\u179a\u17bc\u179c\u1780\u17b6\u179a\u1787\u17c6\u1793\u17bd\u1799\u17a2\u17d2\u179c\u17b8\u178a\u17c2\u179a?\n\n\u179f\u17bc\u1798\u179f\u17d2\u179c\u17b6\u1782\u1798\u1793\u17cd, <b>Hay Kongmeng - \u17a0\u17c3 \u1782\u1784\u17cb\u1798\u17c9\u17c1\u1784<\/b>! \u1782\u178e\u1793\u17b8\u179a\u1794\u179f\u17cb\u17a2\u17d2\u1793\u1780\u1794\u17b6\u1793\u178f\u1797\u17d2\u1787\u17b6\u1794\u17cb\u179a\u17bd\u1785\u17a0\u17be\u1799\u17d4\n\n\u1785\u17bb\u1785\u1794\u17ca\u17bc\u178f\u17bb\u1784\u1781\u17b6\u1784\u1780\u17d2\u179a\u17c4\u1798 \u178a\u17be\u1798\u17d2\u1794\u17b8\u1794\u17be\u1780\u1780\u1798\u17d2\u1798\u179c\u17b7\u1792\u17b8 \u17ac\u1794\u17d2\u179a\u17be \/help \u178a\u17be\u1798\u17d2\u1794\u17b8\u1798\u17be\u179b\u1796\u17b6\u1780\u17d2\u1799\u1794\u1789\u17d2\u1787\u17b6\u17d4","parse_mode":"HTML","reply_markup":"{\"inline_keyboard\":[[{\"text\":\"\\ud83d\\ude80 \\u1794\\u17be\\u1780\\u1780\\u1798\\u17d2\\u1798\\u179c\\u17b7\\u1792\\u17b8\",\"web_app\":{\"url\":\"https:\\\/\\\/ticket.providawater.com\\\/telegram-app.html\"}}]]}"}
[2026-02-08 09:34:17] Making curl request...
[2026-02-08 09:34:18] HTTP CODE: 200
[2026-02-08 09:34:18] RAW RESPONSE: {"ok":true,"result":{"message_id":327,"from":{"id":8511296428,"is_bot":true,"first_name":"Provida Support","username":"provida_support_bot"},"chat":{"id":768732984,"first_name":"Hay Kongmeng -","last_name":"\u17a0\u17c3 \u1782\u1784\u17cb\u1798\u17c9\u17c1\u1784","username":"KongMeng_Hay","type":"private"},"date":1770543257,"text":"\ud83d\udecd\ufe0f \u17a2\u179a\u1782\u17bb\u178e\u179f\u1798\u17d2\u179a\u17b6\u1794\u17cb\u1780\u17b6\u179a\u1791\u17b6\u1780\u17cb\u1791\u1784\u1798\u1780\u1780\u1
[2026-02-08 09:34:18] CURL ERROR: none
[2026-02-08 09:34:18] SUCCESS: sendMessage completed
==========
[2026-02-09 12:19:41] ========== REQUEST ==========
[2026-02-09 12:19:41] METHOD: setWebhook
[2026-02-09 12:19:41] URL: https://api.telegram.org/bot8415659161:AAFhCHpE_74h5bHbmk4ERUgrT2JtP-RQHXA/setWebhook
[2026-02-09 12:19:41] PARAMS: {"url":"http:\/\/localhost:8080\/api\/telegram\/webhook\/1"}
[2026-02-09 12:19:41] Making curl request...
[2026-02-09 12:19:46] HTTP CODE: 400
[2026-02-09 12:19:46] RAW RESPONSE: {"ok":false,"error_code":400,"description":"Bad Request: bad webhook: An HTTPS URL must be provided for webhook"}
[2026-02-09 12:19:46] CURL ERROR: none
[2026-02-09 12:19:46] API ERROR: Bad Request: bad webhook: An HTTPS URL must be provided for webhook
==========
[2026-02-09 12:19:46] ========== REQUEST ==========
[2026-02-09 12:19:46] METHOD: getWebhookInfo
[2026-02-09 12:19:46] URL: https://api.telegram.org/bot8415659161:AAFhCHpE_74h5bHbmk4ERUgrT2JtP-RQHXA/getWebhookInfo
[2026-02-09 12:19:46] PARAMS: []
[2026-02-09 12:19:46] Making curl request...
[2026-02-09 12:19:46] HTTP CODE: 200
[2026-02-09 12:19:46] RAW RESPONSE: {"ok":true,"result":{"url":"","has_custom_certificate":false,"pending_update_count":0}}
[2026-02-09 12:19:46] CURL ERROR: none
[2026-02-09 12:19:47] SUCCESS: getWebhookInfo completed
==========
[2026-02-09 12:26:01] ========== REQUEST ==========
[2026-02-09 12:26:01] METHOD: setWebhook
[2026-02-09 12:26:01] URL: https://api.telegram.org/bot8415659161:AAFhCHpE_74h5bHbmk4ERUgrT2JtP-RQHXA/setWebhook
[2026-02-09 12:26:01] PARAMS: {"url":"https:\/\/harmonistic-imaginary-luanne.ngrok-free.dev\/api\/telegram\/webhook\/1"}
[2026-02-09 12:26:01] Making curl request...
[2026-02-09 12:26:02] HTTP CODE: 200
[2026-02-09 12:26:02] RAW RESPONSE: {"ok":true,"result":true,"description":"Webhook was set"}
[2026-02-09 12:26:02] CURL ERROR: none
[2026-02-09 12:26:02] SUCCESS: setWebhook completed
==========
[2026-02-09 12:26:02] ========== REQUEST ==========
[2026-02-09 12:26:02] METHOD: getWebhookInfo
[2026-02-09 12:26:02] URL: https://api.telegram.org/bot8415659161:AAFhCHpE_74h5bHbmk4ERUgrT2JtP-RQHXA/getWebhookInfo
[2026-02-09 12:26:02] PARAMS: []
[2026-02-09 12:26:02] Making curl request...
[2026-02-09 12:26:02] ========== REQUEST ==========
[2026-02-09 12:26:02] METHOD: sendMessage
[2026-02-09 12:26:02] URL: https://api.telegram.org/bot8415659161:AAFhCHpE_74h5bHbmk4ERUgrT2JtP-RQHXA/sendMessage
[2026-02-09 12:26:02] PARAMS: {"chat_id":768732984,"text":"welcome\n\n\u178a\u17be\u1798\u17d2\u1794\u17b8\u1785\u17b6\u1794\u17cb\u1795\u17d2\u178f\u17be\u1798 \u1781\u17d2\u1789\u17bb\u17c6\u178f\u17d2\u179a\u17bc\u179c\u1780\u17b6\u179a\u178f\u1797\u17d2\u1787\u17b6\u1794\u17cb\u17a2\u17b6\u179f\u17d0\u1799\u178a\u17d2\u178b\u17b6\u1793\u17a2\u17ca\u17b8\u1798\u17c2\u179b\u179a\u1794\u179f\u17cb\u17a2\u17d2\u1793\u1780\u17d4\n\u1794\u17d2\u179a\u17be \/link \u178a\u17be\u1798\u17d2\u1794\u17b8\u1797\u17d2\u1787\u17b6\u1794\u17cb\u1782\u178e\u1793\u17b8\u1782\u17b6\u17c6\u1791\u17d2\u1797\u17b6\u1796\u179a\u1794\u179f\u17cb\u17a2\u17d2\u1793\u1780\u17d4","parse_mode":"HTML"}
[2026-02-09 12:26:02] Making curl request...
[2026-02-09 12:26:02] HTTP CODE: 200
[2026-02-09 12:26:02] RAW RESPONSE: {"ok":true,"result":{"url":"https://harmonistic-imaginary-luanne.ngrok-free.dev/api/telegram/webhook/1","has_custom_certificate":false,"pending_update_count":1,"max_connections":40,"ip_address":"3.124.142.205"}}
[2026-02-09 12:26:02] CURL ERROR: none
[2026-02-09 12:26:02] SUCCESS: getWebhookInfo completed
==========
[2026-02-09 12:26:03] HTTP CODE: 200
[2026-02-09 12:26:03] RAW RESPONSE: {"ok":true,"result":{"message_id":4,"from":{"id":8415659161,"is_bot":true,"first_name":"ML Ticket","username":"ml_ticket_bot"},"chat":{"id":768732984,"first_name":"Hay Kongmeng -","last_name":"\u17a0\u17c3 \u1782\u1784\u17cb\u1798\u17c9\u17c1\u1784","username":"KongMeng_Hay","type":"private"},"date":1770639963,"text":"welcome\n\n\u178a\u17be\u1798\u17d2\u1794\u17b8\u1785\u17b6\u1794\u17cb\u1795\u17d2\u178f\u17be\u1798 \u1781\u17d2\u1789\u17bb\u17c6\u178f\u17d2\u179a\u17bc\u179c\u1780\u17b6\u179a
[2026-02-09 12:26:03] CURL ERROR: none
[2026-02-09 12:26:03] SUCCESS: sendMessage completed
==========
[2026-02-09 12:26:13] ========== REQUEST ==========
[2026-02-09 12:26:13] METHOD: sendMessage
[2026-02-09 12:26:13] URL: https://api.telegram.org/bot8415659161:AAFhCHpE_74h5bHbmk4ERUgrT2JtP-RQHXA/sendMessage
[2026-02-09 12:26:13] PARAMS: {"chat_id":768732984,"text":"\u179f\u17bc\u1798\u1794\u1789\u17d2\u1785\u17bc\u179b\u17a2\u17b6\u179f\u17d0\u1799\u178a\u17d2\u178b\u17b6\u1793\u17a2\u17ca\u17b8\u1798\u17c2\u179b\u179a\u1794\u179f\u17cb\u17a2\u17d2\u1793\u1780\u178a\u17be\u1798\u17d2\u1794\u17b8\u1797\u17d2\u1787\u17b6\u1794\u17cb\u1782\u178e\u1793\u17b8\u179a\u1794\u179f\u17cb\u17a2\u17d2\u1793\u1780:","parse_mode":"HTML"}
[2026-02-09 12:26:13] Making curl request...
[2026-02-09 12:26:14] HTTP CODE: 200
[2026-02-09 12:26:14] RAW RESPONSE: {"ok":true,"result":{"message_id":6,"from":{"id":8415659161,"is_bot":true,"first_name":"ML Ticket","username":"ml_ticket_bot"},"chat":{"id":768732984,"first_name":"Hay Kongmeng -","last_name":"\u17a0\u17c3 \u1782\u1784\u17cb\u1798\u17c9\u17c1\u1784","username":"KongMeng_Hay","type":"private"},"date":1770639973,"text":"\u179f\u17bc\u1798\u1794\u1789\u17d2\u1785\u17bc\u179b\u17a2\u17b6\u179f\u17d0\u1799\u178a\u17d2\u178b\u17b6\u1793\u17a2\u17ca\u17b8\u1798\u17c2\u179b\u179a\u1794\u179f\u17cb\u17a2
[2026-02-09 12:26:14] CURL ERROR: none
[2026-02-09 12:26:14] SUCCESS: sendMessage completed
==========
[2026-02-09 12:26:20] ========== REQUEST ==========
[2026-02-09 12:26:20] METHOD: sendMessage
[2026-02-09 12:26:20] URL: https://api.telegram.org/bot8415659161:AAFhCHpE_74h5bHbmk4ERUgrT2JtP-RQHXA/sendMessage
[2026-02-09 12:26:20] PARAMS: {"chat_id":768732984,"text":"\u1782\u178e\u1793\u17b8\u179a\u1794\u179f\u17cb\u17a2\u17d2\u1793\u1780\u1794\u17b6\u1793\u178f\u1797\u17d2\u1787\u17b6\u1794\u17cb\u178a\u17c4\u1799\u1787\u17c4\u1782\u1787\u17d0\u1799!\n\n\u17a2\u17d2\u1793\u1780\u1780\u17cf\u17a2\u17b6\u1785:\n- \u1794\u1784\u17d2\u1780\u17be\u178f\u179f\u17c6\u178e\u17be\u179f\u17bb\u17c6\u1787\u17c6\u1793\u17bd\u1799\u178a\u17c4\u1799 \/newticket\n- \u1798\u17be\u179b\u179f\u17c6\u178e\u17be\u179f\u17bb\u17c6\u1787\u17c6\u1793\u17bd\u1799\u179a\u1794\u179f\u17cb\u17a2\u17d2\u1793\u1780 \/mytickets\n- \u1791\u1791\u17bd\u179b\u1794\u17b6\u1793\u1780\u17b6\u179a\u1787\u17bc\u1793\u178a\u17c6\u178e\u17b9\u1784\u17a2\u17c6\u1796\u17b8\u179f\u17c6\u178e\u17be\u179f\u17bb\u17c6\u1787\u17c6\u1793\u17bd\u1799\u179a\u1794\u179f\u17cb\u17a2\u17d2\u1793\u1780","parse_mode":"HTML"}
[2026-02-09 12:26:20] Making curl request...
[2026-02-09 12:26:21] HTTP CODE: 200
[2026-02-09 12:26:21] RAW RESPONSE: {"ok":true,"result":{"message_id":8,"from":{"id":8415659161,"is_bot":true,"first_name":"ML Ticket","username":"ml_ticket_bot"},"chat":{"id":768732984,"first_name":"Hay Kongmeng -","last_name":"\u17a0\u17c3 \u1782\u1784\u17cb\u1798\u17c9\u17c1\u1784","username":"KongMeng_Hay","type":"private"},"date":1770639980,"text":"\u1782\u178e\u1793\u17b8\u179a\u1794\u179f\u17cb\u17a2\u17d2\u1793\u1780\u1794\u17b6\u1793\u178f\u1797\u17d2\u1787\u17b6\u1794\u17cb\u178a\u17c4\u1799\u1787\u17c4\u1782\u1787\u17d0
[2026-02-09 12:26:21] CURL ERROR: none
[2026-02-09 12:26:21] SUCCESS: sendMessage completed
==========
[2026-02-09 12:26:25] ========== REQUEST ==========
[2026-02-09 12:26:25] METHOD: sendMessage
[2026-02-09 12:26:25] URL: https://api.telegram.org/bot8415659161:AAFhCHpE_74h5bHbmk4ERUgrT2JtP-RQHXA/sendMessage
[2026-02-09 12:26:25] PARAMS: {"chat_id":768732984,"text":"welcome\n\n\u179f\u17bc\u1798\u179f\u17d2\u179c\u17b6\u1782\u1798\u1793\u17cd, <b>Hay Kongmeng - \u17a0\u17c3 \u1782\u1784\u17cb\u1798\u17c9\u17c1\u1784<\/b>! \u1782\u178e\u1793\u17b8\u179a\u1794\u179f\u17cb\u17a2\u17d2\u1793\u1780\u1794\u17b6\u1793\u178f\u1797\u17d2\u1787\u17b6\u1794\u17cb\u179a\u17bd\u1785\u17a0\u17be\u1799\u17d4\n\n\u1785\u17bb\u1785\u1794\u17ca\u17bc\u178f\u17bb\u1784\u1781\u17b6\u1784\u1780\u17d2\u179a\u17c4\u1798 \u178a\u17be\u1798\u17d2\u1794\u17b8\u1794\u17be\u1780\u1780\u1798\u17d2\u1798\u179c\u17b7\u1792\u17b8 \u17ac\u1794\u17d2\u179a\u17be \/help \u178a\u17be\u1798\u17d2\u1794\u17b8\u1798\u17be\u179b\u1796\u17b6\u1780\u17d2\u1799\u1794\u1789\u17d2\u1787\u17b6\u17d4","parse_mode":"HTML","reply_markup":"{\"inline_keyboard\":[[{\"text\":\"\\ud83d\\ude80 \\u1794\\u17be\\u1780\\u1780\\u1798\\u17d2\\u1798\\u179c\\u17b7\\u1792\\u17b8\",\"web_app\":{\"url\":\"https:\\\/\\\/ticket.providawater.com\\\/telegram-app.html\"}}]]}"}
[2026-02-09 12:26:25] Making curl request...
[2026-02-09 12:26:26] HTTP CODE: 200
[2026-02-09 12:26:26] RAW RESPONSE: {"ok":true,"result":{"message_id":10,"from":{"id":8415659161,"is_bot":true,"first_name":"ML Ticket","username":"ml_ticket_bot"},"chat":{"id":768732984,"first_name":"Hay Kongmeng -","last_name":"\u17a0\u17c3 \u1782\u1784\u17cb\u1798\u17c9\u17c1\u1784","username":"KongMeng_Hay","type":"private"},"date":1770639986,"text":"welcome\n\n\u179f\u17bc\u1798\u179f\u17d2\u179c\u17b6\u1782\u1798\u1793\u17cd, Hay Kongmeng - \u17a0\u17c3 \u1782\u1784\u17cb\u1798\u17c9\u17c1\u1784! \u1782\u178e\u1793\u17b8\u17
[2026-02-09 12:26:26] CURL ERROR: none
[2026-02-09 12:26:26] SUCCESS: sendMessage completed
==========
[2026-02-09 12:26:55] ========== REQUEST ==========
[2026-02-09 12:26:55] METHOD: sendMessage
[2026-02-09 12:26:55] URL: https://api.telegram.org/bot8415659161:AAFhCHpE_74h5bHbmk4ERUgrT2JtP-RQHXA/sendMessage
[2026-02-09 12:26:55] PARAMS: {"chat_id":768732984,"text":"\u1785\u17bc\u179b\u1780\u17d2\u1793\u17bb\u1784\u1780\u17b6\u179a\u1794\u1784\u17d2\u1780\u17be\u178f\u179f\u17c6\u178e\u17be\u179f\u17bb\u17c6\u1787\u17c6\u1793\u17bd\u1799\u1790\u17d2\u1798\u17b8\u17d4\n\n<b>\u1787\u17c6\u17a0\u17b6\u1793 1\/2:<\/b> \u178f\u17be\u1794\u17d2\u179a\u1792\u17b6\u1793\u1794\u1791\u1793\u17c3\u1794\u1789\u17d2\u17a0\u17b6\u179a\u1794\u179f\u17cb\u17a2\u17d2\u1793\u1780\u1782\u17ba\u1787\u17b6\u17a2\u17d2\u179c\u17b8?","parse_mode":"HTML"}
[2026-02-09 12:26:55] Making curl request...
[2026-02-09 12:26:56] HTTP CODE: 200
[2026-02-09 12:26:56] RAW RESPONSE: {"ok":true,"result":{"message_id":12,"from":{"id":8415659161,"is_bot":true,"first_name":"ML Ticket","username":"ml_ticket_bot"},"chat":{"id":768732984,"first_name":"Hay Kongmeng -","last_name":"\u17a0\u17c3 \u1782\u1784\u17cb\u1798\u17c9\u17c1\u1784","username":"KongMeng_Hay","type":"private"},"date":1770640015,"text":"\u1785\u17bc\u179b\u1780\u17d2\u1793\u17bb\u1784\u1780\u17b6\u179a\u1794\u1784\u17d2\u1780\u17be\u178f\u179f\u17c6\u178e\u17be\u179f\u17bb\u17c6\u1787\u17c6\u1793\u17bd\u1799\u179
[2026-02-09 12:26:56] CURL ERROR: none
[2026-02-09 12:26:56] SUCCESS: sendMessage completed
==========
[2026-02-09 12:27:01] ========== REQUEST ==========
[2026-02-09 12:27:01] METHOD: sendMessage
[2026-02-09 12:27:01] URL: https://api.telegram.org/bot8415659161:AAFhCHpE_74h5bHbmk4ERUgrT2JtP-RQHXA/sendMessage
[2026-02-09 12:27:01] PARAMS: {"chat_id":768732984,"text":"welcome\n\n\u179f\u17bc\u1798\u179f\u17d2\u179c\u17b6\u1782\u1798\u1793\u17cd, <b>Hay Kongmeng - \u17a0\u17c3 \u1782\u1784\u17cb\u1798\u17c9\u17c1\u1784<\/b>! \u1782\u178e\u1793\u17b8\u179a\u1794\u179f\u17cb\u17a2\u17d2\u1793\u1780\u1794\u17b6\u1793\u178f\u1797\u17d2\u1787\u17b6\u1794\u17cb\u179a\u17bd\u1785\u17a0\u17be\u1799\u17d4\n\n\u1785\u17bb\u1785\u1794\u17ca\u17bc\u178f\u17bb\u1784\u1781\u17b6\u1784\u1780\u17d2\u179a\u17c4\u1798 \u178a\u17be\u1798\u17d2\u1794\u17b8\u1794\u17be\u1780\u1780\u1798\u17d2\u1798\u179c\u17b7\u1792\u17b8 \u17ac\u1794\u17d2\u179a\u17be \/help \u178a\u17be\u1798\u17d2\u1794\u17b8\u1798\u17be\u179b\u1796\u17b6\u1780\u17d2\u1799\u1794\u1789\u17d2\u1787\u17b6\u17d4","parse_mode":"HTML","reply_markup":"{\"inline_keyboard\":[[{\"text\":\"\\ud83d\\ude80 \\u1794\\u17be\\u1780\\u1780\\u1798\\u17d2\\u1798\\u179c\\u17b7\\u1792\\u17b8\",\"web_app\":{\"url\":\"https:\\\/\\\/ticket.providawater.com\\\/telegram-app.html\"}}]]}"}
[2026-02-09 12:27:01] Making curl request...
[2026-02-09 12:27:02] HTTP CODE: 200
[2026-02-09 12:27:02] RAW RESPONSE: {"ok":true,"result":{"message_id":14,"from":{"id":8415659161,"is_bot":true,"first_name":"ML Ticket","username":"ml_ticket_bot"},"chat":{"id":768732984,"first_name":"Hay Kongmeng -","last_name":"\u17a0\u17c3 \u1782\u1784\u17cb\u1798\u17c9\u17c1\u1784","username":"KongMeng_Hay","type":"private"},"date":1770640022,"text":"welcome\n\n\u179f\u17bc\u1798\u179f\u17d2\u179c\u17b6\u1782\u1798\u1793\u17cd, Hay Kongmeng - \u17a0\u17c3 \u1782\u1784\u17cb\u1798\u17c9\u17c1\u1784! \u1782\u178e\u1793\u17b8\u17
[2026-02-09 12:27:02] CURL ERROR: none
[2026-02-09 12:27:02] SUCCESS: sendMessage completed
==========
[2026-02-09 12:27:43] ========== REQUEST ==========
[2026-02-09 12:27:43] METHOD: sendMessage
[2026-02-09 12:27:43] URL: https://api.telegram.org/bot8415659161:AAFhCHpE_74h5bHbmk4ERUgrT2JtP-RQHXA/sendMessage
[2026-02-09 12:27:43] PARAMS: {"chat_id":768732984,"text":"\u1785\u17bc\u179b\u1780\u17d2\u1793\u17bb\u1784\u1780\u17b6\u179a\u1794\u1784\u17d2\u1780\u17be\u178f\u179f\u17c6\u178e\u17be\u179f\u17bb\u17c6\u1787\u17c6\u1793\u17bd\u1799\u1790\u17d2\u1798\u17b8\u17d4\n\n<b>\u1787\u17c6\u17a0\u17b6\u1793 1\/2:<\/b> \u178f\u17be\u1794\u17d2\u179a\u1792\u17b6\u1793\u1794\u1791\u1793\u17c3\u1794\u1789\u17d2\u17a0\u17b6\u179a\u1794\u179f\u17cb\u17a2\u17d2\u1793\u1780\u1782\u17ba\u1787\u17b6\u17a2\u17d2\u179c\u17b8?","parse_mode":"HTML"}
[2026-02-09 12:27:43] Making curl request...
[2026-02-09 12:27:44] HTTP CODE: 200
[2026-02-09 12:27:44] RAW RESPONSE: {"ok":true,"result":{"message_id":16,"from":{"id":8415659161,"is_bot":true,"first_name":"ML Ticket","username":"ml_ticket_bot"},"chat":{"id":768732984,"first_name":"Hay Kongmeng -","last_name":"\u17a0\u17c3 \u1782\u1784\u17cb\u1798\u17c9\u17c1\u1784","username":"KongMeng_Hay","type":"private"},"date":1770640063,"text":"\u1785\u17bc\u179b\u1780\u17d2\u1793\u17bb\u1784\u1780\u17b6\u179a\u1794\u1784\u17d2\u1780\u17be\u178f\u179f\u17c6\u178e\u17be\u179f\u17bb\u17c6\u1787\u17c6\u1793\u17bd\u1799\u179
[2026-02-09 12:27:44] CURL ERROR: none
[2026-02-09 12:27:44] SUCCESS: sendMessage completed
==========
[2026-02-09 12:27:48] ========== REQUEST ==========
[2026-02-09 12:27:48] METHOD: sendMessage
[2026-02-09 12:27:48] URL: https://api.telegram.org/bot8415659161:AAFhCHpE_74h5bHbmk4ERUgrT2JtP-RQHXA/sendMessage
[2026-02-09 12:27:48] PARAMS: {"chat_id":768732984,"text":"<b>\u1787\u17c6\u17a0\u17b6\u1793 2\/2:<\/b> \u179f\u17bc\u1798\u1796\u17b7\u1796\u178e\u17cc\u1793\u17b6\u179b\u1798\u17d2\u17a2\u17b7\u178f\u17a2\u17c6\u1796\u17b8\u1794\u1789\u17d2\u17a0\u17b6\u179a\u1794\u179f\u17cb\u17a2\u17d2\u1793\u1780:","parse_mode":"HTML"}
[2026-02-09 12:27:48] Making curl request...
[2026-02-09 12:27:50] HTTP CODE: 200
[2026-02-09 12:27:50] RAW RESPONSE: {"ok":true,"result":{"message_id":18,"from":{"id":8415659161,"is_bot":true,"first_name":"ML Ticket","username":"ml_ticket_bot"},"chat":{"id":768732984,"first_name":"Hay Kongmeng -","last_name":"\u17a0\u17c3 \u1782\u1784\u17cb\u1798\u17c9\u17c1\u1784","username":"KongMeng_Hay","type":"private"},"date":1770640069,"text":"\u1787\u17c6\u17a0\u17b6\u1793 2/2: \u179f\u17bc\u1798\u1796\u17b7\u1796\u178e\u17cc\u1793\u17b6\u179b\u1798\u17d2\u17a2\u17b7\u178f\u17a2\u17c6\u1796\u17b8\u1794\u1789\u17d2\u17a
[2026-02-09 12:27:50] CURL ERROR: none
[2026-02-09 12:27:50] SUCCESS: sendMessage completed
==========
[2026-02-09 12:27:52] ========== REQUEST ==========
[2026-02-09 12:27:52] METHOD: sendMessage
[2026-02-09 12:27:52] URL: https://api.telegram.org/bot8415659161:AAFhCHpE_74h5bHbmk4ERUgrT2JtP-RQHXA/sendMessage
[2026-02-09 12:27:52] PARAMS: {"chat_id":768732984,"text":"\u179f\u17c6\u178e\u17be\u179f\u17bb\u17c6\u1787\u17c6\u1793\u17bd\u1799\u179a\u1794\u179f\u17cb\u17a2\u17d2\u1793\u1780\u1794\u17b6\u1793\u1794\u1784\u17d2\u1780\u17be\u178f!\n\n<b>\u179b\u17c1\u1781\u179f\u17c6\u178e\u17be\u179f\u17bb\u17c6\u1787\u17c6\u1793\u17bd\u1799:<\/b> TKT-000004\n<b>\u1794\u17d2\u179a\u1792\u17b6\u1793\u1794\u1791:<\/b> sage 300 black screen\n\n\u1799\u17be\u1784\u1793\u17b9\u1784\u1787\u17bc\u1793\u178a\u17c6\u178e\u17b9\u1784\u17b1\u17d2\u1799\u17a2\u17d2\u1793\u1780\u1793\u17c5\u1796\u17c1\u179b\u178a\u17c2\u179b\u1798\u17b6\u1793\u1780\u17b6\u179a\u1786\u17d2\u179b\u17be\u1799\u178f\u1794\u17d4","parse_mode":"HTML"}
[2026-02-09 12:27:52] Making curl request...
[2026-02-09 12:27:54] HTTP CODE: 200
[2026-02-09 12:27:54] RAW RESPONSE: {"ok":true,"result":{"message_id":20,"from":{"id":8415659161,"is_bot":true,"first_name":"ML Ticket","username":"ml_ticket_bot"},"chat":{"id":768732984,"first_name":"Hay Kongmeng -","last_name":"\u17a0\u17c3 \u1782\u1784\u17cb\u1798\u17c9\u17c1\u1784","username":"KongMeng_Hay","type":"private"},"date":1770640074,"text":"\u179f\u17c6\u178e\u17be\u179f\u17bb\u17c6\u1787\u17c6\u1793\u17bd\u1799\u179a\u1794\u179f\u17cb\u17a2\u17d2\u1793\u1780\u1794\u17b6\u1793\u1794\u1784\u17d2\u1780\u17be\u178f!\n\n
[2026-02-09 12:27:54] CURL ERROR: none
[2026-02-09 12:27:54] SUCCESS: sendMessage completed
==========
[2026-02-09 12:28:30] ========== REQUEST ==========
[2026-02-09 12:28:30] METHOD: sendMessage
[2026-02-09 12:28:30] URL: https://api.telegram.org/bot8415659161:AAFhCHpE_74h5bHbmk4ERUgrT2JtP-RQHXA/sendMessage
[2026-02-09 12:28:30] PARAMS: {"chat_id":768732984,"text":"\u1781\u17d2\u1789\u17bb\u17c6\u1798\u17b7\u1793\u1799\u179b\u17cb\u178a\u17c2\u179b\u1793\u17c4\u17c7\u1791\u17c1\u17d4 \u1794\u17d2\u179a\u17be \/help \u178a\u17be\u1798\u17d2\u1794\u17b8\u1798\u17be\u179b\u1796\u17b6\u1780\u17d2\u1799\u1794\u1789\u17d2\u1787\u17b6\u178a\u17c2\u179b\u1798\u17b6\u1793\u17d4","parse_mode":"HTML"}
[2026-02-09 12:28:30] Making curl request...
[2026-02-09 12:28:31] HTTP CODE: 200
[2026-02-09 12:28:31] RAW RESPONSE: {"ok":true,"result":{"message_id":23,"from":{"id":8415659161,"is_bot":true,"first_name":"ML Ticket","username":"ml_ticket_bot"},"chat":{"id":768732984,"first_name":"Hay Kongmeng -","last_name":"\u17a0\u17c3 \u1782\u1784\u17cb\u1798\u17c9\u17c1\u1784","username":"KongMeng_Hay","type":"private"},"date":1770640111,"text":"\u1781\u17d2\u1789\u17bb\u17c6\u1798\u17b7\u1793\u1799\u179b\u17cb\u178a\u17c2\u179b\u1793\u17c4\u17c7\u1791\u17c1\u17d4 \u1794\u17d2\u179a\u17be /help \u178a\u17be\u1798\u17d2\u1
[2026-02-09 12:28:31] CURL ERROR: none
[2026-02-09 12:28:31] SUCCESS: sendMessage completed
==========
[2026-02-09 12:28:34] ========== REQUEST ==========
[2026-02-09 12:28:34] METHOD: sendMessage
[2026-02-09 12:28:34] URL: https://api.telegram.org/bot8415659161:AAFhCHpE_74h5bHbmk4ERUgrT2JtP-RQHXA/sendMessage
[2026-02-09 12:28:34] PARAMS: {"chat_id":768732984,"text":"<b>Your Tickets<\/b>\n\n#TKT-000004 - Open\nsage 300 black screen\n\n","parse_mode":"HTML","reply_markup":"{\"inline_keyboard\":[[{\"text\":\"#TKT-000004 - Open\",\"callback_data\":\"view_ticket:4\"}]]}"}
[2026-02-09 12:28:34] Making curl request...
[2026-02-09 12:28:35] HTTP CODE: 200
[2026-02-09 12:28:35] RAW RESPONSE: {"ok":true,"result":{"message_id":25,"from":{"id":8415659161,"is_bot":true,"first_name":"ML Ticket","username":"ml_ticket_bot"},"chat":{"id":768732984,"first_name":"Hay Kongmeng -","last_name":"\u17a0\u17c3 \u1782\u1784\u17cb\u1798\u17c9\u17c1\u1784","username":"KongMeng_Hay","type":"private"},"date":1770640114,"text":"Your Tickets\n\n#TKT-000004 - Open\nsage 300 black screen","entities":[{"offset":0,"length":12,"type":"bold"},{"offset":14,"length":4,"type":"hashtag"}],"reply_markup":{"inline_ke
[2026-02-09 12:28:35] CURL ERROR: none
[2026-02-09 12:28:35] SUCCESS: sendMessage completed
==========
[2026-02-09 12:28:37] ========== REQUEST ==========
[2026-02-09 12:28:37] METHOD: answerCallbackQuery
[2026-02-09 12:28:37] URL: https://api.telegram.org/bot8415659161:AAFhCHpE_74h5bHbmk4ERUgrT2JtP-RQHXA/answerCallbackQuery
[2026-02-09 12:28:37] PARAMS: {"callback_query_id":"3301683025769509672","text":"","show_alert":false}
[2026-02-09 12:28:37] Making curl request...
[2026-02-09 12:28:38] HTTP CODE: 200
[2026-02-09 12:28:38] RAW RESPONSE: {"ok":true,"result":true}
[2026-02-09 12:28:38] CURL ERROR: none
[2026-02-09 12:28:38] SUCCESS: answerCallbackQuery completed
==========
[2026-02-09 12:28:38] ========== REQUEST ==========
[2026-02-09 12:28:38] METHOD: sendMessage
[2026-02-09 12:28:38] URL: https://api.telegram.org/bot8415659161:AAFhCHpE_74h5bHbmk4ERUgrT2JtP-RQHXA/sendMessage
[2026-02-09 12:28:38] PARAMS: {"chat_id":768732984,"text":"<b>Ticket #TKT-000004<\/b>\n\n<b>Subject:<\/b> sage 300 black screen\n<b>Status:<\/b> Open\n<b>Priority:<\/b> Medium\n<b>Created:<\/b> Feb 9, 2026 12:27 PM\n\n<b>Description:<\/b>\nsage 300 black screen\n\n<b>Latest Reply (Support):<\/b>\nsage 300 black screen","parse_mode":"HTML","reply_markup":"{\"inline_keyboard\":[[{\"text\":\"Reply\",\"callback_data\":\"reply_ticket:4\"}]]}"}
[2026-02-09 12:28:38] Making curl request...
[2026-02-09 12:28:39] HTTP CODE: 200
[2026-02-09 12:28:39] RAW RESPONSE: {"ok":true,"result":{"message_id":26,"from":{"id":8415659161,"is_bot":true,"first_name":"ML Ticket","username":"ml_ticket_bot"},"chat":{"id":768732984,"first_name":"Hay Kongmeng -","last_name":"\u17a0\u17c3 \u1782\u1784\u17cb\u1798\u17c9\u17c1\u1784","username":"KongMeng_Hay","type":"private"},"date":1770640118,"text":"Ticket #TKT-000004\n\nSubject: sage 300 black screen\nStatus: Open\nPriority: Medium\nCreated: Feb 9, 2026 12:27 PM\n\nDescription:\nsage 300 black screen\n\nLatest Reply (Support
[2026-02-09 12:28:39] CURL ERROR: none
[2026-02-09 12:28:39] SUCCESS: sendMessage completed
==========
[2026-02-09 12:28:42] ========== REQUEST ==========
[2026-02-09 12:28:42] METHOD: answerCallbackQuery
[2026-02-09 12:28:42] URL: https://api.telegram.org/bot8415659161:AAFhCHpE_74h5bHbmk4ERUgrT2JtP-RQHXA/answerCallbackQuery
[2026-02-09 12:28:42] PARAMS: {"callback_query_id":"3301683025971072727","text":"","show_alert":false}
[2026-02-09 12:28:42] Making curl request...
[2026-02-09 12:28:43] HTTP CODE: 200
[2026-02-09 12:28:43] RAW RESPONSE: {"ok":true,"result":true}
[2026-02-09 12:28:43] CURL ERROR: none
[2026-02-09 12:28:43] SUCCESS: answerCallbackQuery completed
==========
[2026-02-09 12:28:43] ========== REQUEST ==========
[2026-02-09 12:28:43] METHOD: sendMessage
[2026-02-09 12:28:43] URL: https://api.telegram.org/bot8415659161:AAFhCHpE_74h5bHbmk4ERUgrT2JtP-RQHXA/sendMessage
[2026-02-09 12:28:43] PARAMS: {"chat_id":768732984,"text":"\u179f\u17bc\u1798\u179f\u179a\u179f\u17c1\u179a\u1780\u17b6\u179a\u1786\u17d2\u179b\u17be\u1799\u178f\u1794\u179a\u1794\u179f\u17cb\u17a2\u17d2\u1793\u1780:","parse_mode":"HTML"}
[2026-02-09 12:28:43] Making curl request...
[2026-02-09 12:28:44] HTTP CODE: 200
[2026-02-09 12:28:44] RAW RESPONSE: {"ok":true,"result":{"message_id":27,"from":{"id":8415659161,"is_bot":true,"first_name":"ML Ticket","username":"ml_ticket_bot"},"chat":{"id":768732984,"first_name":"Hay Kongmeng -","last_name":"\u17a0\u17c3 \u1782\u1784\u17cb\u1798\u17c9\u17c1\u1784","username":"KongMeng_Hay","type":"private"},"date":1770640123,"text":"\u179f\u17bc\u1798\u179f\u179a\u179f\u17c1\u179a\u1780\u17b6\u179a\u1786\u17d2\u179b\u17be\u1799\u178f\u1794\u179a\u1794\u179f\u17cb\u17a2\u17d2\u1793\u1780:"}}
[2026-02-09 12:28:44] CURL ERROR: none
[2026-02-09 12:28:44] SUCCESS: sendMessage completed
==========
[2026-02-09 12:28:48] ========== REQUEST ==========
[2026-02-09 12:28:48] METHOD: sendMessage
[2026-02-09 12:28:48] URL: https://api.telegram.org/bot8415659161:AAFhCHpE_74h5bHbmk4ERUgrT2JtP-RQHXA/sendMessage
[2026-02-09 12:28:48] PARAMS: {"chat_id":768732984,"text":"\u1780\u17b6\u179a\u1786\u17d2\u179b\u17be\u1799\u178f\u1794\u179a\u1794\u179f\u17cb\u17a2\u17d2\u1793\u1780\u1794\u17b6\u1793\u178a\u17c6\u17a1\u17be\u1784\u179a\u17c0\u1784\u179a\u17b6\u179b\u17cb\u179f\u17c6\u178e\u17be\u179f\u17bb\u17c6\u1787\u17c6\u1793\u17bd\u1799 #TKT-000004\u17d4\n\n\u1799\u17be\u1784\u1793\u17b9\u1784\u1787\u17bc\u1793\u178a\u17c6\u178e\u17b9\u1784\u17b1\u17d2\u1799\u17a2\u17d2\u1793\u1780\u1793\u17c5\u1796\u17c1\u179b\u178a\u17c2\u179b\u1798\u17b6\u1793\u1780\u17b6\u179a\u1786\u17d2\u179b\u17be\u1799\u178f\u1794\u17d4","parse_mode":"HTML"}
[2026-02-09 12:28:48] Making curl request...
[2026-02-09 12:28:49] HTTP CODE: 200
[2026-02-09 12:28:49] RAW RESPONSE: {"ok":true,"result":{"message_id":29,"from":{"id":8415659161,"is_bot":true,"first_name":"ML Ticket","username":"ml_ticket_bot"},"chat":{"id":768732984,"first_name":"Hay Kongmeng -","last_name":"\u17a0\u17c3 \u1782\u1784\u17cb\u1798\u17c9\u17c1\u1784","username":"KongMeng_Hay","type":"private"},"date":1770640128,"text":"\u1780\u17b6\u179a\u1786\u17d2\u179b\u17be\u1799\u178f\u1794\u179a\u1794\u179f\u17cb\u17a2\u17d2\u1793\u1780\u1794\u17b6\u1793\u178a\u17c6\u17a1\u17be\u1784\u179a\u17c0\u1784\u179
[2026-02-09 12:28:49] CURL ERROR: none
[2026-02-09 12:28:49] SUCCESS: sendMessage completed
==========
[2026-02-09 12:33:59] ========== REQUEST ==========
[2026-02-09 12:33:59] METHOD: answerCallbackQuery
[2026-02-09 12:33:59] URL: https://api.telegram.org/bot8415659161:AAFhCHpE_74h5bHbmk4ERUgrT2JtP-RQHXA/answerCallbackQuery
[2026-02-09 12:33:59] PARAMS: {"callback_query_id":"3301683028257299876","text":"","show_alert":false}
[2026-02-09 12:33:59] Making curl request...
[2026-02-09 12:34:00] HTTP CODE: 200
[2026-02-09 12:34:00] RAW RESPONSE: {"ok":true,"result":true}
[2026-02-09 12:34:00] CURL ERROR: none
[2026-02-09 12:34:00] SUCCESS: answerCallbackQuery completed
==========
[2026-02-09 12:34:00] ========== REQUEST ==========
[2026-02-09 12:34:00] METHOD: sendMessage
[2026-02-09 12:34:00] URL: https://api.telegram.org/bot8415659161:AAFhCHpE_74h5bHbmk4ERUgrT2JtP-RQHXA/sendMessage
[2026-02-09 12:34:00] PARAMS: {"chat_id":768732984,"text":"\u179f\u17bc\u1798\u179f\u179a\u179f\u17c1\u179a\u1780\u17b6\u179a\u1786\u17d2\u179b\u17be\u1799\u178f\u1794\u179a\u1794\u179f\u17cb\u17a2\u17d2\u1793\u1780:","parse_mode":"HTML"}
[2026-02-09 12:34:00] Making curl request...
[2026-02-09 12:34:01] HTTP CODE: 200
[2026-02-09 12:34:01] RAW RESPONSE: {"ok":true,"result":{"message_id":30,"from":{"id":8415659161,"is_bot":true,"first_name":"ML Ticket","username":"ml_ticket_bot"},"chat":{"id":768732984,"first_name":"Hay Kongmeng -","last_name":"\u17a0\u17c3 \u1782\u1784\u17cb\u1798\u17c9\u17c1\u1784","username":"KongMeng_Hay","type":"private"},"date":1770640441,"text":"\u179f\u17bc\u1798\u179f\u179a\u179f\u17c1\u179a\u1780\u17b6\u179a\u1786\u17d2\u179b\u17be\u1799\u178f\u1794\u179a\u1794\u179f\u17cb\u17a2\u17d2\u1793\u1780:"}}
[2026-02-09 12:34:01] CURL ERROR: none
[2026-02-09 12:34:01] SUCCESS: sendMessage completed
==========
[2026-02-09 12:34:05] ========== REQUEST ==========
[2026-02-09 12:34:05] METHOD: getFile
[2026-02-09 12:34:05] URL: https://api.telegram.org/bot8415659161:AAFhCHpE_74h5bHbmk4ERUgrT2JtP-RQHXA/getFile
[2026-02-09 12:34:05] PARAMS: {"file_id":"AwACAgUAAxkBAAMfaYnUO0jtkC2s46B1W3JZFuO_bf4AAmIfAAIOxVBU1xBgn9mDIwU6BA"}
[2026-02-09 12:34:05] Making curl request...
[2026-02-09 12:34:06] HTTP CODE: 200
[2026-02-09 12:34:06] RAW RESPONSE: {"ok":true,"result":{"file_id":"AwACAgUAAxkBAAMfaYnUO0jtkC2s46B1W3JZFuO_bf4AAmIfAAIOxVBU1xBgn9mDIwU6BA","file_unique_id":"AgADYh8AAg7FUFQ","file_size":2988,"file_path":"voice/file_0.oga"}}
[2026-02-09 12:34:06] CURL ERROR: none
[2026-02-09 12:34:06] SUCCESS: getFile completed
==========
[2026-02-09 12:34:07] ========== REQUEST ==========
[2026-02-09 12:34:07] METHOD: sendMessage
[2026-02-09 12:34:07] URL: https://api.telegram.org/bot8415659161:AAFhCHpE_74h5bHbmk4ERUgrT2JtP-RQHXA/sendMessage
[2026-02-09 12:34:07] PARAMS: {"chat_id":768732984,"text":"\u2705 File sent to ticket #TKT-000004 successfully!","parse_mode":"HTML"}
[2026-02-09 12:34:07] Making curl request...
[2026-02-09 12:34:08] HTTP CODE: 200
[2026-02-09 12:34:08] RAW RESPONSE: {"ok":true,"result":{"message_id":32,"from":{"id":8415659161,"is_bot":true,"first_name":"ML Ticket","username":"ml_ticket_bot"},"chat":{"id":768732984,"first_name":"Hay Kongmeng -","last_name":"\u17a0\u17c3 \u1782\u1784\u17cb\u1798\u17c9\u17c1\u1784","username":"KongMeng_Hay","type":"private"},"date":1770640448,"text":"\u2705 File sent to ticket #TKT-000004 successfully!","entities":[{"offset":22,"length":4,"type":"hashtag"}]}}
[2026-02-09 12:34:08] CURL ERROR: none
[2026-02-09 12:34:08] SUCCESS: sendMessage completed
==========
[2026-02-09 12:41:40] ========== REQUEST ==========
[2026-02-09 12:41:40] METHOD: sendMessage
[2026-02-09 12:41:40] URL: https://api.telegram.org/bot8415659161:AAFhCHpE_74h5bHbmk4ERUgrT2JtP-RQHXA/sendMessage
[2026-02-09 12:41:40] PARAMS: {"chat_id":768732984,"text":"welcome\n\n\u179f\u17bc\u1798\u179f\u17d2\u179c\u17b6\u1782\u1798\u1793\u17cd, <b>Hay Kongmeng - \u17a0\u17c3 \u1782\u1784\u17cb\u1798\u17c9\u17c1\u1784<\/b>! \u1782\u178e\u1793\u17b8\u179a\u1794\u179f\u17cb\u17a2\u17d2\u1793\u1780\u1794\u17b6\u1793\u178f\u1797\u17d2\u1787\u17b6\u1794\u17cb\u179a\u17bd\u1785\u17a0\u17be\u1799\u17d4\n\n\u1785\u17bb\u1785\u1794\u17ca\u17bc\u178f\u17bb\u1784\u1781\u17b6\u1784\u1780\u17d2\u179a\u17c4\u1798 \u178a\u17be\u1798\u17d2\u1794\u17b8\u1794\u17be\u1780\u1780\u1798\u17d2\u1798\u179c\u17b7\u1792\u17b8 \u17ac\u1794\u17d2\u179a\u17be \/help \u178a\u17be\u1798\u17d2\u1794\u17b8\u1798\u17be\u179b\u1796\u17b6\u1780\u17d2\u1799\u1794\u1789\u17d2\u1787\u17b6\u17d4","parse_mode":"HTML","reply_markup":"{\"inline_keyboard\":[[{\"text\":\"\\ud83d\\ude80 \\u1794\\u17be\\u1780\\u1780\\u1798\\u17d2\\u1798\\u179c\\u17b7\\u1792\\u17b8\",\"web_app\":{\"url\":\"https:\\\/\\\/ticket.providawater.com\\\/telegram-app.html\"}}]]}"}
[2026-02-09 12:41:40] Making curl request...
[2026-02-09 12:41:41] HTTP CODE: 200
[2026-02-09 12:41:41] RAW RESPONSE: {"ok":true,"result":{"message_id":34,"from":{"id":8415659161,"is_bot":true,"first_name":"ML Ticket","username":"ml_ticket_bot"},"chat":{"id":768732984,"first_name":"Hay Kongmeng -","last_name":"\u17a0\u17c3 \u1782\u1784\u17cb\u1798\u17c9\u17c1\u1784","username":"KongMeng_Hay","type":"private"},"date":1770640900,"text":"welcome\n\n\u179f\u17bc\u1798\u179f\u17d2\u179c\u17b6\u1782\u1798\u1793\u17cd, Hay Kongmeng - \u17a0\u17c3 \u1782\u1784\u17cb\u1798\u17c9\u17c1\u1784! \u1782\u178e\u1793\u17b8\u17
[2026-02-09 12:41:41] CURL ERROR: none
[2026-02-09 12:41:41] SUCCESS: sendMessage completed
==========
[2026-02-09 13:06:11] ========== REQUEST ==========
[2026-02-09 13:06:11] METHOD: sendMessage
[2026-02-09 13:06:11] URL: https://api.telegram.org/bot8415659161:AAFhCHpE_74h5bHbmk4ERUgrT2JtP-RQHXA/sendMessage
[2026-02-09 13:06:11] PARAMS: {"chat_id":768732984,"text":"welcome\n\n\u179f\u17bc\u1798\u179f\u17d2\u179c\u17b6\u1782\u1798\u1793\u17cd, <b>Hay Kongmeng - \u17a0\u17c3 \u1782\u1784\u17cb\u1798\u17c9\u17c1\u1784<\/b>! \u1782\u178e\u1793\u17b8\u179a\u1794\u179f\u17cb\u17a2\u17d2\u1793\u1780\u1794\u17b6\u1793\u178f\u1797\u17d2\u1787\u17b6\u1794\u17cb\u179a\u17bd\u1785\u17a0\u17be\u1799\u17d4\n\n\u1785\u17bb\u1785\u1794\u17ca\u17bc\u178f\u17bb\u1784\u1781\u17b6\u1784\u1780\u17d2\u179a\u17c4\u1798 \u178a\u17be\u1798\u17d2\u1794\u17b8\u1794\u17be\u1780\u1780\u1798\u17d2\u1798\u179c\u17b7\u1792\u17b8 \u17ac\u1794\u17d2\u179a\u17be \/help \u178a\u17be\u1798\u17d2\u1794\u17b8\u1798\u17be\u179b\u1796\u17b6\u1780\u17d2\u1799\u1794\u1789\u17d2\u1787\u17b6\u17d4","parse_mode":"HTML","reply_markup":"{\"inline_keyboard\":[[{\"text\":\"\\ud83d\\ude80 \\u1794\\u17be\\u1780\\u1780\\u1798\\u17d2\\u1798\\u179c\\u17b7\\u1792\\u17b8\",\"web_app\":{\"url\":\"https:\\\/\\\/ticket.providawater.com\\\/telegram-app.html\"}}]]}"}
[2026-02-09 13:06:11] Making curl request...
[2026-02-09 13:06:13] HTTP CODE: 200
[2026-02-09 13:06:13] RAW RESPONSE: {"ok":true,"result":{"message_id":36,"from":{"id":8415659161,"is_bot":true,"first_name":"ML Ticket","username":"ml_ticket_bot"},"chat":{"id":768732984,"first_name":"Hay Kongmeng -","last_name":"\u17a0\u17c3 \u1782\u1784\u17cb\u1798\u17c9\u17c1\u1784","username":"KongMeng_Hay","type":"private"},"date":1770642372,"text":"welcome\n\n\u179f\u17bc\u1798\u179f\u17d2\u179c\u17b6\u1782\u1798\u1793\u17cd, Hay Kongmeng - \u17a0\u17c3 \u1782\u1784\u17cb\u1798\u17c9\u17c1\u1784! \u1782\u178e\u1793\u17b8\u17
[2026-02-09 13:06:13] CURL ERROR: none
[2026-02-09 13:06:13] SUCCESS: sendMessage completed
==========
[2026-02-09 13:08:31] ========== REQUEST ==========
[2026-02-09 13:08:31] METHOD: sendMessage
[2026-02-09 13:08:31] URL: https://api.telegram.org/bot8415659161:AAFhCHpE_74h5bHbmk4ERUgrT2JtP-RQHXA/sendMessage
[2026-02-09 13:08:31] PARAMS: {"chat_id":768732984,"text":"welcome\n\n\u179f\u17bc\u1798\u179f\u17d2\u179c\u17b6\u1782\u1798\u1793\u17cd, <b>Hay Kongmeng - \u17a0\u17c3 \u1782\u1784\u17cb\u1798\u17c9\u17c1\u1784<\/b>! \u1782\u178e\u1793\u17b8\u179a\u1794\u179f\u17cb\u17a2\u17d2\u1793\u1780\u1794\u17b6\u1793\u178f\u1797\u17d2\u1787\u17b6\u1794\u17cb\u179a\u17bd\u1785\u17a0\u17be\u1799\u17d4\n\n\u1785\u17bb\u1785\u1794\u17ca\u17bc\u178f\u17bb\u1784\u1781\u17b6\u1784\u1780\u17d2\u179a\u17c4\u1798 \u178a\u17be\u1798\u17d2\u1794\u17b8\u1794\u17be\u1780\u1780\u1798\u17d2\u1798\u179c\u17b7\u1792\u17b8 \u17ac\u1794\u17d2\u179a\u17be \/help \u178a\u17be\u1798\u17d2\u1794\u17b8\u1798\u17be\u179b\u1796\u17b6\u1780\u17d2\u1799\u1794\u1789\u17d2\u1787\u17b6\u17d4","parse_mode":"HTML","reply_markup":"{\"inline_keyboard\":[[{\"text\":\"\\ud83d\\ude80 \\u1794\\u17be\\u1780\\u1780\\u1798\\u17d2\\u1798\\u179c\\u17b7\\u1792\\u17b8\",\"web_app\":{\"url\":\"https:\\\/\\\/ticket.providawater.com\\\/telegram-app.html\"}}]]}"}
[2026-02-09 13:08:31] Making curl request...
[2026-02-09 13:08:32] HTTP CODE: 200
[2026-02-09 13:08:32] RAW RESPONSE: {"ok":true,"result":{"message_id":38,"from":{"id":8415659161,"is_bot":true,"first_name":"ML Ticket","username":"ml_ticket_bot"},"chat":{"id":768732984,"first_name":"Hay Kongmeng -","last_name":"\u17a0\u17c3 \u1782\u1784\u17cb\u1798\u17c9\u17c1\u1784","username":"KongMeng_Hay","type":"private"},"date":1770642512,"text":"welcome\n\n\u179f\u17bc\u1798\u179f\u17d2\u179c\u17b6\u1782\u1798\u1793\u17cd, Hay Kongmeng - \u17a0\u17c3 \u1782\u1784\u17cb\u1798\u17c9\u17c1\u1784! \u1782\u178e\u1793\u17b8\u17
[2026-02-09 13:08:32] CURL ERROR: none
[2026-02-09 13:08:32] SUCCESS: sendMessage completed
==========
[2026-02-09 13:09:44] ========== REQUEST ==========
[2026-02-09 13:09:44] METHOD: sendMessage
[2026-02-09 13:09:44] URL: https://api.telegram.org/bot8415659161:AAFhCHpE_74h5bHbmk4ERUgrT2JtP-RQHXA/sendMessage
[2026-02-09 13:09:44] PARAMS: {"chat_id":768732984,"text":"welcome\n\n\u179f\u17bc\u1798\u179f\u17d2\u179c\u17b6\u1782\u1798\u1793\u17cd, <b>Hay Kongmeng - \u17a0\u17c3 \u1782\u1784\u17cb\u1798\u17c9\u17c1\u1784<\/b>! \u1782\u178e\u1793\u17b8\u179a\u1794\u179f\u17cb\u17a2\u17d2\u1793\u1780\u1794\u17b6\u1793\u178f\u1797\u17d2\u1787\u17b6\u1794\u17cb\u179a\u17bd\u1785\u17a0\u17be\u1799\u17d4\n\n\u1785\u17bb\u1785\u1794\u17ca\u17bc\u178f\u17bb\u1784\u1781\u17b6\u1784\u1780\u17d2\u179a\u17c4\u1798 \u178a\u17be\u1798\u17d2\u1794\u17b8\u1794\u17be\u1780\u1780\u1798\u17d2\u1798\u179c\u17b7\u1792\u17b8 \u17ac\u1794\u17d2\u179a\u17be \/help \u178a\u17be\u1798\u17d2\u1794\u17b8\u1798\u17be\u179b\u1796\u17b6\u1780\u17d2\u1799\u1794\u1789\u17d2\u1787\u17b6\u17d4","parse_mode":"HTML","reply_markup":"{\"inline_keyboard\":[[{\"text\":\"\\ud83d\\ude80 \\u1794\\u17be\\u1780\\u1780\\u1798\\u17d2\\u1798\\u179c\\u17b7\\u1792\\u17b8\",\"web_app\":{\"url\":\"https:\\\/\\\/ticket.providawater.com\\\/telegram-app.html\"}}]]}"}
[2026-02-09 13:09:44] Making curl request...
[2026-02-09 13:09:45] HTTP CODE: 200
[2026-02-09 13:09:45] RAW RESPONSE: {"ok":true,"result":{"message_id":40,"from":{"id":8415659161,"is_bot":true,"first_name":"ML Ticket","username":"ml_ticket_bot"},"chat":{"id":768732984,"first_name":"Hay Kongmeng -","last_name":"\u17a0\u17c3 \u1782\u1784\u17cb\u1798\u17c9\u17c1\u1784","username":"KongMeng_Hay","type":"private"},"date":1770642584,"text":"welcome\n\n\u179f\u17bc\u1798\u179f\u17d2\u179c\u17b6\u1782\u1798\u1793\u17cd, Hay Kongmeng - \u17a0\u17c3 \u1782\u1784\u17cb\u1798\u17c9\u17c1\u1784! \u1782\u178e\u1793\u17b8\u17
[2026-02-09 13:09:45] CURL ERROR: none
[2026-02-09 13:09:45] SUCCESS: sendMessage completed
==========
[2026-02-09 17:21:45] ========== REQUEST ==========
[2026-02-09 17:21:45] METHOD: sendMessage
[2026-02-09 17:21:45] URL: https://api.telegram.org/bot8415659161:AAFhCHpE_74h5bHbmk4ERUgrT2JtP-RQHXA/sendMessage
[2026-02-09 17:21:45] PARAMS: {"chat_id":768732984,"text":"welcome\n\n\u179f\u17bc\u1798\u179f\u17d2\u179c\u17b6\u1782\u1798\u1793\u17cd, <b>Hay Kongmeng - \u17a0\u17c3 \u1782\u1784\u17cb\u1798\u17c9\u17c1\u1784<\/b>! \u1782\u178e\u1793\u17b8\u179a\u1794\u179f\u17cb\u17a2\u17d2\u1793\u1780\u1794\u17b6\u1793\u178f\u1797\u17d2\u1787\u17b6\u1794\u17cb\u179a\u17bd\u1785\u17a0\u17be\u1799\u17d4\n\n\u1785\u17bb\u1785\u1794\u17ca\u17bc\u178f\u17bb\u1784\u1781\u17b6\u1784\u1780\u17d2\u179a\u17c4\u1798 \u178a\u17be\u1798\u17d2\u1794\u17b8\u1794\u17be\u1780\u1780\u1798\u17d2\u1798\u179c\u17b7\u1792\u17b8 \u17ac\u1794\u17d2\u179a\u17be \/help \u178a\u17be\u1798\u17d2\u1794\u17b8\u1798\u17be\u179b\u1796\u17b6\u1780\u17d2\u1799\u1794\u1789\u17d2\u1787\u17b6\u17d4","parse_mode":"HTML","reply_markup":"{\"inline_keyboard\":[[{\"text\":\"\\ud83d\\ude80 \\u1794\\u17be\\u1780\\u1780\\u1798\\u17d2\\u1798\\u179c\\u17b7\\u1792\\u17b8\",\"web_app\":{\"url\":\"https:\\\/\\\/ticket.providawater.com\\\/telegram-app.html\"}}]]}"}
[2026-02-09 17:21:45] Making curl request...
[2026-02-09 17:21:47] HTTP CODE: 200
[2026-02-09 17:21:47] RAW RESPONSE: {"ok":true,"result":{"message_id":42,"from":{"id":8415659161,"is_bot":true,"first_name":"ML Ticket","username":"ml_ticket_bot"},"chat":{"id":768732984,"first_name":"Hay Kongmeng -","last_name":"\u17a0\u17c3 \u1782\u1784\u17cb\u1798\u17c9\u17c1\u1784","username":"KongMeng_Hay","type":"private"},"date":1770657707,"text":"welcome\n\n\u179f\u17bc\u1798\u179f\u17d2\u179c\u17b6\u1782\u1798\u1793\u17cd, Hay Kongmeng - \u17a0\u17c3 \u1782\u1784\u17cb\u1798\u17c9\u17c1\u1784! \u1782\u178e\u1793\u17b8\u17
[2026-02-09 17:21:47] CURL ERROR: none
[2026-02-09 17:21:47] SUCCESS: sendMessage completed
==========
[2026-02-09 17:22:37] ========== REQUEST ==========
[2026-02-09 17:22:37] METHOD: sendMessage
[2026-02-09 17:22:37] URL: https://api.telegram.org/bot8415659161:AAFhCHpE_74h5bHbmk4ERUgrT2JtP-RQHXA/sendMessage
[2026-02-09 17:22:37] PARAMS: {"chat_id":768732984,"text":"welcome\n\n\u179f\u17bc\u1798\u179f\u17d2\u179c\u17b6\u1782\u1798\u1793\u17cd, <b>Hay Kongmeng - \u17a0\u17c3 \u1782\u1784\u17cb\u1798\u17c9\u17c1\u1784<\/b>! \u1782\u178e\u1793\u17b8\u179a\u1794\u179f\u17cb\u17a2\u17d2\u1793\u1780\u1794\u17b6\u1793\u178f\u1797\u17d2\u1787\u17b6\u1794\u17cb\u179a\u17bd\u1785\u17a0\u17be\u1799\u17d4\n\n\u1785\u17bb\u1785\u1794\u17ca\u17bc\u178f\u17bb\u1784\u1781\u17b6\u1784\u1780\u17d2\u179a\u17c4\u1798 \u178a\u17be\u1798\u17d2\u1794\u17b8\u1794\u17be\u1780\u1780\u1798\u17d2\u1798\u179c\u17b7\u1792\u17b8 \u17ac\u1794\u17d2\u179a\u17be \/help \u178a\u17be\u1798\u17d2\u1794\u17b8\u1798\u17be\u179b\u1796\u17b6\u1780\u17d2\u1799\u1794\u1789\u17d2\u1787\u17b6\u17d4","parse_mode":"HTML","reply_markup":"{\"inline_keyboard\":[[{\"text\":\"\\ud83d\\ude80 \\u1794\\u17be\\u1780\\u1780\\u1798\\u17d2\\u1798\\u179c\\u17b7\\u1792\\u17b8\",\"web_app\":{\"url\":\"https:\\\/\\\/ticket.providawater.com\\\/telegram-app.html\"}}]]}"}
[2026-02-09 17:22:37] Making curl request...
[2026-02-09 17:22:38] HTTP CODE: 200
[2026-02-09 17:22:38] RAW RESPONSE: {"ok":true,"result":{"message_id":44,"from":{"id":8415659161,"is_bot":true,"first_name":"ML Ticket","username":"ml_ticket_bot"},"chat":{"id":768732984,"first_name":"Hay Kongmeng -","last_name":"\u17a0\u17c3 \u1782\u1784\u17cb\u1798\u17c9\u17c1\u1784","username":"KongMeng_Hay","type":"private"},"date":1770657758,"text":"welcome\n\n\u179f\u17bc\u1798\u179f\u17d2\u179c\u17b6\u1782\u1798\u1793\u17cd, Hay Kongmeng - \u17a0\u17c3 \u1782\u1784\u17cb\u1798\u17c9\u17c1\u1784! \u1782\u178e\u1793\u17b8\u17
[2026-02-09 17:22:38] CURL ERROR: none
[2026-02-09 17:22:38] SUCCESS: sendMessage completed
==========
[2026-02-10 02:35:33] ========== REQUEST ==========
[2026-02-10 02:35:33] METHOD: sendMessage
[2026-02-10 02:35:33] URL: https://api.telegram.org/bot8415659161:AAFhCHpE_74h5bHbmk4ERUgrT2JtP-RQHXA/sendMessage
[2026-02-10 02:35:33] PARAMS: {"chat_id":768732984,"text":"\u1781\u17d2\u1789\u17bb\u17c6\u1798\u17b7\u1793\u1799\u179b\u17cb\u178a\u17c2\u179b\u1793\u17c4\u17c7\u1791\u17c1\u17d4 \u1794\u17d2\u179a\u17be \/help \u178a\u17be\u1798\u17d2\u1794\u17b8\u1798\u17be\u179b\u1796\u17b6\u1780\u17d2\u1799\u1794\u1789\u17d2\u1787\u17b6\u178a\u17c2\u179b\u1798\u17b6\u1793\u17d4","parse_mode":"HTML"}
[2026-02-10 02:35:33] Making curl request...
[2026-02-10 02:35:35] HTTP CODE: 200
[2026-02-10 02:35:35] RAW RESPONSE: {"ok":true,"result":{"message_id":46,"from":{"id":8415659161,"is_bot":true,"first_name":"ML Ticket","username":"ml_ticket_bot"},"chat":{"id":768732984,"first_name":"Hay Kongmeng -","last_name":"\u17a0\u17c3 \u1782\u1784\u17cb\u1798\u17c9\u17c1\u1784","username":"KongMeng_Hay","type":"private"},"date":1770690934,"text":"\u1781\u17d2\u1789\u17bb\u17c6\u1798\u17b7\u1793\u1799\u179b\u17cb\u178a\u17c2\u179b\u1793\u17c4\u17c7\u1791\u17c1\u17d4 \u1794\u17d2\u179a\u17be /help \u178a\u17be\u1798\u17d2\u1
[2026-02-10 02:35:35] CURL ERROR: none
[2026-02-10 02:35:35] SUCCESS: sendMessage completed
==========
[2026-02-10 02:42:13] ========== REQUEST ==========
[2026-02-10 02:42:13] METHOD: sendMessage
[2026-02-10 02:42:13] URL: https://api.telegram.org/bot8415659161:AAFhCHpE_74h5bHbmk4ERUgrT2JtP-RQHXA/sendMessage
[2026-02-10 02:42:13] PARAMS: {"chat_id":-5161228600,"text":"\u2705 Ticket assigned\n#TKT-000005\nSubject: sage 300 black screen\nRequester: Hay Kongmeng - \u17a0\u17c3 \u1782\u1784\u17cb\u1798\u17c9\u17c1\u1784 (hkongmeng@gmail.com)\nLink: https:\/\/harmonistic-imaginary-luanne.ngrok-free.dev\/tickets\/5","parse_mode":"HTML"}
[2026-02-10 02:42:13] Making curl request...
[2026-02-10 02:42:14] HTTP CODE: 400
[2026-02-10 02:42:14] RAW RESPONSE: {"ok":false,"error_code":400,"description":"Bad Request: chat not found"}
[2026-02-10 02:42:14] CURL ERROR: none
[2026-02-10 02:42:14] API ERROR: Bad Request: chat not found
==========
[2026-02-10 02:44:46] ========== REQUEST ==========
[2026-02-10 02:44:46] METHOD: sendMessage
[2026-02-10 02:44:46] URL: https://api.telegram.org/bot8415659161:AAFhCHpE_74h5bHbmk4ERUgrT2JtP-RQHXA/sendMessage
[2026-02-10 02:44:46] PARAMS: {"chat_id":-5161228600,"text":"\u1781\u17d2\u1789\u17bb\u17c6\u1798\u17b7\u1793\u1799\u179b\u17cb\u178a\u17c2\u179b\u1793\u17c4\u17c7\u1791\u17c1\u17d4 \u1794\u17d2\u179a\u17be \/help \u178a\u17be\u1798\u17d2\u1794\u17b8\u1798\u17be\u179b\u1796\u17b6\u1780\u17d2\u1799\u1794\u1789\u17d2\u1787\u17b6\u178a\u17c2\u179b\u1798\u17b6\u1793\u17d4","parse_mode":"HTML"}
[2026-02-10 02:44:46] Making curl request...
[2026-02-10 02:44:46] HTTP CODE: 200
[2026-02-10 02:44:46] RAW RESPONSE: {"ok":true,"result":{"message_id":48,"from":{"id":8415659161,"is_bot":true,"first_name":"ML Ticket","username":"ml_ticket_bot"},"chat":{"id":-5161228600,"title":"ML ticket","type":"group","all_members_are_administrators":true,"accepted_gift_types":{"unlimited_gifts":false,"limited_gifts":false,"unique_gifts":false,"premium_subscription":false,"gifts_from_channels":false}},"date":1770691486,"text":"\u1781\u17d2\u1789\u17bb\u17c6\u1798\u17b7\u1793\u1799\u179b\u17cb\u178a\u17c2\u179b\u1793\u17c4\u1
[2026-02-10 02:44:46] CURL ERROR: none
[2026-02-10 02:44:47] SUCCESS: sendMessage completed
==========
[2026-02-10 02:45:01] ========== REQUEST ==========
[2026-02-10 02:45:01] METHOD: sendMessage
[2026-02-10 02:45:01] URL: https://api.telegram.org/bot8415659161:AAFhCHpE_74h5bHbmk4ERUgrT2JtP-RQHXA/sendMessage
[2026-02-10 02:45:01] PARAMS: {"chat_id":-5161228600,"text":"\u2705 Ticket assigned\n#TKT-000005\nSubject: sage 300 black screen\nRequester: Hay Kongmeng - \u17a0\u17c3 \u1782\u1784\u17cb\u1798\u17c9\u17c1\u1784 (hkongmeng@gmail.com)\nLink: https:\/\/harmonistic-imaginary-luanne.ngrok-free.dev\/tickets\/5","parse_mode":"HTML"}
[2026-02-10 02:45:01] Making curl request...
[2026-02-10 02:45:02] HTTP CODE: 200
[2026-02-10 02:45:02] RAW RESPONSE: {"ok":true,"result":{"message_id":49,"from":{"id":8415659161,"is_bot":true,"first_name":"ML Ticket","username":"ml_ticket_bot"},"chat":{"id":-5161228600,"title":"ML ticket","type":"group","all_members_are_administrators":true,"accepted_gift_types":{"unlimited_gifts":false,"limited_gifts":false,"unique_gifts":false,"premium_subscription":false,"gifts_from_channels":false}},"date":1770691502,"text":"\u2705 Ticket assigned\n#TKT-000005\nSubject: sage 300 black screen\nRequester: Hay Kongmeng - \u17
[2026-02-10 02:45:02] CURL ERROR: none
[2026-02-10 02:45:02] SUCCESS: sendMessage completed
==========
[2026-02-10 02:49:06] ========== REQUEST ==========
[2026-02-10 02:49:06] METHOD: sendMessage
[2026-02-10 02:49:06] URL: https://api.telegram.org/bot8415659161:AAFhCHpE_74h5bHbmk4ERUgrT2JtP-RQHXA/sendMessage
[2026-02-10 02:49:06] PARAMS: {"chat_id":-5161228600,"text":"\u2705 Ticket assigned\n#TKT-000005\nSubject: sage 300 black screen\nRequester: Hay Kongmeng - \u17a0\u17c3 \u1782\u1784\u17cb\u1798\u17c9\u17c1\u1784 (hkongmeng@gmail.com)\nAssigned to: Admin User\nLink: https:\/\/harmonistic-imaginary-luanne.ngrok-free.dev\/tickets\/5","parse_mode":"HTML"}
[2026-02-10 02:49:06] Making curl request...
[2026-02-10 02:49:07] HTTP CODE: 200
[2026-02-10 02:49:07] RAW RESPONSE: {"ok":true,"result":{"message_id":50,"from":{"id":8415659161,"is_bot":true,"first_name":"ML Ticket","username":"ml_ticket_bot"},"chat":{"id":-5161228600,"title":"ML ticket","type":"group","all_members_are_administrators":true,"accepted_gift_types":{"unlimited_gifts":false,"limited_gifts":false,"unique_gifts":false,"premium_subscription":false,"gifts_from_channels":false}},"date":1770691746,"text":"\u2705 Ticket assigned\n#TKT-000005\nSubject: sage 300 black screen\nRequester: Hay Kongmeng - \u17
[2026-02-10 02:49:07] CURL ERROR: none
[2026-02-10 02:49:07] SUCCESS: sendMessage completed
==========
[2026-02-10 02:53:02] ========== REQUEST ==========
[2026-02-10 02:53:02] METHOD: sendMessage
[2026-02-10 02:53:02] URL: https://api.telegram.org/bot8415659161:AAFhCHpE_74h5bHbmk4ERUgrT2JtP-RQHXA/sendMessage
[2026-02-10 02:53:02] PARAMS: {"chat_id":-5161228600,"text":"\ud83d\udcac <b>New Customer Reply<\/b>\n\ud83c\udd94 <b>Ticket:<\/b> #TKT-000005\n\ud83d\udcdd <b>Subject:<\/b> sage 300 black screen\n\ud83d\udccc <b>Status:<\/b> Open\n\ud83d\udea6 <b>Priority:<\/b> Medium\n\ud83d\udc64 <b>Requester:<\/b> Hay Kongmeng - \u17a0\u17c3 \u1782\u1784\u17cb\u1798\u17c9\u17c1\u1784 (hkongmeng@gmail.com)\n\ud83c\udfaf <b>Assigned to:<\/b> Admin User\n\u2709\ufe0f <b>Message:<\/b> sak\n\ud83d\udd17 <b>Link:<\/b> https:\/\/harmonistic-imaginary-luanne.ngrok-free.dev\/tickets\/5","parse_mode":"HTML"}
[2026-02-10 02:53:02] Making curl request...
[2026-02-10 02:53:04] HTTP CODE: 200
[2026-02-10 02:53:04] RAW RESPONSE: {"ok":true,"result":{"message_id":51,"from":{"id":8415659161,"is_bot":true,"first_name":"ML Ticket","username":"ml_ticket_bot"},"chat":{"id":-5161228600,"title":"ML ticket","type":"group","all_members_are_administrators":true,"accepted_gift_types":{"unlimited_gifts":false,"limited_gifts":false,"unique_gifts":false,"premium_subscription":false,"gifts_from_channels":false}},"date":1770691982,"text":"\ud83d\udcac New Customer Reply\n\ud83c\udd94 Ticket: #TKT-000005\n\ud83d\udcdd Subject: sage 300 b
[2026-02-10 02:53:04] CURL ERROR: none
[2026-02-10 02:53:04] SUCCESS: sendMessage completed
==========
[2026-02-10 02:56:11] ========== REQUEST ==========
[2026-02-10 02:56:11] METHOD: sendMessage
[2026-02-10 02:56:11] URL: https://api.telegram.org/bot8415659161:AAFhCHpE_74h5bHbmk4ERUgrT2JtP-RQHXA/sendMessage
[2026-02-10 02:56:11] PARAMS: {"chat_id":1448868935,"text":"welcome\n\n\u178a\u17be\u1798\u17d2\u1794\u17b8\u1785\u17b6\u1794\u17cb\u1795\u17d2\u178f\u17be\u1798 \u1781\u17d2\u1789\u17bb\u17c6\u178f\u17d2\u179a\u17bc\u179c\u1780\u17b6\u179a\u178f\u1797\u17d2\u1787\u17b6\u1794\u17cb\u17a2\u17b6\u179f\u17d0\u1799\u178a\u17d2\u178b\u17b6\u1793\u17a2\u17ca\u17b8\u1798\u17c2\u179b\u179a\u1794\u179f\u17cb\u17a2\u17d2\u1793\u1780\u17d4\n\u1794\u17d2\u179a\u17be \/link \u178a\u17be\u1798\u17d2\u1794\u17b8\u1797\u17d2\u1787\u17b6\u1794\u17cb\u1782\u178e\u1793\u17b8\u1782\u17b6\u17c6\u1791\u17d2\u1797\u17b6\u1796\u179a\u1794\u179f\u17cb\u17a2\u17d2\u1793\u1780\u17d4","parse_mode":"HTML"}
[2026-02-10 02:56:11] Making curl request...
[2026-02-10 02:56:12] HTTP CODE: 200
[2026-02-10 02:56:12] RAW RESPONSE: {"ok":true,"result":{"message_id":53,"from":{"id":8415659161,"is_bot":true,"first_name":"ML Ticket","username":"ml_ticket_bot"},"chat":{"id":1448868935,"first_name":"Koun Srey Ya","username":"AhYaaaaaaaKH011","type":"private"},"date":1770692172,"text":"welcome\n\n\u178a\u17be\u1798\u17d2\u1794\u17b8\u1785\u17b6\u1794\u17cb\u1795\u17d2\u178f\u17be\u1798 \u1781\u17d2\u1789\u17bb\u17c6\u178f\u17d2\u179a\u17bc\u179c\u1780\u17b6\u179a\u178f\u1797\u17d2\u1787\u17b6\u1794\u17cb\u17a2\u17b6\u179f\u17d0\
[2026-02-10 02:56:12] CURL ERROR: none
[2026-02-10 02:56:12] SUCCESS: sendMessage completed
==========
[2026-02-10 02:56:18] ========== REQUEST ==========
[2026-02-10 02:56:18] METHOD: sendMessage
[2026-02-10 02:56:18] URL: https://api.telegram.org/bot8415659161:AAFhCHpE_74h5bHbmk4ERUgrT2JtP-RQHXA/sendMessage
[2026-02-10 02:56:18] PARAMS: {"chat_id":1448868935,"text":"\u1781\u17d2\u1789\u17bb\u17c6\u1798\u17b7\u1793\u1799\u179b\u17cb\u178a\u17c2\u179b\u1793\u17c4\u17c7\u1791\u17c1\u17d4 \u1794\u17d2\u179a\u17be \/help \u178a\u17be\u1798\u17d2\u1794\u17b8\u1798\u17be\u179b\u1796\u17b6\u1780\u17d2\u1799\u1794\u1789\u17d2\u1787\u17b6\u178a\u17c2\u179b\u1798\u17b6\u1793\u17d4","parse_mode":"HTML"}
[2026-02-10 02:56:18] Making curl request...
[2026-02-10 02:56:19] HTTP CODE: 200
[2026-02-10 02:56:19] RAW RESPONSE: {"ok":true,"result":{"message_id":55,"from":{"id":8415659161,"is_bot":true,"first_name":"ML Ticket","username":"ml_ticket_bot"},"chat":{"id":1448868935,"first_name":"Koun Srey Ya","username":"AhYaaaaaaaKH011","type":"private"},"date":1770692179,"text":"\u1781\u17d2\u1789\u17bb\u17c6\u1798\u17b7\u1793\u1799\u179b\u17cb\u178a\u17c2\u179b\u1793\u17c4\u17c7\u1791\u17c1\u17d4 \u1794\u17d2\u179a\u17be /help \u178a\u17be\u1798\u17d2\u1794\u17b8\u1798\u17be\u179b\u1796\u17b6\u1780\u17d2\u1799\u1794\u178
[2026-02-10 02:56:19] CURL ERROR: none
[2026-02-10 02:56:19] SUCCESS: sendMessage completed
==========
[2026-02-10 02:56:34] ========== REQUEST ==========
[2026-02-10 02:56:34] METHOD: sendMessage
[2026-02-10 02:56:34] URL: https://api.telegram.org/bot8415659161:AAFhCHpE_74h5bHbmk4ERUgrT2JtP-RQHXA/sendMessage
[2026-02-10 02:56:34] PARAMS: {"chat_id":1448868935,"text":"<b>\u1796\u17b6\u1780\u17d2\u1799\u1794\u1789\u17d2\u1787\u17b6\u178a\u17c2\u179b\u1798\u17b6\u1793<\/b>\n\n\/start - \u1785\u17b6\u1794\u17cb\u1795\u17d2\u178f\u17be\u1798\u1798\u17c9\u17b6\u179f\u17ca\u17b8\u1793\u1794\u1784\u17d2\u1782\u17b6\u1794\u17cb\n\/link - \u1797\u17d2\u1787\u17b6\u1794\u17cb\u1782\u178e\u1793\u17b8\u17a2\u17ca\u17b8\u1798\u17c2\u179b\u179a\u1794\u179f\u17cb\u17a2\u17d2\u1793\u1780\n\/newticket - \u1794\u1784\u17d2\u1780\u17be\u178f\u179f\u17c6\u178e\u17be\u179f\u17bb\u17c6\u1787\u17c6\u1793\u17bd\u1799\u1782\u17b6\u17c6\u1791\u17d2\u179a\u1790\u17d2\u1798\u17b8\n\/mytickets - \u1798\u17be\u179b\u179f\u17c6\u178e\u17be\u179f\u17bb\u17c6\u1787\u17c6\u1793\u17bd\u1799\u1782\u17b6\u17c6\u1791\u17d2\u179a\u1794\u179f\u17cb\u17a2\u17d2\u1793\u1780\n\/status [ticket#] - \u1796\u17b7\u1793\u17b7\u178f\u17d2\u1799\u179b\u1780\u17d2\u1781\u1781\u17d0\u178e\u17d2\u178c\u179f\u17c6\u178e\u17be\u179f\u17bb\u17c6\u1787\u17c6\u1793\u17bd\u1799\n\/help - \u1794\u1784\u17d2\u17a0\u17b6\u1789\u179f\u17b6\u179a\u179b\u1798\u17d2\u17a2\u17b7\u178f\u1793\u17c1\u17c7","parse_mode":"HTML"}
[2026-02-10 02:56:34] Making curl request...
[2026-02-10 02:56:35] HTTP CODE: 200
[2026-02-10 02:56:35] RAW RESPONSE: {"ok":true,"result":{"message_id":57,"from":{"id":8415659161,"is_bot":true,"first_name":"ML Ticket","username":"ml_ticket_bot"},"chat":{"id":1448868935,"first_name":"Koun Srey Ya","username":"AhYaaaaaaaKH011","type":"private"},"date":1770692195,"text":"\u1796\u17b6\u1780\u17d2\u1799\u1794\u1789\u17d2\u1787\u17b6\u178a\u17c2\u179b\u1798\u17b6\u1793\n\n/start - \u1785\u17b6\u1794\u17cb\u1795\u17d2\u178f\u17be\u1798\u1798\u17c9\u17b6\u179f\u17ca\u17b8\u1793\u1794\u1784\u17d2\u1782\u17b6\u1794\u17cb
[2026-02-10 02:56:35] CURL ERROR: none
[2026-02-10 02:56:35] SUCCESS: sendMessage completed
==========
[2026-02-10 02:56:46] ========== REQUEST ==========
[2026-02-10 02:56:46] METHOD: sendMessage
[2026-02-10 02:56:46] URL: https://api.telegram.org/bot8415659161:AAFhCHpE_74h5bHbmk4ERUgrT2JtP-RQHXA/sendMessage
[2026-02-10 02:56:46] PARAMS: {"chat_id":1448868935,"text":"welcome\n\n\u178a\u17be\u1798\u17d2\u1794\u17b8\u1785\u17b6\u1794\u17cb\u1795\u17d2\u178f\u17be\u1798 \u1781\u17d2\u1789\u17bb\u17c6\u178f\u17d2\u179a\u17bc\u179c\u1780\u17b6\u179a\u178f\u1797\u17d2\u1787\u17b6\u1794\u17cb\u17a2\u17b6\u179f\u17d0\u1799\u178a\u17d2\u178b\u17b6\u1793\u17a2\u17ca\u17b8\u1798\u17c2\u179b\u179a\u1794\u179f\u17cb\u17a2\u17d2\u1793\u1780\u17d4\n\u1794\u17d2\u179a\u17be \/link \u178a\u17be\u1798\u17d2\u1794\u17b8\u1797\u17d2\u1787\u17b6\u1794\u17cb\u1782\u178e\u1793\u17b8\u1782\u17b6\u17c6\u1791\u17d2\u1797\u17b6\u1796\u179a\u1794\u179f\u17cb\u17a2\u17d2\u1793\u1780\u17d4","parse_mode":"HTML"}
[2026-02-10 02:56:46] Making curl request...
[2026-02-10 02:56:47] HTTP CODE: 200
[2026-02-10 02:56:47] RAW RESPONSE: {"ok":true,"result":{"message_id":59,"from":{"id":8415659161,"is_bot":true,"first_name":"ML Ticket","username":"ml_ticket_bot"},"chat":{"id":1448868935,"first_name":"Koun Srey Ya","username":"AhYaaaaaaaKH011","type":"private"},"date":1770692207,"text":"welcome\n\n\u178a\u17be\u1798\u17d2\u1794\u17b8\u1785\u17b6\u1794\u17cb\u1795\u17d2\u178f\u17be\u1798 \u1781\u17d2\u1789\u17bb\u17c6\u178f\u17d2\u179a\u17bc\u179c\u1780\u17b6\u179a\u178f\u1797\u17d2\u1787\u17b6\u1794\u17cb\u17a2\u17b6\u179f\u17d0\
[2026-02-10 02:56:47] CURL ERROR: none
[2026-02-10 02:56:47] SUCCESS: sendMessage completed
==========
[2026-02-10 02:56:56] ========== REQUEST ==========
[2026-02-10 02:56:56] METHOD: sendMessage
[2026-02-10 02:56:56] URL: https://api.telegram.org/bot8415659161:AAFhCHpE_74h5bHbmk4ERUgrT2JtP-RQHXA/sendMessage
[2026-02-10 02:56:56] PARAMS: {"chat_id":1448868935,"text":"\u179f\u17bc\u1798\u1794\u1789\u17d2\u1785\u17bc\u179b\u17a2\u17b6\u179f\u17d0\u1799\u178a\u17d2\u178b\u17b6\u1793\u17a2\u17ca\u17b8\u1798\u17c2\u179b\u179a\u1794\u179f\u17cb\u17a2\u17d2\u1793\u1780\u178a\u17be\u1798\u17d2\u1794\u17b8\u1797\u17d2\u1787\u17b6\u1794\u17cb\u1782\u178e\u1793\u17b8\u179a\u1794\u179f\u17cb\u17a2\u17d2\u1793\u1780:","parse_mode":"HTML"}
[2026-02-10 02:56:56] Making curl request...
[2026-02-10 02:56:56] HTTP CODE: 200
[2026-02-10 02:56:56] RAW RESPONSE: {"ok":true,"result":{"message_id":61,"from":{"id":8415659161,"is_bot":true,"first_name":"ML Ticket","username":"ml_ticket_bot"},"chat":{"id":1448868935,"first_name":"Koun Srey Ya","username":"AhYaaaaaaaKH011","type":"private"},"date":1770692216,"text":"\u179f\u17bc\u1798\u1794\u1789\u17d2\u1785\u17bc\u179b\u17a2\u17b6\u179f\u17d0\u1799\u178a\u17d2\u178b\u17b6\u1793\u17a2\u17ca\u17b8\u1798\u17c2\u179b\u179a\u1794\u179f\u17cb\u17a2\u17d2\u1793\u1780\u178a\u17be\u1798\u17d2\u1794\u17b8\u1797\u17d2\
[2026-02-10 02:56:56] CURL ERROR: none
[2026-02-10 02:56:57] SUCCESS: sendMessage completed
==========
[2026-02-10 02:57:01] ========== REQUEST ==========
[2026-02-10 02:57:01] METHOD: sendMessage
[2026-02-10 02:57:01] URL: https://api.telegram.org/bot8415659161:AAFhCHpE_74h5bHbmk4ERUgrT2JtP-RQHXA/sendMessage
[2026-02-10 02:57:01] PARAMS: {"chat_id":1448868935,"text":"\u179c\u17b6\u1798\u17b7\u1793\u17a0\u17b6\u1780\u17cb\u178a\u17bc\u1785\u1787\u17b6\u17a2\u17b6\u179f\u17d0\u1799\u178a\u17d2\u178b\u17b6\u1793\u17a2\u17ca\u17b8\u1798\u17c2\u179b\u178f\u17d2\u179a\u17b9\u1798\u178f\u17d2\u179a\u17bc\u179c\u1791\u17c1\u17d4 \u179f\u17bc\u1798\u1796\u17d2\u1799\u17b6\u1799\u17b6\u1798\u1798\u17d2\u178f\u1784\u1791\u17c0\u178f:","parse_mode":"HTML"}
[2026-02-10 02:57:01] Making curl request...
[2026-02-10 02:57:02] HTTP CODE: 200
[2026-02-10 02:57:02] RAW RESPONSE: {"ok":true,"result":{"message_id":63,"from":{"id":8415659161,"is_bot":true,"first_name":"ML Ticket","username":"ml_ticket_bot"},"chat":{"id":1448868935,"first_name":"Koun Srey Ya","username":"AhYaaaaaaaKH011","type":"private"},"date":1770692222,"text":"\u179c\u17b6\u1798\u17b7\u1793\u17a0\u17b6\u1780\u17cb\u178a\u17bc\u1785\u1787\u17b6\u17a2\u17b6\u179f\u17d0\u1799\u178a\u17d2\u178b\u17b6\u1793\u17a2\u17ca\u17b8\u1798\u17c2\u179b\u178f\u17d2\u179a\u17b9\u1798\u178f\u17d2\u179a\u17bc\u179c\u1791\
[2026-02-10 02:57:02] CURL ERROR: none
[2026-02-10 02:57:02] SUCCESS: sendMessage completed
==========
[2026-02-10 02:57:11] ========== REQUEST ==========
[2026-02-10 02:57:11] METHOD: sendMessage
[2026-02-10 02:57:11] URL: https://api.telegram.org/bot8415659161:AAFhCHpE_74h5bHbmk4ERUgrT2JtP-RQHXA/sendMessage
[2026-02-10 02:57:11] PARAMS: {"chat_id":1448868935,"text":"\u179c\u17b6\u1798\u17b7\u1793\u17a0\u17b6\u1780\u17cb\u178a\u17bc\u1785\u1787\u17b6\u17a2\u17b6\u179f\u17d0\u1799\u178a\u17d2\u178b\u17b6\u1793\u17a2\u17ca\u17b8\u1798\u17c2\u179b\u178f\u17d2\u179a\u17b9\u1798\u178f\u17d2\u179a\u17bc\u179c\u1791\u17c1\u17d4 \u179f\u17bc\u1798\u1796\u17d2\u1799\u17b6\u1799\u17b6\u1798\u1798\u17d2\u178f\u1784\u1791\u17c0\u178f:","parse_mode":"HTML"}
[2026-02-10 02:57:11] Making curl request...
[2026-02-10 02:57:12] HTTP CODE: 200
[2026-02-10 02:57:12] RAW RESPONSE: {"ok":true,"result":{"message_id":65,"from":{"id":8415659161,"is_bot":true,"first_name":"ML Ticket","username":"ml_ticket_bot"},"chat":{"id":1448868935,"first_name":"Koun Srey Ya","username":"AhYaaaaaaaKH011","type":"private"},"date":1770692232,"text":"\u179c\u17b6\u1798\u17b7\u1793\u17a0\u17b6\u1780\u17cb\u178a\u17bc\u1785\u1787\u17b6\u17a2\u17b6\u179f\u17d0\u1799\u178a\u17d2\u178b\u17b6\u1793\u17a2\u17ca\u17b8\u1798\u17c2\u179b\u178f\u17d2\u179a\u17b9\u1798\u178f\u17d2\u179a\u17bc\u179c\u1791\
[2026-02-10 02:57:12] CURL ERROR: none
[2026-02-10 02:57:12] SUCCESS: sendMessage completed
==========
[2026-02-10 02:57:20] ========== REQUEST ==========
[2026-02-10 02:57:20] METHOD: sendMessage
[2026-02-10 02:57:20] URL: https://api.telegram.org/bot8415659161:AAFhCHpE_74h5bHbmk4ERUgrT2JtP-RQHXA/sendMessage
[2026-02-10 02:57:20] PARAMS: {"chat_id":1448868935,"text":"\u179c\u17b6\u1798\u17b7\u1793\u17a0\u17b6\u1780\u17cb\u178a\u17bc\u1785\u1787\u17b6\u17a2\u17b6\u179f\u17d0\u1799\u178a\u17d2\u178b\u17b6\u1793\u17a2\u17ca\u17b8\u1798\u17c2\u179b\u178f\u17d2\u179a\u17b9\u1798\u178f\u17d2\u179a\u17bc\u179c\u1791\u17c1\u17d4 \u179f\u17bc\u1798\u1796\u17d2\u1799\u17b6\u1799\u17b6\u1798\u1798\u17d2\u178f\u1784\u1791\u17c0\u178f:","parse_mode":"HTML"}
[2026-02-10 02:57:20] Making curl request...
[2026-02-10 02:57:21] HTTP CODE: 200
[2026-02-10 02:57:21] RAW RESPONSE: {"ok":true,"result":{"message_id":67,"from":{"id":8415659161,"is_bot":true,"first_name":"ML Ticket","username":"ml_ticket_bot"},"chat":{"id":1448868935,"first_name":"Koun Srey Ya","username":"AhYaaaaaaaKH011","type":"private"},"date":1770692241,"text":"\u179c\u17b6\u1798\u17b7\u1793\u17a0\u17b6\u1780\u17cb\u178a\u17bc\u1785\u1787\u17b6\u17a2\u17b6\u179f\u17d0\u1799\u178a\u17d2\u178b\u17b6\u1793\u17a2\u17ca\u17b8\u1798\u17c2\u179b\u178f\u17d2\u179a\u17b9\u1798\u178f\u17d2\u179a\u17bc\u179c\u1791\
[2026-02-10 02:57:21] CURL ERROR: none
[2026-02-10 02:57:21] SUCCESS: sendMessage completed
==========
[2026-02-10 02:57:32] ========== REQUEST ==========
[2026-02-10 02:57:32] METHOD: sendMessage
[2026-02-10 02:57:32] URL: https://api.telegram.org/bot8415659161:AAFhCHpE_74h5bHbmk4ERUgrT2JtP-RQHXA/sendMessage
[2026-02-10 02:57:32] PARAMS: {"chat_id":1448868935,"text":"\u179c\u17b6\u1798\u17b7\u1793\u17a0\u17b6\u1780\u17cb\u178a\u17bc\u1785\u1787\u17b6\u17a2\u17b6\u179f\u17d0\u1799\u178a\u17d2\u178b\u17b6\u1793\u17a2\u17ca\u17b8\u1798\u17c2\u179b\u178f\u17d2\u179a\u17b9\u1798\u178f\u17d2\u179a\u17bc\u179c\u1791\u17c1\u17d4 \u179f\u17bc\u1798\u1796\u17d2\u1799\u17b6\u1799\u17b6\u1798\u1798\u17d2\u178f\u1784\u1791\u17c0\u178f:","parse_mode":"HTML"}
[2026-02-10 02:57:32] Making curl request...
[2026-02-10 02:57:33] HTTP CODE: 200
[2026-02-10 02:57:33] RAW RESPONSE: {"ok":true,"result":{"message_id":69,"from":{"id":8415659161,"is_bot":true,"first_name":"ML Ticket","username":"ml_ticket_bot"},"chat":{"id":1448868935,"first_name":"Koun Srey Ya","username":"AhYaaaaaaaKH011","type":"private"},"date":1770692253,"text":"\u179c\u17b6\u1798\u17b7\u1793\u17a0\u17b6\u1780\u17cb\u178a\u17bc\u1785\u1787\u17b6\u17a2\u17b6\u179f\u17d0\u1799\u178a\u17d2\u178b\u17b6\u1793\u17a2\u17ca\u17b8\u1798\u17c2\u179b\u178f\u17d2\u179a\u17b9\u1798\u178f\u17d2\u179a\u17bc\u179c\u1791\
[2026-02-10 02:57:33] CURL ERROR: none
[2026-02-10 02:57:33] SUCCESS: sendMessage completed
==========
[2026-02-10 02:59:42] ========== REQUEST ==========
[2026-02-10 02:59:42] METHOD: sendMessage
[2026-02-10 02:59:42] URL: https://api.telegram.org/bot8415659161:AAFhCHpE_74h5bHbmk4ERUgrT2JtP-RQHXA/sendMessage
[2026-02-10 02:59:42] PARAMS: {"chat_id":1448868935,"text":"\u179c\u17b6\u1798\u17b7\u1793\u17a0\u17b6\u1780\u17cb\u178a\u17bc\u1785\u1787\u17b6\u17a2\u17b6\u179f\u17d0\u1799\u178a\u17d2\u178b\u17b6\u1793\u17a2\u17ca\u17b8\u1798\u17c2\u179b\u178f\u17d2\u179a\u17b9\u1798\u178f\u17d2\u179a\u17bc\u179c\u1791\u17c1\u17d4 \u179f\u17bc\u1798\u1796\u17d2\u1799\u17b6\u1799\u17b6\u1798\u1798\u17d2\u178f\u1784\u1791\u17c0\u178f:","parse_mode":"HTML"}
[2026-02-10 02:59:42] Making curl request...
[2026-02-10 02:59:43] HTTP CODE: 200
[2026-02-10 02:59:43] RAW RESPONSE: {"ok":true,"result":{"message_id":71,"from":{"id":8415659161,"is_bot":true,"first_name":"ML Ticket","username":"ml_ticket_bot"},"chat":{"id":1448868935,"first_name":"Koun Srey Ya","username":"AhYaaaaaaaKH011","type":"private"},"date":1770692383,"text":"\u179c\u17b6\u1798\u17b7\u1793\u17a0\u17b6\u1780\u17cb\u178a\u17bc\u1785\u1787\u17b6\u17a2\u17b6\u179f\u17d0\u1799\u178a\u17d2\u178b\u17b6\u1793\u17a2\u17ca\u17b8\u1798\u17c2\u179b\u178f\u17d2\u179a\u17b9\u1798\u178f\u17d2\u179a\u17bc\u179c\u1791\
[2026-02-10 02:59:43] CURL ERROR: none
[2026-02-10 02:59:43] SUCCESS: sendMessage completed
==========
[2026-02-10 02:59:46] ========== REQUEST ==========
[2026-02-10 02:59:46] METHOD: sendMessage
[2026-02-10 02:59:46] URL: https://api.telegram.org/bot8415659161:AAFhCHpE_74h5bHbmk4ERUgrT2JtP-RQHXA/sendMessage
[2026-02-10 02:59:46] PARAMS: {"chat_id":1448868935,"text":"\u179c\u17b6\u1798\u17b7\u1793\u17a0\u17b6\u1780\u17cb\u178a\u17bc\u1785\u1787\u17b6\u17a2\u17b6\u179f\u17d0\u1799\u178a\u17d2\u178b\u17b6\u1793\u17a2\u17ca\u17b8\u1798\u17c2\u179b\u178f\u17d2\u179a\u17b9\u1798\u178f\u17d2\u179a\u17bc\u179c\u1791\u17c1\u17d4 \u179f\u17bc\u1798\u1796\u17d2\u1799\u17b6\u1799\u17b6\u1798\u1798\u17d2\u178f\u1784\u1791\u17c0\u178f:","parse_mode":"HTML"}
[2026-02-10 02:59:46] Making curl request...
[2026-02-10 02:59:47] HTTP CODE: 200
[2026-02-10 02:59:47] RAW RESPONSE: {"ok":true,"result":{"message_id":73,"from":{"id":8415659161,"is_bot":true,"first_name":"ML Ticket","username":"ml_ticket_bot"},"chat":{"id":1448868935,"first_name":"Koun Srey Ya","username":"AhYaaaaaaaKH011","type":"private"},"date":1770692387,"text":"\u179c\u17b6\u1798\u17b7\u1793\u17a0\u17b6\u1780\u17cb\u178a\u17bc\u1785\u1787\u17b6\u17a2\u17b6\u179f\u17d0\u1799\u178a\u17d2\u178b\u17b6\u1793\u17a2\u17ca\u17b8\u1798\u17c2\u179b\u178f\u17d2\u179a\u17b9\u1798\u178f\u17d2\u179a\u17bc\u179c\u1791\
[2026-02-10 02:59:47] CURL ERROR: none
[2026-02-10 02:59:47] SUCCESS: sendMessage completed
==========
[2026-02-10 02:59:48] ========== REQUEST ==========
[2026-02-10 02:59:48] METHOD: sendMessage
[2026-02-10 02:59:48] URL: https://api.telegram.org/bot8415659161:AAFhCHpE_74h5bHbmk4ERUgrT2JtP-RQHXA/sendMessage
[2026-02-10 02:59:48] PARAMS: {"chat_id":1448868935,"text":"\u179c\u17b6\u1798\u17b7\u1793\u17a0\u17b6\u1780\u17cb\u178a\u17bc\u1785\u1787\u17b6\u17a2\u17b6\u179f\u17d0\u1799\u178a\u17d2\u178b\u17b6\u1793\u17a2\u17ca\u17b8\u1798\u17c2\u179b\u178f\u17d2\u179a\u17b9\u1798\u178f\u17d2\u179a\u17bc\u179c\u1791\u17c1\u17d4 \u179f\u17bc\u1798\u1796\u17d2\u1799\u17b6\u1799\u17b6\u1798\u1798\u17d2\u178f\u1784\u1791\u17c0\u178f:","parse_mode":"HTML"}
[2026-02-10 02:59:48] Making curl request...
[2026-02-10 02:59:49] HTTP CODE: 200
[2026-02-10 02:59:49] RAW RESPONSE: {"ok":true,"result":{"message_id":77,"from":{"id":8415659161,"is_bot":true,"first_name":"ML Ticket","username":"ml_ticket_bot"},"chat":{"id":1448868935,"first_name":"Koun Srey Ya","username":"AhYaaaaaaaKH011","type":"private"},"date":1770692388,"text":"\u179c\u17b6\u1798\u17b7\u1793\u17a0\u17b6\u1780\u17cb\u178a\u17bc\u1785\u1787\u17b6\u17a2\u17b6\u179f\u17d0\u1799\u178a\u17d2\u178b\u17b6\u1793\u17a2\u17ca\u17b8\u1798\u17c2\u179b\u178f\u17d2\u179a\u17b9\u1798\u178f\u17d2\u179a\u17bc\u179c\u1791\
[2026-02-10 02:59:49] CURL ERROR: none
[2026-02-10 02:59:49] SUCCESS: sendMessage completed
==========
[2026-02-10 02:59:50] ========== REQUEST ==========
[2026-02-10 02:59:50] METHOD: sendMessage
[2026-02-10 02:59:50] URL: https://api.telegram.org/bot8415659161:AAFhCHpE_74h5bHbmk4ERUgrT2JtP-RQHXA/sendMessage
[2026-02-10 02:59:50] PARAMS: {"chat_id":1448868935,"text":"\u179c\u17b6\u1798\u17b7\u1793\u17a0\u17b6\u1780\u17cb\u178a\u17bc\u1785\u1787\u17b6\u17a2\u17b6\u179f\u17d0\u1799\u178a\u17d2\u178b\u17b6\u1793\u17a2\u17ca\u17b8\u1798\u17c2\u179b\u178f\u17d2\u179a\u17b9\u1798\u178f\u17d2\u179a\u17bc\u179c\u1791\u17c1\u17d4 \u179f\u17bc\u1798\u1796\u17d2\u1799\u17b6\u1799\u17b6\u1798\u1798\u17d2\u178f\u1784\u1791\u17c0\u178f:","parse_mode":"HTML"}
[2026-02-10 02:59:50] Making curl request...
[2026-02-10 02:59:51] HTTP CODE: 200
[2026-02-10 02:59:51] RAW RESPONSE: {"ok":true,"result":{"message_id":85,"from":{"id":8415659161,"is_bot":true,"first_name":"ML Ticket","username":"ml_ticket_bot"},"chat":{"id":1448868935,"first_name":"Koun Srey Ya","username":"AhYaaaaaaaKH011","type":"private"},"date":1770692391,"text":"\u179c\u17b6\u1798\u17b7\u1793\u17a0\u17b6\u1780\u17cb\u178a\u17bc\u1785\u1787\u17b6\u17a2\u17b6\u179f\u17d0\u1799\u178a\u17d2\u178b\u17b6\u1793\u17a2\u17ca\u17b8\u1798\u17c2\u179b\u178f\u17d2\u179a\u17b9\u1798\u178f\u17d2\u179a\u17bc\u179c\u1791\
[2026-02-10 02:59:51] CURL ERROR: none
[2026-02-10 02:59:51] SUCCESS: sendMessage completed
==========
[2026-02-10 02:59:52] ========== REQUEST ==========
[2026-02-10 02:59:52] METHOD: sendMessage
[2026-02-10 02:59:52] URL: https://api.telegram.org/bot8415659161:AAFhCHpE_74h5bHbmk4ERUgrT2JtP-RQHXA/sendMessage
[2026-02-10 02:59:52] PARAMS: {"chat_id":1448868935,"text":"\u179c\u17b6\u1798\u17b7\u1793\u17a0\u17b6\u1780\u17cb\u178a\u17bc\u1785\u1787\u17b6\u17a2\u17b6\u179f\u17d0\u1799\u178a\u17d2\u178b\u17b6\u1793\u17a2\u17ca\u17b8\u1798\u17c2\u179b\u178f\u17d2\u179a\u17b9\u1798\u178f\u17d2\u179a\u17bc\u179c\u1791\u17c1\u17d4 \u179f\u17bc\u1798\u1796\u17d2\u1799\u17b6\u1799\u17b6\u1798\u1798\u17d2\u178f\u1784\u1791\u17c0\u178f:","parse_mode":"HTML"}
[2026-02-10 02:59:52] Making curl request...
[2026-02-10 02:59:52] HTTP CODE: 200
[2026-02-10 02:59:52] RAW RESPONSE: {"ok":true,"result":{"message_id":88,"from":{"id":8415659161,"is_bot":true,"first_name":"ML Ticket","username":"ml_ticket_bot"},"chat":{"id":1448868935,"first_name":"Koun Srey Ya","username":"AhYaaaaaaaKH011","type":"private"},"date":1770692392,"text":"\u179c\u17b6\u1798\u17b7\u1793\u17a0\u17b6\u1780\u17cb\u178a\u17bc\u1785\u1787\u17b6\u17a2\u17b6\u179f\u17d0\u1799\u178a\u17d2\u178b\u17b6\u1793\u17a2\u17ca\u17b8\u1798\u17c2\u179b\u178f\u17d2\u179a\u17b9\u1798\u178f\u17d2\u179a\u17bc\u179c\u1791\
[2026-02-10 02:59:52] CURL ERROR: none
[2026-02-10 02:59:53] SUCCESS: sendMessage completed
==========
[2026-02-10 02:59:54] ========== REQUEST ==========
[2026-02-10 02:59:54] METHOD: sendMessage
[2026-02-10 02:59:54] URL: https://api.telegram.org/bot8415659161:AAFhCHpE_74h5bHbmk4ERUgrT2JtP-RQHXA/sendMessage
[2026-02-10 02:59:54] PARAMS: {"chat_id":1448868935,"text":"\u179c\u17b6\u1798\u17b7\u1793\u17a0\u17b6\u1780\u17cb\u178a\u17bc\u1785\u1787\u17b6\u17a2\u17b6\u179f\u17d0\u1799\u178a\u17d2\u178b\u17b6\u1793\u17a2\u17ca\u17b8\u1798\u17c2\u179b\u178f\u17d2\u179a\u17b9\u1798\u178f\u17d2\u179a\u17bc\u179c\u1791\u17c1\u17d4 \u179f\u17bc\u1798\u1796\u17d2\u1799\u17b6\u1799\u17b6\u1798\u1798\u17d2\u178f\u1784\u1791\u17c0\u178f:","parse_mode":"HTML"}
[2026-02-10 02:59:54] Making curl request...
[2026-02-10 02:59:55] HTTP CODE: 200
[2026-02-10 02:59:55] RAW RESPONSE: {"ok":true,"result":{"message_id":90,"from":{"id":8415659161,"is_bot":true,"first_name":"ML Ticket","username":"ml_ticket_bot"},"chat":{"id":1448868935,"first_name":"Koun Srey Ya","username":"AhYaaaaaaaKH011","type":"private"},"date":1770692395,"text":"\u179c\u17b6\u1798\u17b7\u1793\u17a0\u17b6\u1780\u17cb\u178a\u17bc\u1785\u1787\u17b6\u17a2\u17b6\u179f\u17d0\u1799\u178a\u17d2\u178b\u17b6\u1793\u17a2\u17ca\u17b8\u1798\u17c2\u179b\u178f\u17d2\u179a\u17b9\u1798\u178f\u17d2\u179a\u17bc\u179c\u1791\
[2026-02-10 02:59:55] CURL ERROR: none
[2026-02-10 02:59:55] SUCCESS: sendMessage completed
==========
[2026-02-10 02:59:56] ========== REQUEST ==========
[2026-02-10 02:59:56] METHOD: sendMessage
[2026-02-10 02:59:56] URL: https://api.telegram.org/bot8415659161:AAFhCHpE_74h5bHbmk4ERUgrT2JtP-RQHXA/sendMessage
[2026-02-10 02:59:56] PARAMS: {"chat_id":1448868935,"text":"\u179c\u17b6\u1798\u17b7\u1793\u17a0\u17b6\u1780\u17cb\u178a\u17bc\u1785\u1787\u17b6\u17a2\u17b6\u179f\u17d0\u1799\u178a\u17d2\u178b\u17b6\u1793\u17a2\u17ca\u17b8\u1798\u17c2\u179b\u178f\u17d2\u179a\u17b9\u1798\u178f\u17d2\u179a\u17bc\u179c\u1791\u17c1\u17d4 \u179f\u17bc\u1798\u1796\u17d2\u1799\u17b6\u1799\u17b6\u1798\u1798\u17d2\u178f\u1784\u1791\u17c0\u178f:","parse_mode":"HTML"}
[2026-02-10 02:59:56] Making curl request...
[2026-02-10 02:59:57] HTTP CODE: 200
[2026-02-10 02:59:57] RAW RESPONSE: {"ok":true,"result":{"message_id":92,"from":{"id":8415659161,"is_bot":true,"first_name":"ML Ticket","username":"ml_ticket_bot"},"chat":{"id":1448868935,"first_name":"Koun Srey Ya","username":"AhYaaaaaaaKH011","type":"private"},"date":1770692397,"text":"\u179c\u17b6\u1798\u17b7\u1793\u17a0\u17b6\u1780\u17cb\u178a\u17bc\u1785\u1787\u17b6\u17a2\u17b6\u179f\u17d0\u1799\u178a\u17d2\u178b\u17b6\u1793\u17a2\u17ca\u17b8\u1798\u17c2\u179b\u178f\u17d2\u179a\u17b9\u1798\u178f\u17d2\u179a\u17bc\u179c\u1791\
[2026-02-10 02:59:57] CURL ERROR: none
[2026-02-10 02:59:57] SUCCESS: sendMessage completed
==========
[2026-02-10 02:59:58] ========== REQUEST ==========
[2026-02-10 02:59:58] METHOD: sendMessage
[2026-02-10 02:59:58] URL: https://api.telegram.org/bot8415659161:AAFhCHpE_74h5bHbmk4ERUgrT2JtP-RQHXA/sendMessage
[2026-02-10 02:59:58] PARAMS: {"chat_id":1448868935,"text":"\u179c\u17b6\u1798\u17b7\u1793\u17a0\u17b6\u1780\u17cb\u178a\u17bc\u1785\u1787\u17b6\u17a2\u17b6\u179f\u17d0\u1799\u178a\u17d2\u178b\u17b6\u1793\u17a2\u17ca\u17b8\u1798\u17c2\u179b\u178f\u17d2\u179a\u17b9\u1798\u178f\u17d2\u179a\u17bc\u179c\u1791\u17c1\u17d4 \u179f\u17bc\u1798\u1796\u17d2\u1799\u17b6\u1799\u17b6\u1798\u1798\u17d2\u178f\u1784\u1791\u17c0\u178f:","parse_mode":"HTML"}
[2026-02-10 02:59:58] Making curl request...
[2026-02-10 02:59:59] HTTP CODE: 200
[2026-02-10 02:59:59] RAW RESPONSE: {"ok":true,"result":{"message_id":93,"from":{"id":8415659161,"is_bot":true,"first_name":"ML Ticket","username":"ml_ticket_bot"},"chat":{"id":1448868935,"first_name":"Koun Srey Ya","username":"AhYaaaaaaaKH011","type":"private"},"date":1770692398,"text":"\u179c\u17b6\u1798\u17b7\u1793\u17a0\u17b6\u1780\u17cb\u178a\u17bc\u1785\u1787\u17b6\u17a2\u17b6\u179f\u17d0\u1799\u178a\u17d2\u178b\u17b6\u1793\u17a2\u17ca\u17b8\u1798\u17c2\u179b\u178f\u17d2\u179a\u17b9\u1798\u178f\u17d2\u179a\u17bc\u179c\u1791\
[2026-02-10 02:59:59] CURL ERROR: none
[2026-02-10 02:59:59] SUCCESS: sendMessage completed
==========
[2026-02-10 03:00:00] ========== REQUEST ==========
[2026-02-10 03:00:00] METHOD: sendMessage
[2026-02-10 03:00:00] URL: https://api.telegram.org/bot8415659161:AAFhCHpE_74h5bHbmk4ERUgrT2JtP-RQHXA/sendMessage
[2026-02-10 03:00:00] PARAMS: {"chat_id":1448868935,"text":"\u179c\u17b6\u1798\u17b7\u1793\u17a0\u17b6\u1780\u17cb\u178a\u17bc\u1785\u1787\u17b6\u17a2\u17b6\u179f\u17d0\u1799\u178a\u17d2\u178b\u17b6\u1793\u17a2\u17ca\u17b8\u1798\u17c2\u179b\u178f\u17d2\u179a\u17b9\u1798\u178f\u17d2\u179a\u17bc\u179c\u1791\u17c1\u17d4 \u179f\u17bc\u1798\u1796\u17d2\u1799\u17b6\u1799\u17b6\u1798\u1798\u17d2\u178f\u1784\u1791\u17c0\u178f:","parse_mode":"HTML"}
[2026-02-10 03:00:00] Making curl request...
[2026-02-10 03:00:01] HTTP CODE: 200
[2026-02-10 03:00:01] RAW RESPONSE: {"ok":true,"result":{"message_id":94,"from":{"id":8415659161,"is_bot":true,"first_name":"ML Ticket","username":"ml_ticket_bot"},"chat":{"id":1448868935,"first_name":"Koun Srey Ya","username":"AhYaaaaaaaKH011","type":"private"},"date":1770692400,"text":"\u179c\u17b6\u1798\u17b7\u1793\u17a0\u17b6\u1780\u17cb\u178a\u17bc\u1785\u1787\u17b6\u17a2\u17b6\u179f\u17d0\u1799\u178a\u17d2\u178b\u17b6\u1793\u17a2\u17ca\u17b8\u1798\u17c2\u179b\u178f\u17d2\u179a\u17b9\u1798\u178f\u17d2\u179a\u17bc\u179c\u1791\
[2026-02-10 03:00:01] CURL ERROR: none
[2026-02-10 03:00:01] SUCCESS: sendMessage completed
==========
[2026-02-10 03:00:01] ========== REQUEST ==========
[2026-02-10 03:00:01] METHOD: sendMessage
[2026-02-10 03:00:01] URL: https://api.telegram.org/bot8415659161:AAFhCHpE_74h5bHbmk4ERUgrT2JtP-RQHXA/sendMessage
[2026-02-10 03:00:01] PARAMS: {"chat_id":1448868935,"text":"\u179c\u17b6\u1798\u17b7\u1793\u17a0\u17b6\u1780\u17cb\u178a\u17bc\u1785\u1787\u17b6\u17a2\u17b6\u179f\u17d0\u1799\u178a\u17d2\u178b\u17b6\u1793\u17a2\u17ca\u17b8\u1798\u17c2\u179b\u178f\u17d2\u179a\u17b9\u1798\u178f\u17d2\u179a\u17bc\u179c\u1791\u17c1\u17d4 \u179f\u17bc\u1798\u1796\u17d2\u1799\u17b6\u1799\u17b6\u1798\u1798\u17d2\u178f\u1784\u1791\u17c0\u178f:","parse_mode":"HTML"}
[2026-02-10 03:00:01] Making curl request...
[2026-02-10 03:00:02] HTTP CODE: 200
[2026-02-10 03:00:02] RAW RESPONSE: {"ok":true,"result":{"message_id":95,"from":{"id":8415659161,"is_bot":true,"first_name":"ML Ticket","username":"ml_ticket_bot"},"chat":{"id":1448868935,"first_name":"Koun Srey Ya","username":"AhYaaaaaaaKH011","type":"private"},"date":1770692402,"text":"\u179c\u17b6\u1798\u17b7\u1793\u17a0\u17b6\u1780\u17cb\u178a\u17bc\u1785\u1787\u17b6\u17a2\u17b6\u179f\u17d0\u1799\u178a\u17d2\u178b\u17b6\u1793\u17a2\u17ca\u17b8\u1798\u17c2\u179b\u178f\u17d2\u179a\u17b9\u1798\u178f\u17d2\u179a\u17bc\u179c\u1791\
[2026-02-10 03:00:02] CURL ERROR: none
[2026-02-10 03:00:02] SUCCESS: sendMessage completed
==========
[2026-02-10 03:00:04] ========== REQUEST ==========
[2026-02-10 03:00:04] METHOD: sendMessage
[2026-02-10 03:00:04] URL: https://api.telegram.org/bot8415659161:AAFhCHpE_74h5bHbmk4ERUgrT2JtP-RQHXA/sendMessage
[2026-02-10 03:00:04] PARAMS: {"chat_id":1448868935,"text":"\u179c\u17b6\u1798\u17b7\u1793\u17a0\u17b6\u1780\u17cb\u178a\u17bc\u1785\u1787\u17b6\u17a2\u17b6\u179f\u17d0\u1799\u178a\u17d2\u178b\u17b6\u1793\u17a2\u17ca\u17b8\u1798\u17c2\u179b\u178f\u17d2\u179a\u17b9\u1798\u178f\u17d2\u179a\u17bc\u179c\u1791\u17c1\u17d4 \u179f\u17bc\u1798\u1796\u17d2\u1799\u17b6\u1799\u17b6\u1798\u1798\u17d2\u178f\u1784\u1791\u17c0\u178f:","parse_mode":"HTML"}
[2026-02-10 03:00:04] Making curl request...
[2026-02-10 03:00:05] HTTP CODE: 200
[2026-02-10 03:00:05] RAW RESPONSE: {"ok":true,"result":{"message_id":96,"from":{"id":8415659161,"is_bot":true,"first_name":"ML Ticket","username":"ml_ticket_bot"},"chat":{"id":1448868935,"first_name":"Koun Srey Ya","username":"AhYaaaaaaaKH011","type":"private"},"date":1770692404,"text":"\u179c\u17b6\u1798\u17b7\u1793\u17a0\u17b6\u1780\u17cb\u178a\u17bc\u1785\u1787\u17b6\u17a2\u17b6\u179f\u17d0\u1799\u178a\u17d2\u178b\u17b6\u1793\u17a2\u17ca\u17b8\u1798\u17c2\u179b\u178f\u17d2\u179a\u17b9\u1798\u178f\u17d2\u179a\u17bc\u179c\u1791\
[2026-02-10 03:00:05] CURL ERROR: none
[2026-02-10 03:00:05] SUCCESS: sendMessage completed
==========
[2026-02-10 03:00:06] ========== REQUEST ==========
[2026-02-10 03:00:06] METHOD: sendMessage
[2026-02-10 03:00:06] URL: https://api.telegram.org/bot8415659161:AAFhCHpE_74h5bHbmk4ERUgrT2JtP-RQHXA/sendMessage
[2026-02-10 03:00:06] PARAMS: {"chat_id":1448868935,"text":"\u179c\u17b6\u1798\u17b7\u1793\u17a0\u17b6\u1780\u17cb\u178a\u17bc\u1785\u1787\u17b6\u17a2\u17b6\u179f\u17d0\u1799\u178a\u17d2\u178b\u17b6\u1793\u17a2\u17ca\u17b8\u1798\u17c2\u179b\u178f\u17d2\u179a\u17b9\u1798\u178f\u17d2\u179a\u17bc\u179c\u1791\u17c1\u17d4 \u179f\u17bc\u1798\u1796\u17d2\u1799\u17b6\u1799\u17b6\u1798\u1798\u17d2\u178f\u1784\u1791\u17c0\u178f:","parse_mode":"HTML"}
[2026-02-10 03:00:06] Making curl request...
[2026-02-10 03:00:07] HTTP CODE: 200
[2026-02-10 03:00:07] RAW RESPONSE: {"ok":true,"result":{"message_id":97,"from":{"id":8415659161,"is_bot":true,"first_name":"ML Ticket","username":"ml_ticket_bot"},"chat":{"id":1448868935,"first_name":"Koun Srey Ya","username":"AhYaaaaaaaKH011","type":"private"},"date":1770692407,"text":"\u179c\u17b6\u1798\u17b7\u1793\u17a0\u17b6\u1780\u17cb\u178a\u17bc\u1785\u1787\u17b6\u17a2\u17b6\u179f\u17d0\u1799\u178a\u17d2\u178b\u17b6\u1793\u17a2\u17ca\u17b8\u1798\u17c2\u179b\u178f\u17d2\u179a\u17b9\u1798\u178f\u17d2\u179a\u17bc\u179c\u1791\
[2026-02-10 03:00:07] CURL ERROR: none
[2026-02-10 03:00:07] SUCCESS: sendMessage completed
==========
[2026-02-10 03:00:08] ========== REQUEST ==========
[2026-02-10 03:00:08] METHOD: sendMessage
[2026-02-10 03:00:08] URL: https://api.telegram.org/bot8415659161:AAFhCHpE_74h5bHbmk4ERUgrT2JtP-RQHXA/sendMessage
[2026-02-10 03:00:08] PARAMS: {"chat_id":1448868935,"text":"\u179c\u17b6\u1798\u17b7\u1793\u17a0\u17b6\u1780\u17cb\u178a\u17bc\u1785\u1787\u17b6\u17a2\u17b6\u179f\u17d0\u1799\u178a\u17d2\u178b\u17b6\u1793\u17a2\u17ca\u17b8\u1798\u17c2\u179b\u178f\u17d2\u179a\u17b9\u1798\u178f\u17d2\u179a\u17bc\u179c\u1791\u17c1\u17d4 \u179f\u17bc\u1798\u1796\u17d2\u1799\u17b6\u1799\u17b6\u1798\u1798\u17d2\u178f\u1784\u1791\u17c0\u178f:","parse_mode":"HTML"}
[2026-02-10 03:00:08] Making curl request...
[2026-02-10 03:00:09] HTTP CODE: 200
[2026-02-10 03:00:09] RAW RESPONSE: {"ok":true,"result":{"message_id":98,"from":{"id":8415659161,"is_bot":true,"first_name":"ML Ticket","username":"ml_ticket_bot"},"chat":{"id":1448868935,"first_name":"Koun Srey Ya","username":"AhYaaaaaaaKH011","type":"private"},"date":1770692408,"text":"\u179c\u17b6\u1798\u17b7\u1793\u17a0\u17b6\u1780\u17cb\u178a\u17bc\u1785\u1787\u17b6\u17a2\u17b6\u179f\u17d0\u1799\u178a\u17d2\u178b\u17b6\u1793\u17a2\u17ca\u17b8\u1798\u17c2\u179b\u178f\u17d2\u179a\u17b9\u1798\u178f\u17d2\u179a\u17bc\u179c\u1791\
[2026-02-10 03:00:09] CURL ERROR: none
[2026-02-10 03:00:09] SUCCESS: sendMessage completed
==========
[2026-02-10 03:00:10] ========== REQUEST ==========
[2026-02-10 03:00:10] METHOD: sendMessage
[2026-02-10 03:00:10] URL: https://api.telegram.org/bot8415659161:AAFhCHpE_74h5bHbmk4ERUgrT2JtP-RQHXA/sendMessage
[2026-02-10 03:00:10] PARAMS: {"chat_id":1448868935,"text":"\u179c\u17b6\u1798\u17b7\u1793\u17a0\u17b6\u1780\u17cb\u178a\u17bc\u1785\u1787\u17b6\u17a2\u17b6\u179f\u17d0\u1799\u178a\u17d2\u178b\u17b6\u1793\u17a2\u17ca\u17b8\u1798\u17c2\u179b\u178f\u17d2\u179a\u17b9\u1798\u178f\u17d2\u179a\u17bc\u179c\u1791\u17c1\u17d4 \u179f\u17bc\u1798\u1796\u17d2\u1799\u17b6\u1799\u17b6\u1798\u1798\u17d2\u178f\u1784\u1791\u17c0\u178f:","parse_mode":"HTML"}
[2026-02-10 03:00:10] Making curl request...
[2026-02-10 03:00:11] HTTP CODE: 200
[2026-02-10 03:00:11] RAW RESPONSE: {"ok":true,"result":{"message_id":99,"from":{"id":8415659161,"is_bot":true,"first_name":"ML Ticket","username":"ml_ticket_bot"},"chat":{"id":1448868935,"first_name":"Koun Srey Ya","username":"AhYaaaaaaaKH011","type":"private"},"date":1770692411,"text":"\u179c\u17b6\u1798\u17b7\u1793\u17a0\u17b6\u1780\u17cb\u178a\u17bc\u1785\u1787\u17b6\u17a2\u17b6\u179f\u17d0\u1799\u178a\u17d2\u178b\u17b6\u1793\u17a2\u17ca\u17b8\u1798\u17c2\u179b\u178f\u17d2\u179a\u17b9\u1798\u178f\u17d2\u179a\u17bc\u179c\u1791\
[2026-02-10 03:00:11] CURL ERROR: none
[2026-02-10 03:00:11] SUCCESS: sendMessage completed
==========
[2026-02-10 03:00:12] ========== REQUEST ==========
[2026-02-10 03:00:12] METHOD: sendMessage
[2026-02-10 03:00:12] URL: https://api.telegram.org/bot8415659161:AAFhCHpE_74h5bHbmk4ERUgrT2JtP-RQHXA/sendMessage
[2026-02-10 03:00:12] PARAMS: {"chat_id":1448868935,"text":"\u179c\u17b6\u1798\u17b7\u1793\u17a0\u17b6\u1780\u17cb\u178a\u17bc\u1785\u1787\u17b6\u17a2\u17b6\u179f\u17d0\u1799\u178a\u17d2\u178b\u17b6\u1793\u17a2\u17ca\u17b8\u1798\u17c2\u179b\u178f\u17d2\u179a\u17b9\u1798\u178f\u17d2\u179a\u17bc\u179c\u1791\u17c1\u17d4 \u179f\u17bc\u1798\u1796\u17d2\u1799\u17b6\u1799\u17b6\u1798\u1798\u17d2\u178f\u1784\u1791\u17c0\u178f:","parse_mode":"HTML"}
[2026-02-10 03:00:12] Making curl request...
[2026-02-10 03:00:13] HTTP CODE: 200
[2026-02-10 03:00:13] RAW RESPONSE: {"ok":true,"result":{"message_id":100,"from":{"id":8415659161,"is_bot":true,"first_name":"ML Ticket","username":"ml_ticket_bot"},"chat":{"id":1448868935,"first_name":"Koun Srey Ya","username":"AhYaaaaaaaKH011","type":"private"},"date":1770692413,"text":"\u179c\u17b6\u1798\u17b7\u1793\u17a0\u17b6\u1780\u17cb\u178a\u17bc\u1785\u1787\u17b6\u17a2\u17b6\u179f\u17d0\u1799\u178a\u17d2\u178b\u17b6\u1793\u17a2\u17ca\u17b8\u1798\u17c2\u179b\u178f\u17d2\u179a\u17b9\u1798\u178f\u17d2\u179a\u17bc\u179c\u1791
[2026-02-10 03:00:13] CURL ERROR: none
[2026-02-10 03:00:13] SUCCESS: sendMessage completed
==========
[2026-02-10 03:00:14] ========== REQUEST ==========
[2026-02-10 03:00:14] METHOD: sendMessage
[2026-02-10 03:00:14] URL: https://api.telegram.org/bot8415659161:AAFhCHpE_74h5bHbmk4ERUgrT2JtP-RQHXA/sendMessage
[2026-02-10 03:00:14] PARAMS: {"chat_id":1448868935,"text":"\u179c\u17b6\u1798\u17b7\u1793\u17a0\u17b6\u1780\u17cb\u178a\u17bc\u1785\u1787\u17b6\u17a2\u17b6\u179f\u17d0\u1799\u178a\u17d2\u178b\u17b6\u1793\u17a2\u17ca\u17b8\u1798\u17c2\u179b\u178f\u17d2\u179a\u17b9\u1798\u178f\u17d2\u179a\u17bc\u179c\u1791\u17c1\u17d4 \u179f\u17bc\u1798\u1796\u17d2\u1799\u17b6\u1799\u17b6\u1798\u1798\u17d2\u178f\u1784\u1791\u17c0\u178f:","parse_mode":"HTML"}
[2026-02-10 03:00:14] Making curl request...
[2026-02-10 03:00:15] HTTP CODE: 200
[2026-02-10 03:00:15] RAW RESPONSE: {"ok":true,"result":{"message_id":101,"from":{"id":8415659161,"is_bot":true,"first_name":"ML Ticket","username":"ml_ticket_bot"},"chat":{"id":1448868935,"first_name":"Koun Srey Ya","username":"AhYaaaaaaaKH011","type":"private"},"date":1770692415,"text":"\u179c\u17b6\u1798\u17b7\u1793\u17a0\u17b6\u1780\u17cb\u178a\u17bc\u1785\u1787\u17b6\u17a2\u17b6\u179f\u17d0\u1799\u178a\u17d2\u178b\u17b6\u1793\u17a2\u17ca\u17b8\u1798\u17c2\u179b\u178f\u17d2\u179a\u17b9\u1798\u178f\u17d2\u179a\u17bc\u179c\u1791
[2026-02-10 03:00:15] CURL ERROR: none
[2026-02-10 03:00:15] SUCCESS: sendMessage completed
==========
[2026-02-10 03:18:19] ========== REQUEST ==========
[2026-02-10 03:18:19] METHOD: sendMessage
[2026-02-10 03:18:19] URL: https://api.telegram.org/bot8415659161:AAFhCHpE_74h5bHbmk4ERUgrT2JtP-RQHXA/sendMessage
[2026-02-10 03:18:19] PARAMS: {"chat_id":1448868935,"text":"\u179c\u17b6\u1798\u17b7\u1793\u17a0\u17b6\u1780\u17cb\u178a\u17bc\u1785\u1787\u17b6\u17a2\u17b6\u179f\u17d0\u1799\u178a\u17d2\u178b\u17b6\u1793\u17a2\u17ca\u17b8\u1798\u17c2\u179b\u178f\u17d2\u179a\u17b9\u1798\u178f\u17d2\u179a\u17bc\u179c\u1791\u17c1\u17d4 \u179f\u17bc\u1798\u1796\u17d2\u1799\u17b6\u1799\u17b6\u1798\u1798\u17d2\u178f\u1784\u1791\u17c0\u178f:","parse_mode":"HTML"}
[2026-02-10 03:18:19] Making curl request...
[2026-02-10 03:18:20] HTTP CODE: 200
[2026-02-10 03:18:20] RAW RESPONSE: {"ok":true,"result":{"message_id":106,"from":{"id":8415659161,"is_bot":true,"first_name":"ML Ticket","username":"ml_ticket_bot"},"chat":{"id":1448868935,"first_name":"Koun Srey Ya","username":"AhYaaaaaaaKH011","type":"private"},"date":1770693499,"text":"\u179c\u17b6\u1798\u17b7\u1793\u17a0\u17b6\u1780\u17cb\u178a\u17bc\u1785\u1787\u17b6\u17a2\u17b6\u179f\u17d0\u1799\u178a\u17d2\u178b\u17b6\u1793\u17a2\u17ca\u17b8\u1798\u17c2\u179b\u178f\u17d2\u179a\u17b9\u1798\u178f\u17d2\u179a\u17bc\u179c\u1791
[2026-02-10 03:18:20] CURL ERROR: none
[2026-02-10 03:18:20] SUCCESS: sendMessage completed
==========
[2026-02-10 03:18:20] ========== REQUEST ==========
[2026-02-10 03:18:20] METHOD: sendMessage
[2026-02-10 03:18:20] URL: https://api.telegram.org/bot8415659161:AAFhCHpE_74h5bHbmk4ERUgrT2JtP-RQHXA/sendMessage
[2026-02-10 03:18:20] PARAMS: {"chat_id":1448868935,"text":"\u179c\u17b6\u1798\u17b7\u1793\u17a0\u17b6\u1780\u17cb\u178a\u17bc\u1785\u1787\u17b6\u17a2\u17b6\u179f\u17d0\u1799\u178a\u17d2\u178b\u17b6\u1793\u17a2\u17ca\u17b8\u1798\u17c2\u179b\u178f\u17d2\u179a\u17b9\u1798\u178f\u17d2\u179a\u17bc\u179c\u1791\u17c1\u17d4 \u179f\u17bc\u1798\u1796\u17d2\u1799\u17b6\u1799\u17b6\u1798\u1798\u17d2\u178f\u1784\u1791\u17c0\u178f:","parse_mode":"HTML"}
[2026-02-10 03:18:20] Making curl request...
[2026-02-10 03:18:21] HTTP CODE: 200
[2026-02-10 03:18:21] RAW RESPONSE: {"ok":true,"result":{"message_id":107,"from":{"id":8415659161,"is_bot":true,"first_name":"ML Ticket","username":"ml_ticket_bot"},"chat":{"id":1448868935,"first_name":"Koun Srey Ya","username":"AhYaaaaaaaKH011","type":"private"},"date":1770693501,"text":"\u179c\u17b6\u1798\u17b7\u1793\u17a0\u17b6\u1780\u17cb\u178a\u17bc\u1785\u1787\u17b6\u17a2\u17b6\u179f\u17d0\u1799\u178a\u17d2\u178b\u17b6\u1793\u17a2\u17ca\u17b8\u1798\u17c2\u179b\u178f\u17d2\u179a\u17b9\u1798\u178f\u17d2\u179a\u17bc\u179c\u1791
[2026-02-10 03:18:21] CURL ERROR: none
[2026-02-10 03:18:21] SUCCESS: sendMessage completed
==========
[2026-02-10 03:18:22] ========== REQUEST ==========
[2026-02-10 03:18:22] METHOD: sendMessage
[2026-02-10 03:18:22] URL: https://api.telegram.org/bot8415659161:AAFhCHpE_74h5bHbmk4ERUgrT2JtP-RQHXA/sendMessage
[2026-02-10 03:18:22] PARAMS: {"chat_id":1448868935,"text":"\u179c\u17b6\u1798\u17b7\u1793\u17a0\u17b6\u1780\u17cb\u178a\u17bc\u1785\u1787\u17b6\u17a2\u17b6\u179f\u17d0\u1799\u178a\u17d2\u178b\u17b6\u1793\u17a2\u17ca\u17b8\u1798\u17c2\u179b\u178f\u17d2\u179a\u17b9\u1798\u178f\u17d2\u179a\u17bc\u179c\u1791\u17c1\u17d4 \u179f\u17bc\u1798\u1796\u17d2\u1799\u17b6\u1799\u17b6\u1798\u1798\u17d2\u178f\u1784\u1791\u17c0\u178f:","parse_mode":"HTML"}
[2026-02-10 03:18:22] Making curl request...
[2026-02-10 03:18:23] HTTP CODE: 200
[2026-02-10 03:18:23] RAW RESPONSE: {"ok":true,"result":{"message_id":108,"from":{"id":8415659161,"is_bot":true,"first_name":"ML Ticket","username":"ml_ticket_bot"},"chat":{"id":1448868935,"first_name":"Koun Srey Ya","username":"AhYaaaaaaaKH011","type":"private"},"date":1770693502,"text":"\u179c\u17b6\u1798\u17b7\u1793\u17a0\u17b6\u1780\u17cb\u178a\u17bc\u1785\u1787\u17b6\u17a2\u17b6\u179f\u17d0\u1799\u178a\u17d2\u178b\u17b6\u1793\u17a2\u17ca\u17b8\u1798\u17c2\u179b\u178f\u17d2\u179a\u17b9\u1798\u178f\u17d2\u179a\u17bc\u179c\u1791
[2026-02-10 03:18:23] CURL ERROR: none
[2026-02-10 03:18:23] SUCCESS: sendMessage completed
==========
[2026-02-10 03:18:23] ========== REQUEST ==========
[2026-02-10 03:18:23] METHOD: sendMessage
[2026-02-10 03:18:23] URL: https://api.telegram.org/bot8415659161:AAFhCHpE_74h5bHbmk4ERUgrT2JtP-RQHXA/sendMessage
[2026-02-10 03:18:23] PARAMS: {"chat_id":1448868935,"text":"\u179c\u17b6\u1798\u17b7\u1793\u17a0\u17b6\u1780\u17cb\u178a\u17bc\u1785\u1787\u17b6\u17a2\u17b6\u179f\u17d0\u1799\u178a\u17d2\u178b\u17b6\u1793\u17a2\u17ca\u17b8\u1798\u17c2\u179b\u178f\u17d2\u179a\u17b9\u1798\u178f\u17d2\u179a\u17bc\u179c\u1791\u17c1\u17d4 \u179f\u17bc\u1798\u1796\u17d2\u1799\u17b6\u1799\u17b6\u1798\u1798\u17d2\u178f\u1784\u1791\u17c0\u178f:","parse_mode":"HTML"}
[2026-02-10 03:18:23] Making curl request...
[2026-02-10 03:18:24] HTTP CODE: 200
[2026-02-10 03:18:24] RAW RESPONSE: {"ok":true,"result":{"message_id":109,"from":{"id":8415659161,"is_bot":true,"first_name":"ML Ticket","username":"ml_ticket_bot"},"chat":{"id":1448868935,"first_name":"Koun Srey Ya","username":"AhYaaaaaaaKH011","type":"private"},"date":1770693504,"text":"\u179c\u17b6\u1798\u17b7\u1793\u17a0\u17b6\u1780\u17cb\u178a\u17bc\u1785\u1787\u17b6\u17a2\u17b6\u179f\u17d0\u1799\u178a\u17d2\u178b\u17b6\u1793\u17a2\u17ca\u17b8\u1798\u17c2\u179b\u178f\u17d2\u179a\u17b9\u1798\u178f\u17d2\u179a\u17bc\u179c\u1791
[2026-02-10 03:18:24] CURL ERROR: none
[2026-02-10 03:18:24] SUCCESS: sendMessage completed
==========
[2026-02-10 10:15:25] ========== REQUEST ==========
[2026-02-10 10:15:25] METHOD: sendMessage
[2026-02-10 10:15:25] URL: https://api.telegram.org/bot8415659161:AAFhCHpE_74h5bHbmk4ERUgrT2JtP-RQHXA/sendMessage
[2026-02-10 10:15:25] PARAMS: {"chat_id":-5161228600,"text":"\u1781\u17d2\u1789\u17bb\u17c6\u1798\u17b7\u1793\u1799\u179b\u17cb\u178a\u17c2\u179b\u1793\u17c4\u17c7\u1791\u17c1\u17d4 \u1794\u17d2\u179a\u17be \/help \u178a\u17be\u1798\u17d2\u1794\u17b8\u1798\u17be\u179b\u1796\u17b6\u1780\u17d2\u1799\u1794\u1789\u17d2\u1787\u17b6\u178a\u17c2\u179b\u1798\u17b6\u1793\u17d4","parse_mode":"HTML"}
[2026-02-10 10:15:25] Making curl request...
[2026-02-10 10:15:26] HTTP CODE: 403
[2026-02-10 10:15:26] RAW RESPONSE: {"ok":false,"error_code":403,"description":"Forbidden: bot was kicked from the group chat"}
[2026-02-10 10:15:26] CURL ERROR: none
[2026-02-10 10:15:26] API ERROR: Forbidden: bot was kicked from the group chat
==========
[2026-02-11 08:13:37] ========== REQUEST ==========
[2026-02-11 08:13:37] METHOD: sendMessage
[2026-02-11 08:13:37] URL: https://api.telegram.org/bot8415659161:AAFhCHpE_74h5bHbmk4ERUgrT2JtP-RQHXA/sendMessage
[2026-02-11 08:13:37] PARAMS: {"chat_id":-5161228600,"text":"\ud83d\udcac <b>New Customer Reply<\/b>\n\ud83c\udd94 <b>Ticket:<\/b> #TKT-000005\n\ud83d\udcdd <b>Subject:<\/b> sage 300 black screen\n\ud83d\udccc <b>Status:<\/b> Open\n\ud83d\udea6 <b>Priority:<\/b> Medium\n\ud83d\udc64 <b>Requester:<\/b> Hay Kongmeng - \u17a0\u17c3 \u1782\u1784\u17cb\u1798\u17c9\u17c1\u1784 (hkongmeng@gmail.com)\n\ud83c\udfaf <b>Assigned to:<\/b> Admin User\n\u2709\ufe0f <b>Message:<\/b> test\n\ud83d\udd17 <b>Link:<\/b> https:\/\/harmonistic-imaginary-luanne.ngrok-free.dev\/tickets\/5","parse_mode":"HTML"}
[2026-02-11 08:13:37] Making curl request...
[2026-02-11 08:13:38] HTTP CODE: 403
[2026-02-11 08:13:38] RAW RESPONSE: {"ok":false,"error_code":403,"description":"Forbidden: bot was kicked from the group chat"}
[2026-02-11 08:13:38] CURL ERROR: none
[2026-02-11 08:13:38] API ERROR: Forbidden: bot was kicked from the group chat
==========
[2026-02-11 08:13:52] ========== REQUEST ==========
[2026-02-11 08:13:52] METHOD: sendMessage
[2026-02-11 08:13:52] URL: https://api.telegram.org/bot8415659161:AAFhCHpE_74h5bHbmk4ERUgrT2JtP-RQHXA/sendMessage
[2026-02-11 08:13:52] PARAMS: {"chat_id":-5161228600,"text":"\ud83d\udcac <b>New Customer Reply<\/b>\n\ud83c\udd94 <b>Ticket:<\/b> #TKT-000005\n\ud83d\udcdd <b>Subject:<\/b> sage 300 black screen\n\ud83d\udccc <b>Status:<\/b> Open\n\ud83d\udea6 <b>Priority:<\/b> Medium\n\ud83d\udc64 <b>Requester:<\/b> Hay Kongmeng - \u17a0\u17c3 \u1782\u1784\u17cb\u1798\u17c9\u17c1\u1784 (hkongmeng@gmail.com)\n\ud83c\udfaf <b>Assigned to:<\/b> Admin User\n\u2709\ufe0f <b>Message:<\/b> test\n\ud83d\udd17 <b>Link:<\/b> https:\/\/harmonistic-imaginary-luanne.ngrok-free.dev\/tickets\/5","parse_mode":"HTML"}
[2026-02-11 08:13:52] Making curl request...
[2026-02-11 08:13:53] HTTP CODE: 403
[2026-02-11 08:13:53] RAW RESPONSE: {"ok":false,"error_code":403,"description":"Forbidden: bot was kicked from the group chat"}
[2026-02-11 08:13:53] CURL ERROR: none
[2026-02-11 08:13:53] API ERROR: Forbidden: bot was kicked from the group chat
==========
[2026-02-11 08:22:39] ========== REQUEST ==========
[2026-02-11 08:22:39] METHOD: sendMessage
[2026-02-11 08:22:39] URL: https://api.telegram.org/bot8415659161:AAFhCHpE_74h5bHbmk4ERUgrT2JtP-RQHXA/sendMessage
[2026-02-11 08:22:39] PARAMS: {"chat_id":768732984,"text":"welcome\n\n\u179f\u17bc\u1798\u179f\u17d2\u179c\u17b6\u1782\u1798\u1793\u17cd, <b>Hay Kongmeng - \u17a0\u17c3 \u1782\u1784\u17cb\u1798\u17c9\u17c1\u1784<\/b>! \u1782\u178e\u1793\u17b8\u179a\u1794\u179f\u17cb\u17a2\u17d2\u1793\u1780\u1794\u17b6\u1793\u178f\u1797\u17d2\u1787\u17b6\u1794\u17cb\u179a\u17bd\u1785\u17a0\u17be\u1799\u17d4\n\n\u1785\u17bb\u1785\u1794\u17ca\u17bc\u178f\u17bb\u1784\u1781\u17b6\u1784\u1780\u17d2\u179a\u17c4\u1798 \u178a\u17be\u1798\u17d2\u1794\u17b8\u1794\u17be\u1780\u1780\u1798\u17d2\u1798\u179c\u17b7\u1792\u17b8 \u17ac\u1794\u17d2\u179a\u17be \/help \u178a\u17be\u1798\u17d2\u1794\u17b8\u1798\u17be\u179b\u1796\u17b6\u1780\u17d2\u1799\u1794\u1789\u17d2\u1787\u17b6\u17d4","parse_mode":"HTML","reply_markup":"{\"inline_keyboard\":[[{\"text\":\"\\ud83d\\ude80 \\u1794\\u17be\\u1780\\u1780\\u1798\\u17d2\\u1798\\u179c\\u17b7\\u1792\\u17b8\",\"web_app\":{\"url\":\"https:\\\/\\\/ticket.providawater.com\\\/telegram-app.html\"}}]]}"}
[2026-02-11 08:22:39] Making curl request...
[2026-02-11 08:22:40] HTTP CODE: 200
[2026-02-11 08:22:40] RAW RESPONSE: {"ok":true,"result":{"message_id":114,"from":{"id":8415659161,"is_bot":true,"first_name":"ML Ticket","username":"ml_ticket_bot"},"chat":{"id":768732984,"first_name":"Hay Kongmeng -","last_name":"\u17a0\u17c3 \u1782\u1784\u17cb\u1798\u17c9\u17c1\u1784","username":"KongMeng_Hay","type":"private"},"date":1770798159,"text":"welcome\n\n\u179f\u17bc\u1798\u179f\u17d2\u179c\u17b6\u1782\u1798\u1793\u17cd, Hay Kongmeng - \u17a0\u17c3 \u1782\u1784\u17cb\u1798\u17c9\u17c1\u1784! \u1782\u178e\u1793\u17b8\u1
[2026-02-11 08:22:40] CURL ERROR: none
[2026-02-11 08:22:40] SUCCESS: sendMessage completed
==========
[2026-02-11 08:22:41] ========== REQUEST ==========
[2026-02-11 08:22:41] METHOD: sendMessage
[2026-02-11 08:22:41] URL: https://api.telegram.org/bot8415659161:AAFhCHpE_74h5bHbmk4ERUgrT2JtP-RQHXA/sendMessage
[2026-02-11 08:22:41] PARAMS: {"chat_id":768732984,"text":"welcome\n\n\u179f\u17bc\u1798\u179f\u17d2\u179c\u17b6\u1782\u1798\u1793\u17cd, <b>Hay Kongmeng - \u17a0\u17c3 \u1782\u1784\u17cb\u1798\u17c9\u17c1\u1784<\/b>! \u1782\u178e\u1793\u17b8\u179a\u1794\u179f\u17cb\u17a2\u17d2\u1793\u1780\u1794\u17b6\u1793\u178f\u1797\u17d2\u1787\u17b6\u1794\u17cb\u179a\u17bd\u1785\u17a0\u17be\u1799\u17d4\n\n\u1785\u17bb\u1785\u1794\u17ca\u17bc\u178f\u17bb\u1784\u1781\u17b6\u1784\u1780\u17d2\u179a\u17c4\u1798 \u178a\u17be\u1798\u17d2\u1794\u17b8\u1794\u17be\u1780\u1780\u1798\u17d2\u1798\u179c\u17b7\u1792\u17b8 \u17ac\u1794\u17d2\u179a\u17be \/help \u178a\u17be\u1798\u17d2\u1794\u17b8\u1798\u17be\u179b\u1796\u17b6\u1780\u17d2\u1799\u1794\u1789\u17d2\u1787\u17b6\u17d4","parse_mode":"HTML","reply_markup":"{\"inline_keyboard\":[[{\"text\":\"\\ud83d\\ude80 \\u1794\\u17be\\u1780\\u1780\\u1798\\u17d2\\u1798\\u179c\\u17b7\\u1792\\u17b8\",\"web_app\":{\"url\":\"https:\\\/\\\/ticket.providawater.com\\\/telegram-app.html\"}}]]}"}
[2026-02-11 08:22:41] Making curl request...
[2026-02-11 08:22:42] HTTP CODE: 200
[2026-02-11 08:22:42] RAW RESPONSE: {"ok":true,"result":{"message_id":115,"from":{"id":8415659161,"is_bot":true,"first_name":"ML Ticket","username":"ml_ticket_bot"},"chat":{"id":768732984,"first_name":"Hay Kongmeng -","last_name":"\u17a0\u17c3 \u1782\u1784\u17cb\u1798\u17c9\u17c1\u1784","username":"KongMeng_Hay","type":"private"},"date":1770798162,"text":"welcome\n\n\u179f\u17bc\u1798\u179f\u17d2\u179c\u17b6\u1782\u1798\u1793\u17cd, Hay Kongmeng - \u17a0\u17c3 \u1782\u1784\u17cb\u1798\u17c9\u17c1\u1784! \u1782\u178e\u1793\u17b8\u1
[2026-02-11 08:22:42] CURL ERROR: none
[2026-02-11 08:22:42] SUCCESS: sendMessage completed
==========
[2026-02-11 08:22:43] ========== REQUEST ==========
[2026-02-11 08:22:43] METHOD: sendMessage
[2026-02-11 08:22:43] URL: https://api.telegram.org/bot8415659161:AAFhCHpE_74h5bHbmk4ERUgrT2JtP-RQHXA/sendMessage
[2026-02-11 08:22:43] PARAMS: {"chat_id":768732984,"text":"welcome\n\n\u179f\u17bc\u1798\u179f\u17d2\u179c\u17b6\u1782\u1798\u1793\u17cd, <b>Hay Kongmeng - \u17a0\u17c3 \u1782\u1784\u17cb\u1798\u17c9\u17c1\u1784<\/b>! \u1782\u178e\u1793\u17b8\u179a\u1794\u179f\u17cb\u17a2\u17d2\u1793\u1780\u1794\u17b6\u1793\u178f\u1797\u17d2\u1787\u17b6\u1794\u17cb\u179a\u17bd\u1785\u17a0\u17be\u1799\u17d4\n\n\u1785\u17bb\u1785\u1794\u17ca\u17bc\u178f\u17bb\u1784\u1781\u17b6\u1784\u1780\u17d2\u179a\u17c4\u1798 \u178a\u17be\u1798\u17d2\u1794\u17b8\u1794\u17be\u1780\u1780\u1798\u17d2\u1798\u179c\u17b7\u1792\u17b8 \u17ac\u1794\u17d2\u179a\u17be \/help \u178a\u17be\u1798\u17d2\u1794\u17b8\u1798\u17be\u179b\u1796\u17b6\u1780\u17d2\u1799\u1794\u1789\u17d2\u1787\u17b6\u17d4","parse_mode":"HTML","reply_markup":"{\"inline_keyboard\":[[{\"text\":\"\\ud83d\\ude80 \\u1794\\u17be\\u1780\\u1780\\u1798\\u17d2\\u1798\\u179c\\u17b7\\u1792\\u17b8\",\"web_app\":{\"url\":\"https:\\\/\\\/ticket.providawater.com\\\/telegram-app.html\"}}]]}"}
[2026-02-11 08:22:43] Making curl request...
[2026-02-11 08:22:44] HTTP CODE: 200
[2026-02-11 08:22:44] RAW RESPONSE: {"ok":true,"result":{"message_id":116,"from":{"id":8415659161,"is_bot":true,"first_name":"ML Ticket","username":"ml_ticket_bot"},"chat":{"id":768732984,"first_name":"Hay Kongmeng -","last_name":"\u17a0\u17c3 \u1782\u1784\u17cb\u1798\u17c9\u17c1\u1784","username":"KongMeng_Hay","type":"private"},"date":1770798164,"text":"welcome\n\n\u179f\u17bc\u1798\u179f\u17d2\u179c\u17b6\u1782\u1798\u1793\u17cd, Hay Kongmeng - \u17a0\u17c3 \u1782\u1784\u17cb\u1798\u17c9\u17c1\u1784! \u1782\u178e\u1793\u17b8\u1
[2026-02-11 08:22:44] CURL ERROR: none
[2026-02-11 08:22:44] SUCCESS: sendMessage completed
==========
[2026-02-11 08:23:41] ========== REQUEST ==========
[2026-02-11 08:23:41] METHOD: sendMessage
[2026-02-11 08:23:41] URL: https://api.telegram.org/bot8415659161:AAFhCHpE_74h5bHbmk4ERUgrT2JtP-RQHXA/sendMessage
[2026-02-11 08:23:41] PARAMS: {"chat_id":768732984,"text":"welcome\n\n\u179f\u17bc\u1798\u179f\u17d2\u179c\u17b6\u1782\u1798\u1793\u17cd, <b>Hay Kongmeng - \u17a0\u17c3 \u1782\u1784\u17cb\u1798\u17c9\u17c1\u1784<\/b>! \u1782\u178e\u1793\u17b8\u179a\u1794\u179f\u17cb\u17a2\u17d2\u1793\u1780\u1794\u17b6\u1793\u178f\u1797\u17d2\u1787\u17b6\u1794\u17cb\u179a\u17bd\u1785\u17a0\u17be\u1799\u17d4\n\n\u1785\u17bb\u1785\u1794\u17ca\u17bc\u178f\u17bb\u1784\u1781\u17b6\u1784\u1780\u17d2\u179a\u17c4\u1798 \u178a\u17be\u1798\u17d2\u1794\u17b8\u1794\u17be\u1780\u1780\u1798\u17d2\u1798\u179c\u17b7\u1792\u17b8 \u17ac\u1794\u17d2\u179a\u17be \/help \u178a\u17be\u1798\u17d2\u1794\u17b8\u1798\u17be\u179b\u1796\u17b6\u1780\u17d2\u1799\u1794\u1789\u17d2\u1787\u17b6\u17d4","parse_mode":"HTML","reply_markup":"{\"inline_keyboard\":[[{\"text\":\"\\ud83d\\ude80 \\u1794\\u17be\\u1780\\u1780\\u1798\\u17d2\\u1798\\u179c\\u17b7\\u1792\\u17b8\",\"web_app\":{\"url\":\"https:\\\/\\\/ticket.providawater.com\\\/telegram-app.html\"}}]]}"}
[2026-02-11 08:23:41] Making curl request...
[2026-02-11 08:23:43] HTTP CODE: 200
[2026-02-11 08:23:43] RAW RESPONSE: {"ok":true,"result":{"message_id":118,"from":{"id":8415659161,"is_bot":true,"first_name":"ML Ticket","username":"ml_ticket_bot"},"chat":{"id":768732984,"first_name":"Hay Kongmeng -","last_name":"\u17a0\u17c3 \u1782\u1784\u17cb\u1798\u17c9\u17c1\u1784","username":"KongMeng_Hay","type":"private"},"date":1770798222,"text":"welcome\n\n\u179f\u17bc\u1798\u179f\u17d2\u179c\u17b6\u1782\u1798\u1793\u17cd, Hay Kongmeng - \u17a0\u17c3 \u1782\u1784\u17cb\u1798\u17c9\u17c1\u1784! \u1782\u178e\u1793\u17b8\u1
[2026-02-11 08:23:43] CURL ERROR: none
[2026-02-11 08:23:43] SUCCESS: sendMessage completed
==========
[2026-02-11 09:43:18] ========== REQUEST ==========
[2026-02-11 09:43:18] METHOD: sendMessage
[2026-02-11 09:43:18] URL: https://api.telegram.org/bot8415659161:AAFhCHpE_74h5bHbmk4ERUgrT2JtP-RQHXA/sendMessage
[2026-02-11 09:43:18] PARAMS: {"chat_id":768732984,"text":"<b>\u1796\u17b6\u1780\u17d2\u1799\u1794\u1789\u17d2\u1787\u17b6\u178a\u17c2\u179b\u1798\u17b6\u1793<\/b>\n\n\/start - \u1785\u17b6\u1794\u17cb\u1795\u17d2\u178f\u17be\u1798\u1798\u17c9\u17b6\u179f\u17ca\u17b8\u1793\u1794\u1784\u17d2\u1782\u17b6\u1794\u17cb\n\/link - \u1797\u17d2\u1787\u17b6\u1794\u17cb\u1782\u178e\u1793\u17b8\u17a2\u17ca\u17b8\u1798\u17c2\u179b\u179a\u1794\u179f\u17cb\u17a2\u17d2\u1793\u1780\n\/newticket - \u1794\u1784\u17d2\u1780\u17be\u178f\u179f\u17c6\u178e\u17be\u179f\u17bb\u17c6\u1787\u17c6\u1793\u17bd\u1799\u1782\u17b6\u17c6\u1791\u17d2\u179a\u1790\u17d2\u1798\u17b8\n\/mytickets - \u1798\u17be\u179b\u179f\u17c6\u178e\u17be\u179f\u17bb\u17c6\u1787\u17c6\u1793\u17bd\u1799\u1782\u17b6\u17c6\u1791\u17d2\u179a\u1794\u179f\u17cb\u17a2\u17d2\u1793\u1780\n\/status [ticket#] - \u1796\u17b7\u1793\u17b7\u178f\u17d2\u1799\u179b\u1780\u17d2\u1781\u1781\u17d0\u178e\u17d2\u178c\u179f\u17c6\u178e\u17be\u179f\u17bb\u17c6\u1787\u17c6\u1793\u17bd\u1799\n\/help - \u1794\u1784\u17d2\u17a0\u17b6\u1789\u179f\u17b6\u179a\u179b\u1798\u17d2\u17a2\u17b7\u178f\u1793\u17c1\u17c7","parse_mode":"HTML"}
[2026-02-11 09:43:18] Making curl request...
[2026-02-11 09:43:19] HTTP CODE: 200
[2026-02-11 09:43:19] RAW RESPONSE: {"ok":true,"result":{"message_id":120,"from":{"id":8415659161,"is_bot":true,"first_name":"ML Ticket","username":"ml_ticket_bot"},"chat":{"id":768732984,"first_name":"Hay Kongmeng -","last_name":"\u17a0\u17c3 \u1782\u1784\u17cb\u1798\u17c9\u17c1\u1784","username":"KongMeng_Hay","type":"private"},"date":1770802999,"text":"\u1796\u17b6\u1780\u17d2\u1799\u1794\u1789\u17d2\u1787\u17b6\u178a\u17c2\u179b\u1798\u17b6\u1793\n\n/start - \u1785\u17b6\u1794\u17cb\u1795\u17d2\u178f\u17be\u1798\u1798\u17c9\u1
[2026-02-11 09:43:19] CURL ERROR: none
[2026-02-11 09:43:19] SUCCESS: sendMessage completed
==========
[2026-02-11 09:43:22] ========== REQUEST ==========
[2026-02-11 09:43:22] METHOD: sendMessage
[2026-02-11 09:43:22] URL: https://api.telegram.org/bot8415659161:AAFhCHpE_74h5bHbmk4ERUgrT2JtP-RQHXA/sendMessage
[2026-02-11 09:43:22] PARAMS: {"chat_id":768732984,"text":"<b>Your Tickets<\/b>\n\n#TKT-000005 - Open\nsage 300 black screen\n\n","parse_mode":"HTML","reply_markup":"{\"inline_keyboard\":[[{\"text\":\"#TKT-000005 - Open\",\"callback_data\":\"view_ticket:5\"}]]}"}
[2026-02-11 09:43:22] Making curl request...
[2026-02-11 09:43:23] HTTP CODE: 200
[2026-02-11 09:43:23] RAW RESPONSE: {"ok":true,"result":{"message_id":122,"from":{"id":8415659161,"is_bot":true,"first_name":"ML Ticket","username":"ml_ticket_bot"},"chat":{"id":768732984,"first_name":"Hay Kongmeng -","last_name":"\u17a0\u17c3 \u1782\u1784\u17cb\u1798\u17c9\u17c1\u1784","username":"KongMeng_Hay","type":"private"},"date":1770803002,"text":"Your Tickets\n\n#TKT-000005 - Open\nsage 300 black screen","entities":[{"offset":0,"length":12,"type":"bold"},{"offset":14,"length":4,"type":"hashtag"}],"reply_markup":{"inline_k
[2026-02-11 09:43:23] CURL ERROR: none
[2026-02-11 09:43:23] SUCCESS: sendMessage completed
==========
[2026-02-11 09:43:26] ========== REQUEST ==========
[2026-02-11 09:43:26] METHOD: answerCallbackQuery
[2026-02-11 09:43:26] URL: https://api.telegram.org/bot8415659161:AAFhCHpE_74h5bHbmk4ERUgrT2JtP-RQHXA/answerCallbackQuery
[2026-02-11 09:43:26] PARAMS: {"callback_query_id":"3301683025947831018","text":"","show_alert":false}
[2026-02-11 09:43:26] Making curl request...
[2026-02-11 09:43:27] HTTP CODE: 200
[2026-02-11 09:43:27] RAW RESPONSE: {"ok":true,"result":true}
[2026-02-11 09:43:27] CURL ERROR: none
[2026-02-11 09:43:27] SUCCESS: answerCallbackQuery completed
==========
[2026-02-11 09:43:27] ========== REQUEST ==========
[2026-02-11 09:43:27] METHOD: sendMessage
[2026-02-11 09:43:27] URL: https://api.telegram.org/bot8415659161:AAFhCHpE_74h5bHbmk4ERUgrT2JtP-RQHXA/sendMessage
[2026-02-11 09:43:27] PARAMS: {"chat_id":768732984,"text":"<b>Ticket #TKT-000005<\/b>\n\n<b>Subject:<\/b> sage 300 black screen\n<b>Status:<\/b> Open\n<b>Priority:<\/b> Medium\n<b>Created:<\/b> Feb 10, 2026 2:39 AM\n\n<b>Description:<\/b>\nsage 300 black screen\n\n<b>Latest Reply (You):<\/b>\ntest","parse_mode":"HTML","reply_markup":"{\"inline_keyboard\":[[{\"text\":\"Reply\",\"callback_data\":\"reply_ticket:5\"}]]}"}
[2026-02-11 09:43:27] Making curl request...
[2026-02-11 09:43:28] HTTP CODE: 200
[2026-02-11 09:43:28] RAW RESPONSE: {"ok":true,"result":{"message_id":123,"from":{"id":8415659161,"is_bot":true,"first_name":"ML Ticket","username":"ml_ticket_bot"},"chat":{"id":768732984,"first_name":"Hay Kongmeng -","last_name":"\u17a0\u17c3 \u1782\u1784\u17cb\u1798\u17c9\u17c1\u1784","username":"KongMeng_Hay","type":"private"},"date":1770803007,"text":"Ticket #TKT-000005\n\nSubject: sage 300 black screen\nStatus: Open\nPriority: Medium\nCreated: Feb 10, 2026 2:39 AM\n\nDescription:\nsage 300 black screen\n\nLatest Reply (You):\
[2026-02-11 09:43:28] CURL ERROR: none
[2026-02-11 09:43:28] SUCCESS: sendMessage completed
==========
[2026-02-11 09:43:30] ========== REQUEST ==========
[2026-02-11 09:43:30] METHOD: answerCallbackQuery
[2026-02-11 09:43:30] URL: https://api.telegram.org/bot8415659161:AAFhCHpE_74h5bHbmk4ERUgrT2JtP-RQHXA/answerCallbackQuery
[2026-02-11 09:43:30] PARAMS: {"callback_query_id":"3301683027843697409","text":"","show_alert":false}
[2026-02-11 09:43:30] Making curl request...
[2026-02-11 09:43:31] HTTP CODE: 200
[2026-02-11 09:43:31] RAW RESPONSE: {"ok":true,"result":true}
[2026-02-11 09:43:31] CURL ERROR: none
[2026-02-11 09:43:31] SUCCESS: answerCallbackQuery completed
==========
[2026-02-11 09:43:31] ========== REQUEST ==========
[2026-02-11 09:43:31] METHOD: sendMessage
[2026-02-11 09:43:31] URL: https://api.telegram.org/bot8415659161:AAFhCHpE_74h5bHbmk4ERUgrT2JtP-RQHXA/sendMessage
[2026-02-11 09:43:31] PARAMS: {"chat_id":768732984,"text":"\u179f\u17bc\u1798\u179f\u179a\u179f\u17c1\u179a\u1780\u17b6\u179a\u1786\u17d2\u179b\u17be\u1799\u178f\u1794\u179a\u1794\u179f\u17cb\u17a2\u17d2\u1793\u1780:","parse_mode":"HTML"}
[2026-02-11 09:43:31] Making curl request...
[2026-02-11 09:43:32] HTTP CODE: 200
[2026-02-11 09:43:32] RAW RESPONSE: {"ok":true,"result":{"message_id":124,"from":{"id":8415659161,"is_bot":true,"first_name":"ML Ticket","username":"ml_ticket_bot"},"chat":{"id":768732984,"first_name":"Hay Kongmeng -","last_name":"\u17a0\u17c3 \u1782\u1784\u17cb\u1798\u17c9\u17c1\u1784","username":"KongMeng_Hay","type":"private"},"date":1770803011,"text":"\u179f\u17bc\u1798\u179f\u179a\u179f\u17c1\u179a\u1780\u17b6\u179a\u1786\u17d2\u179b\u17be\u1799\u178f\u1794\u179a\u1794\u179f\u17cb\u17a2\u17d2\u1793\u1780:"}}
[2026-02-11 09:43:32] CURL ERROR: none
[2026-02-11 09:43:32] SUCCESS: sendMessage completed
==========
[2026-02-11 09:43:41] ========== REQUEST ==========
[2026-02-11 09:43:41] METHOD: sendMessage
[2026-02-11 09:43:41] URL: https://api.telegram.org/bot8415659161:AAFhCHpE_74h5bHbmk4ERUgrT2JtP-RQHXA/sendMessage
[2026-02-11 09:43:41] PARAMS: {"chat_id":-5161228600,"text":"\ud83d\udcac <b>New Customer Reply<\/b>\n\ud83c\udd94 <b>Ticket:<\/b> #TKT-000005\n\ud83d\udcdd <b>Subject:<\/b> sage 300 black screen\n\ud83d\udccc <b>Status:<\/b> Open\n\ud83d\udea6 <b>Priority:<\/b> Medium\n\ud83d\udc64 <b>Requester:<\/b> Hay Kongmeng - \u17a0\u17c3 \u1782\u1784\u17cb\u1798\u17c9\u17c1\u1784 (hkongmeng@gmail.com)\n\ud83c\udfaf <b>Assigned to:<\/b> Admin User\n\u2709\ufe0f <b>Message:<\/b> test\n\ud83d\udd17 <b>Link:<\/b> https:\/\/harmonistic-imaginary-luanne.ngrok-free.dev\/tickets\/5","parse_mode":"HTML"}
[2026-02-11 09:43:41] Making curl request...
[2026-02-11 09:43:42] HTTP CODE: 403
[2026-02-11 09:43:42] RAW RESPONSE: {"ok":false,"error_code":403,"description":"Forbidden: bot was kicked from the group chat"}
[2026-02-11 09:43:42] CURL ERROR: none
[2026-02-11 09:43:42] API ERROR: Forbidden: bot was kicked from the group chat
==========
[2026-02-20 03:13:12] ========== REQUEST ==========
[2026-02-20 03:13:12] METHOD: sendMessage
[2026-02-20 03:13:12] URL: https://api.telegram.org/bot8415659161:AAFhCHpE_74h5bHbmk4ERUgrT2JtP-RQHXA/sendMessage
[2026-02-20 03:13:12] PARAMS: {"chat_id":768732984,"text":"\u1780\u17b6\u179a\u1786\u17d2\u179b\u17be\u1799\u178f\u1794\u179a\u1794\u179f\u17cb\u17a2\u17d2\u1793\u1780\u1794\u17b6\u1793\u178a\u17c6\u17a1\u17be\u1784\u179a\u17c0\u1784\u179a\u17b6\u179b\u17cb\u179f\u17c6\u178e\u17be\u179f\u17bb\u17c6\u1787\u17c6\u1793\u17bd\u1799 #TKT-000005\u17d4\n\n\u1799\u17be\u1784\u1793\u17b9\u1784\u1787\u17bc\u1793\u178a\u17c6\u178e\u17b9\u1784\u17b1\u17d2\u1799\u17a2\u17d2\u1793\u1780\u1793\u17c5\u1796\u17c1\u179b\u178a\u17c2\u179b\u1798\u17b6\u1793\u1780\u17b6\u179a\u1786\u17d2\u179b\u17be\u1799\u178f\u1794\u17d4","parse_mode":"HTML"}
[2026-02-20 03:13:12] Making curl request...
[2026-02-20 03:13:13] HTTP CODE: 200
[2026-02-20 03:13:13] RAW RESPONSE: {"ok":true,"result":{"message_id":126,"from":{"id":8415659161,"is_bot":true,"first_name":"ML Ticket","username":"ml_ticket_bot"},"chat":{"id":768732984,"first_name":"Hay Kongmeng -","last_name":"\u17a0\u17c3 \u1782\u1784\u17cb\u1798\u17c9\u17c1\u1784","username":"KongMeng_Hay","type":"private"},"date":1771557193,"text":"\u1780\u17b6\u179a\u1786\u17d2\u179b\u17be\u1799\u178f\u1794\u179a\u1794\u179f\u17cb\u17a2\u17d2\u1793\u1780\u1794\u17b6\u1793\u178a\u17c6\u17a1\u17be\u1784\u179a\u17c0\u1784\u17
[2026-02-20 03:13:13] CURL ERROR: none
[2026-02-20 03:13:13] SUCCESS: sendMessage completed
==========
[2026-02-20 03:13:21] ========== REQUEST ==========
[2026-02-20 03:13:21] METHOD: sendMessage
[2026-02-20 03:13:21] URL: https://api.telegram.org/bot8415659161:AAFhCHpE_74h5bHbmk4ERUgrT2JtP-RQHXA/sendMessage
[2026-02-20 03:13:21] PARAMS: {"chat_id":768732984,"text":"\u1781\u17d2\u1789\u17bb\u17c6\u1798\u17b7\u1793\u1799\u179b\u17cb\u178a\u17c2\u179b\u1793\u17c4\u17c7\u1791\u17c1\u17d4 \u1794\u17d2\u179a\u17be \/help \u178a\u17be\u1798\u17d2\u1794\u17b8\u1798\u17be\u179b\u1796\u17b6\u1780\u17d2\u1799\u1794\u1789\u17d2\u1787\u17b6\u178a\u17c2\u179b\u1798\u17b6\u1793\u17d4","parse_mode":"HTML"}
[2026-02-20 03:13:21] Making curl request...
[2026-02-20 03:13:22] HTTP CODE: 200
[2026-02-20 03:13:22] RAW RESPONSE: {"ok":true,"result":{"message_id":128,"from":{"id":8415659161,"is_bot":true,"first_name":"ML Ticket","username":"ml_ticket_bot"},"chat":{"id":768732984,"first_name":"Hay Kongmeng -","last_name":"\u17a0\u17c3 \u1782\u1784\u17cb\u1798\u17c9\u17c1\u1784","username":"KongMeng_Hay","type":"private"},"date":1771557202,"text":"\u1781\u17d2\u1789\u17bb\u17c6\u1798\u17b7\u1793\u1799\u179b\u17cb\u178a\u17c2\u179b\u1793\u17c4\u17c7\u1791\u17c1\u17d4 \u1794\u17d2\u179a\u17be /help \u178a\u17be\u1798\u17d2\u
[2026-02-20 03:13:22] CURL ERROR: none
[2026-02-20 03:13:22] SUCCESS: sendMessage completed
==========
[2026-02-20 04:35:16] ========== REQUEST ==========
[2026-02-20 04:35:16] METHOD: sendMessage
[2026-02-20 04:35:16] URL: https://api.telegram.org/bot8415659161:AAFhCHpE_74h5bHbmk4ERUgrT2JtP-RQHXA/sendMessage
[2026-02-20 04:35:16] PARAMS: {"chat_id":768732984,"text":"welcome\n\n\u179f\u17bc\u1798\u179f\u17d2\u179c\u17b6\u1782\u1798\u1793\u17cd, <b>Hay Kongmeng - \u17a0\u17c3 \u1782\u1784\u17cb\u1798\u17c9\u17c1\u1784<\/b>! \u1782\u178e\u1793\u17b8\u179a\u1794\u179f\u17cb\u17a2\u17d2\u1793\u1780\u1794\u17b6\u1793\u178f\u1797\u17d2\u1787\u17b6\u1794\u17cb\u179a\u17bd\u1785\u17a0\u17be\u1799\u17d4\n\n\u1785\u17bb\u1785\u1794\u17ca\u17bc\u178f\u17bb\u1784\u1781\u17b6\u1784\u1780\u17d2\u179a\u17c4\u1798 \u178a\u17be\u1798\u17d2\u1794\u17b8\u1794\u17be\u1780\u1780\u1798\u17d2\u1798\u179c\u17b7\u1792\u17b8 \u17ac\u1794\u17d2\u179a\u17be \/help \u178a\u17be\u1798\u17d2\u1794\u17b8\u1798\u17be\u179b\u1796\u17b6\u1780\u17d2\u1799\u1794\u1789\u17d2\u1787\u17b6\u17d4","parse_mode":"HTML","reply_markup":"{\"inline_keyboard\":[[{\"text\":\"\\ud83d\\ude80 \\u1794\\u17be\\u1780\\u1780\\u1798\\u17d2\\u1798\\u179c\\u17b7\\u1792\\u17b8\",\"web_app\":{\"url\":\"https:\\\/\\\/ticket.providawater.com\\\/telegram-app.html\"}}]]}"}
[2026-02-20 04:35:16] Making curl request...
[2026-02-20 04:35:17] HTTP CODE: 200
[2026-02-20 04:35:17] RAW RESPONSE: {"ok":true,"result":{"message_id":130,"from":{"id":8415659161,"is_bot":true,"first_name":"ML Ticket","username":"ml_ticket_bot"},"chat":{"id":768732984,"first_name":"Hay Kongmeng -","last_name":"\u17a0\u17c3 \u1782\u1784\u17cb\u1798\u17c9\u17c1\u1784","username":"KongMeng_Hay","type":"private"},"date":1771562117,"text":"welcome\n\n\u179f\u17bc\u1798\u179f\u17d2\u179c\u17b6\u1782\u1798\u1793\u17cd, Hay Kongmeng - \u17a0\u17c3 \u1782\u1784\u17cb\u1798\u17c9\u17c1\u1784! \u1782\u178e\u1793\u17b8\u1
[2026-02-20 04:35:17] CURL ERROR: none
[2026-02-20 04:35:17] SUCCESS: sendMessage completed
==========
[2026-02-20 04:43:54] ========== REQUEST ==========
[2026-02-20 04:43:54] METHOD: sendMessage
[2026-02-20 04:43:54] URL: https://api.telegram.org/bot8415659161:AAFhCHpE_74h5bHbmk4ERUgrT2JtP-RQHXA/sendMessage
[2026-02-20 04:43:54] PARAMS: {"chat_id":768732984,"text":"Unknown command. Use \/help to see available commands.","parse_mode":"HTML"}
[2026-02-20 04:43:54] Making curl request...
[2026-02-20 04:43:55] HTTP CODE: 200
[2026-02-20 04:43:55] RAW RESPONSE: {"ok":true,"result":{"message_id":132,"from":{"id":8415659161,"is_bot":true,"first_name":"ML Ticket","username":"ml_ticket_bot"},"chat":{"id":768732984,"first_name":"Hay Kongmeng -","last_name":"\u17a0\u17c3 \u1782\u1784\u17cb\u1798\u17c9\u17c1\u1784","username":"KongMeng_Hay","type":"private"},"date":1771562635,"text":"Unknown command. Use /help to see available commands.","entities":[{"offset":21,"length":5,"type":"bot_command"}]}}
[2026-02-20 04:43:55] CURL ERROR: none
[2026-02-20 04:43:55] SUCCESS: sendMessage completed
==========
[2026-02-20 04:44:09] ========== REQUEST ==========
[2026-02-20 04:44:09] METHOD: sendMessage
[2026-02-20 04:44:09] URL: https://api.telegram.org/bot8415659161:AAFhCHpE_74h5bHbmk4ERUgrT2JtP-RQHXA/sendMessage
[2026-02-20 04:44:09] PARAMS: {"chat_id":768732984,"text":"welcome\n\n\u179f\u17bc\u1798\u179f\u17d2\u179c\u17b6\u1782\u1798\u1793\u17cd, <b>Hay Kongmeng - \u17a0\u17c3 \u1782\u1784\u17cb\u1798\u17c9\u17c1\u1784<\/b>! \u1782\u178e\u1793\u17b8\u179a\u1794\u179f\u17cb\u17a2\u17d2\u1793\u1780\u1794\u17b6\u1793\u178f\u1797\u17d2\u1787\u17b6\u1794\u17cb\u179a\u17bd\u1785\u17a0\u17be\u1799\u17d4\n\n\u1785\u17bb\u1785\u1794\u17ca\u17bc\u178f\u17bb\u1784\u1781\u17b6\u1784\u1780\u17d2\u179a\u17c4\u1798 \u178a\u17be\u1798\u17d2\u1794\u17b8\u1794\u17be\u1780\u1780\u1798\u17d2\u1798\u179c\u17b7\u1792\u17b8 \u17ac\u1794\u17d2\u179a\u17be \/help \u178a\u17be\u1798\u17d2\u1794\u17b8\u1798\u17be\u179b\u1796\u17b6\u1780\u17d2\u1799\u1794\u1789\u17d2\u1787\u17b6\u17d4","parse_mode":"HTML","reply_markup":"{\"inline_keyboard\":[[{\"text\":\"\\ud83d\\ude80 \\u1794\\u17be\\u1780\\u1780\\u1798\\u17d2\\u1798\\u179c\\u17b7\\u1792\\u17b8\",\"web_app\":{\"url\":\"https:\\\/\\\/ticket.providawater.com\\\/telegram-app.html\"}}]]}"}
[2026-02-20 04:44:09] Making curl request...
[2026-02-20 04:44:11] HTTP CODE: 200
[2026-02-20 04:44:11] RAW RESPONSE: {"ok":true,"result":{"message_id":134,"from":{"id":8415659161,"is_bot":true,"first_name":"ML Ticket","username":"ml_ticket_bot"},"chat":{"id":768732984,"first_name":"Hay Kongmeng -","last_name":"\u17a0\u17c3 \u1782\u1784\u17cb\u1798\u17c9\u17c1\u1784","username":"KongMeng_Hay","type":"private"},"date":1771562651,"text":"welcome\n\n\u179f\u17bc\u1798\u179f\u17d2\u179c\u17b6\u1782\u1798\u1793\u17cd, Hay Kongmeng - \u17a0\u17c3 \u1782\u1784\u17cb\u1798\u17c9\u17c1\u1784! \u1782\u178e\u1793\u17b8\u1
[2026-02-20 04:44:11] CURL ERROR: none
[2026-02-20 04:44:11] SUCCESS: sendMessage completed
==========
[2026-02-20 06:28:35] ========== REQUEST ==========
[2026-02-20 06:28:35] METHOD: sendMessage
[2026-02-20 06:28:35] URL: https://api.telegram.org/bot8415659161:AAFhCHpE_74h5bHbmk4ERUgrT2JtP-RQHXA/sendMessage
[2026-02-20 06:28:35] PARAMS: {"chat_id":768732984,"text":"welcome\n\n\u179f\u17bc\u1798\u179f\u17d2\u179c\u17b6\u1782\u1798\u1793\u17cd, <b>Hay Kongmeng - \u17a0\u17c3 \u1782\u1784\u17cb\u1798\u17c9\u17c1\u1784<\/b>! \u1782\u178e\u1793\u17b8\u179a\u1794\u179f\u17cb\u17a2\u17d2\u1793\u1780\u1794\u17b6\u1793\u178f\u1797\u17d2\u1787\u17b6\u1794\u17cb\u179a\u17bd\u1785\u17a0\u17be\u1799\u17d4\n\n\u1785\u17bb\u1785\u1794\u17ca\u17bc\u178f\u17bb\u1784\u1781\u17b6\u1784\u1780\u17d2\u179a\u17c4\u1798 \u178a\u17be\u1798\u17d2\u1794\u17b8\u1794\u17be\u1780\u1780\u1798\u17d2\u1798\u179c\u17b7\u1792\u17b8 \u17ac\u1794\u17d2\u179a\u17be \/help \u178a\u17be\u1798\u17d2\u1794\u17b8\u1798\u17be\u179b\u1796\u17b6\u1780\u17d2\u1799\u1794\u1789\u17d2\u1787\u17b6\u17d4","parse_mode":"HTML","reply_markup":"{\"inline_keyboard\":[[{\"text\":\"\\ud83d\\ude80 \\u1794\\u17be\\u1780\\u1780\\u1798\\u17d2\\u1798\\u179c\\u17b7\\u1792\\u17b8\",\"web_app\":{\"url\":\"https:\\\/\\\/harmonistic-imaginary-luanne.ngrok-free.dev\\\/telegram-app.html\"}}]]}"}
[2026-02-20 06:28:35] Making curl request...
[2026-02-20 06:28:36] HTTP CODE: 200
[2026-02-20 06:28:36] RAW RESPONSE: {"ok":true,"result":{"message_id":136,"from":{"id":8415659161,"is_bot":true,"first_name":"ML Ticket","username":"ml_ticket_bot"},"chat":{"id":768732984,"first_name":"Hay Kongmeng -","last_name":"\u17a0\u17c3 \u1782\u1784\u17cb\u1798\u17c9\u17c1\u1784","username":"KongMeng_Hay","type":"private"},"date":1771568916,"text":"welcome\n\n\u179f\u17bc\u1798\u179f\u17d2\u179c\u17b6\u1782\u1798\u1793\u17cd, Hay Kongmeng - \u17a0\u17c3 \u1782\u1784\u17cb\u1798\u17c9\u17c1\u1784! \u1782\u178e\u1793\u17b8\u1
[2026-02-20 06:28:36] CURL ERROR: none
[2026-02-20 06:28:36] SUCCESS: sendMessage completed
==========
[2026-02-20 06:32:19] ========== REQUEST ==========
[2026-02-20 06:32:19] METHOD: sendMessage
[2026-02-20 06:32:19] URL: https://api.telegram.org/bot8415659161:AAFhCHpE_74h5bHbmk4ERUgrT2JtP-RQHXA/sendMessage
[2026-02-20 06:32:19] PARAMS: {"chat_id":768732984,"text":"welcome\n\n\u179f\u17bc\u1798\u179f\u17d2\u179c\u17b6\u1782\u1798\u1793\u17cd, <b>Hay Kongmeng - \u17a0\u17c3 \u1782\u1784\u17cb\u1798\u17c9\u17c1\u1784<\/b>! \u1782\u178e\u1793\u17b8\u179a\u1794\u179f\u17cb\u17a2\u17d2\u1793\u1780\u1794\u17b6\u1793\u178f\u1797\u17d2\u1787\u17b6\u1794\u17cb\u179a\u17bd\u1785\u17a0\u17be\u1799\u17d4\n\n\u1785\u17bb\u1785\u1794\u17ca\u17bc\u178f\u17bb\u1784\u1781\u17b6\u1784\u1780\u17d2\u179a\u17c4\u1798 \u178a\u17be\u1798\u17d2\u1794\u17b8\u1794\u17be\u1780\u1780\u1798\u17d2\u1798\u179c\u17b7\u1792\u17b8 \u17ac\u1794\u17d2\u179a\u17be \/help \u178a\u17be\u1798\u17d2\u1794\u17b8\u1798\u17be\u179b\u1796\u17b6\u1780\u17d2\u1799\u1794\u1789\u17d2\u1787\u17b6\u17d4","parse_mode":"HTML","reply_markup":"{\"inline_keyboard\":[[{\"text\":\"\\ud83d\\ude80 \\u1794\\u17be\\u1780\\u1780\\u1798\\u17d2\\u1798\\u179c\\u17b7\\u1792\\u17b8\",\"web_app\":{\"url\":\"https:\\\/\\\/harmonistic-imaginary-luanne.ngrok-free.dev\\\/telegram-app.html\"}}]]}"}
[2026-02-20 06:32:19] Making curl request...
[2026-02-20 06:32:21] HTTP CODE: 200
[2026-02-20 06:32:21] RAW RESPONSE: {"ok":true,"result":{"message_id":138,"from":{"id":8415659161,"is_bot":true,"first_name":"ML Ticket","username":"ml_ticket_bot"},"chat":{"id":768732984,"first_name":"Hay Kongmeng -","last_name":"\u17a0\u17c3 \u1782\u1784\u17cb\u1798\u17c9\u17c1\u1784","username":"KongMeng_Hay","type":"private"},"date":1771569141,"text":"welcome\n\n\u179f\u17bc\u1798\u179f\u17d2\u179c\u17b6\u1782\u1798\u1793\u17cd, Hay Kongmeng - \u17a0\u17c3 \u1782\u1784\u17cb\u1798\u17c9\u17c1\u1784! \u1782\u178e\u1793\u17b8\u1
[2026-02-20 06:32:21] CURL ERROR: none
[2026-02-20 06:32:21] SUCCESS: sendMessage completed
==========
[2026-02-25 04:45:44] ========== REQUEST ==========
[2026-02-25 04:45:44] METHOD: sendMessage
[2026-02-25 04:45:44] URL: https://api.telegram.org/bot8415659161:AAFhCHpE_74h5bHbmk4ERUgrT2JtP-RQHXA/sendMessage
[2026-02-25 04:45:44] PARAMS: {"chat_id":768732984,"text":"\u179f\u17bc\u1798\u1794\u1789\u17d2\u1785\u17bc\u179b\u17a2\u17b6\u179f\u17d0\u1799\u178a\u17d2\u178b\u17b6\u1793\u17a2\u17ca\u17b8\u1798\u17c2\u179b\u179a\u1794\u179f\u17cb\u17a2\u17d2\u1793\u1780\u178a\u17be\u1798\u17d2\u1794\u17b8\u1797\u17d2\u1787\u17b6\u1794\u17cb\u1782\u178e\u1793\u17b8\u179a\u1794\u179f\u17cb\u17a2\u17d2\u1793\u1780:","parse_mode":"HTML"}
[2026-02-25 04:45:44] Making curl request...
[2026-02-25 04:45:46] HTTP CODE: 200
[2026-02-25 04:45:46] RAW RESPONSE: {"ok":true,"result":{"message_id":141,"from":{"id":8415659161,"is_bot":true,"first_name":"ML Ticket","username":"ml_ticket_bot"},"chat":{"id":768732984,"first_name":"Hay Kongmeng -","last_name":"\u17a0\u17c3 \u1782\u1784\u17cb\u1798\u17c9\u17c1\u1784","username":"KongMeng_Hay","type":"private"},"date":1771994745,"text":"\u179f\u17bc\u1798\u1794\u1789\u17d2\u1785\u17bc\u179b\u17a2\u17b6\u179f\u17d0\u1799\u178a\u17d2\u178b\u17b6\u1793\u17a2\u17ca\u17b8\u1798\u17c2\u179b\u179a\u1794\u179f\u17cb\u17
[2026-02-25 04:45:46] CURL ERROR: none
[2026-02-25 04:45:46] SUCCESS: sendMessage completed
==========
[2026-02-25 04:45:53] ========== REQUEST ==========
[2026-02-25 04:45:53] METHOD: sendMessage
[2026-02-25 04:45:53] URL: https://api.telegram.org/bot8415659161:AAFhCHpE_74h5bHbmk4ERUgrT2JtP-RQHXA/sendMessage
[2026-02-25 04:45:53] PARAMS: {"chat_id":768732984,"text":"\u1782\u178e\u1793\u17b8\u179a\u1794\u179f\u17cb\u17a2\u17d2\u1793\u1780\u1794\u17b6\u1793\u178f\u1797\u17d2\u1787\u17b6\u1794\u17cb\u178a\u17c4\u1799\u1787\u17c4\u1782\u1787\u17d0\u1799!\n\n\u17a2\u17d2\u1793\u1780\u1780\u17cf\u17a2\u17b6\u1785:\n- \u1794\u1784\u17d2\u1780\u17be\u178f\u179f\u17c6\u178e\u17be\u179f\u17bb\u17c6\u1787\u17c6\u1793\u17bd\u1799\u178a\u17c4\u1799 \/newticket\n- \u1798\u17be\u179b\u179f\u17c6\u178e\u17be\u179f\u17bb\u17c6\u1787\u17c6\u1793\u17bd\u1799\u179a\u1794\u179f\u17cb\u17a2\u17d2\u1793\u1780 \/mytickets\n- \u1791\u1791\u17bd\u179b\u1794\u17b6\u1793\u1780\u17b6\u179a\u1787\u17bc\u1793\u178a\u17c6\u178e\u17b9\u1784\u17a2\u17c6\u1796\u17b8\u179f\u17c6\u178e\u17be\u179f\u17bb\u17c6\u1787\u17c6\u1793\u17bd\u1799\u179a\u1794\u179f\u17cb\u17a2\u17d2\u1793\u1780","parse_mode":"HTML"}
[2026-02-25 04:45:53] Making curl request...
[2026-02-25 04:45:54] HTTP CODE: 200
[2026-02-25 04:45:54] RAW RESPONSE: {"ok":true,"result":{"message_id":143,"from":{"id":8415659161,"is_bot":true,"first_name":"ML Ticket","username":"ml_ticket_bot"},"chat":{"id":768732984,"first_name":"Hay Kongmeng -","last_name":"\u17a0\u17c3 \u1782\u1784\u17cb\u1798\u17c9\u17c1\u1784","username":"KongMeng_Hay","type":"private"},"date":1771994753,"text":"\u1782\u178e\u1793\u17b8\u179a\u1794\u179f\u17cb\u17a2\u17d2\u1793\u1780\u1794\u17b6\u1793\u178f\u1797\u17d2\u1787\u17b6\u1794\u17cb\u178a\u17c4\u1799\u1787\u17c4\u1782\u1787\u17
[2026-02-25 04:45:54] CURL ERROR: none
[2026-02-25 04:45:54] SUCCESS: sendMessage completed
==========
[2026-02-26 10:18:46] ========== REQUEST ==========
[2026-02-26 10:18:46] METHOD: sendMessage
[2026-02-26 10:18:46] URL: https://api.telegram.org/bot8415659161:AAFhCHpE_74h5bHbmk4ERUgrT2JtP-RQHXA/sendMessage
[2026-02-26 10:18:46] PARAMS: {"chat_id":768732984,"text":"\u00e1\u017e\u0081\u00e1\u0178\u2019\u00e1\u017e\u2030\u00e1\u017e\u00bb\u00e1\u0178\u2020\u00e1\u017e\u02dc\u00e1\u017e\u00b7\u00e1\u017e\u201c\u00e1\u017e\u2122\u00e1\u017e\u203a\u00e1\u0178\u2039\u00e1\u017e\u0160\u00e1\u0178\u201a\u00e1\u017e\u203a\u00e1\u017e\u201c\u00e1\u0178\u201e\u00e1\u0178\u2021\u00e1\u017e\u2018\u00e1\u0178\u0081\u00e1\u0178\u201d \u00e1\u017e\u201d\u00e1\u0178\u2019\u00e1\u017e\u0161\u00e1\u017e\u00be \/help \u00e1\u017e\u0160\u00e1\u017e\u00be\u00e1\u017e\u02dc\u00e1\u0178\u2019\u00e1\u017e\u201d\u00e1\u017e\u00b8\u00e1\u017e\u02dc\u00e1\u017e\u00be\u00e1\u017e\u203a\u00e1\u017e\u2013\u00e1\u017e\u00b6\u00e1\u017e\u20ac\u00e1\u0178\u2019\u00e1\u017e\u2122\u00e1\u017e\u201d\u00e1\u017e\u2030\u00e1\u0178\u2019\u00e1\u017e\u2021\u00e1\u017e\u00b6\u00e1\u017e\u0160\u00e1\u0178\u201a\u00e1\u017e\u203a\u00e1\u017e\u02dc\u00e1\u017e\u00b6\u00e1\u017e\u201c\u00e1\u0178\u201d","parse_mode":"HTML"}
[2026-02-26 10:18:46] Making curl request...
[2026-02-26 10:18:47] HTTP CODE: 200
[2026-02-26 10:18:47] RAW RESPONSE: {"ok":true,"result":{"message_id":149,"from":{"id":8415659161,"is_bot":true,"first_name":"ML Ticket","username":"ml_ticket_bot"},"chat":{"id":768732984,"first_name":"Hay Kongmeng -","last_name":"\u17a0\u17c3 \u1782\u1784\u17cb\u1798\u17c9\u17c1\u1784","username":"KongMeng_Hay","type":"private"},"date":1772101127,"text":"\u00e1\u017e\u0081\u00e1\u0178\u2019\u00e1\u017e\u2030\u00e1\u017e\u00bb\u00e1\u0178\u2020\u00e1\u017e\u02dc\u00e1\u017e\u00b7\u00e1\u017e\u201c\u00e1\u017e\u2122\u00e1\u017e\u20
[2026-02-26 10:18:47] CURL ERROR: none
[2026-02-26 10:18:47] SUCCESS: sendMessage completed
==========
[2026-02-26 10:19:00] ========== REQUEST ==========
[2026-02-26 10:19:00] METHOD: sendMessage
[2026-02-26 10:19:00] URL: https://api.telegram.org/bot8415659161:AAFhCHpE_74h5bHbmk4ERUgrT2JtP-RQHXA/sendMessage
[2026-02-26 10:19:00] PARAMS: {"chat_id":768732984,"text":"\n\nWelcome, <b>Hay Kongmeng - \u17a0\u17c3 \u1782\u1784\u17cb\u1798\u17c9\u17c1\u1784<\/b>! Your Telegram account is linked.\n\nUse the button below to open Mini App, or \/help to see commands.","parse_mode":"HTML","reply_markup":"{\"inline_keyboard\":[[{\"text\":\"Open Mini App\",\"web_app\":{\"url\":\"https:\\\/\\\/harmonistic-imaginary-luanne.ngrok-free.dev\\\/telegram-app.html\"}}]]}"}
[2026-02-26 10:19:00] Making curl request...
[2026-02-26 10:19:01] HTTP CODE: 200
[2026-02-26 10:19:01] RAW RESPONSE: {"ok":true,"result":{"message_id":151,"from":{"id":8415659161,"is_bot":true,"first_name":"ML Ticket","username":"ml_ticket_bot"},"chat":{"id":768732984,"first_name":"Hay Kongmeng -","last_name":"\u17a0\u17c3 \u1782\u1784\u17cb\u1798\u17c9\u17c1\u1784","username":"KongMeng_Hay","type":"private"},"date":1772101140,"text":"Welcome, Hay Kongmeng - \u17a0\u17c3 \u1782\u1784\u17cb\u1798\u17c9\u17c1\u1784! Your Telegram account is linked.\n\nUse the button below to open Mini App, or /help to see comman
[2026-02-26 10:19:01] CURL ERROR: none
[2026-02-26 10:19:01] SUCCESS: sendMessage completed
==========
[2026-02-26 10:19:46] ========== REQUEST ==========
[2026-02-26 10:19:46] METHOD: sendMessage
[2026-02-26 10:19:46] URL: https://api.telegram.org/bot8415659161:AAFhCHpE_74h5bHbmk4ERUgrT2JtP-RQHXA/sendMessage
[2026-02-26 10:19:46] PARAMS: {"chat_id":768732984,"text":"\u00e1\u017e\u0178\u00e1\u017e\u00bc\u00e1\u017e\u02dc\u00e1\u017e\u201d\u00e1\u017e\u2030\u00e1\u0178\u2019\u00e1\u017e\u2026\u00e1\u017e\u00bc\u00e1\u017e\u203a\u00e1\u017e\u00a2\u00e1\u017e\u00b6\u00e1\u017e\u0178\u00e1\u0178\u0090\u00e1\u017e\u2122\u00e1\u017e\u0160\u00e1\u0178\u2019\u00e1\u017e\u2039\u00e1\u017e\u00b6\u00e1\u017e\u201c\u00e1\u017e\u00a2\u00e1\u0178\u0160\u00e1\u017e\u00b8\u00e1\u017e\u02dc\u00e1\u0178\u201a\u00e1\u017e\u203a\u00e1\u017e\u0161\u00e1\u017e\u201d\u00e1\u017e\u0178\u00e1\u0178\u2039\u00e1\u017e\u00a2\u00e1\u0178\u2019\u00e1\u017e\u201c\u00e1\u017e\u20ac\u00e1\u017e\u0160\u00e1\u017e\u00be\u00e1\u017e\u02dc\u00e1\u0178\u2019\u00e1\u017e\u201d\u00e1\u017e\u00b8\u00e1\u017e\u2014\u00e1\u0178\u2019\u00e1\u017e\u2021\u00e1\u017e\u00b6\u00e1\u017e\u201d\u00e1\u0178\u2039\u00e1\u017e\u201a\u00e1\u017e\u017d\u00e1\u017e\u201c\u00e1\u017e\u00b8\u00e1\u017e\u0161\u00e1\u017e\u201d\u00e1\u017e\u0178\u00e1\u0178\u2039\u00e1\u017e\u00a2\u00e1\u0178\u2019\u00e1\u017e\u201c\u00e1\u017e\u20ac:","parse_mode":"HTML"}
[2026-02-26 10:19:46] Making curl request...
[2026-02-26 10:19:47] HTTP CODE: 200
[2026-02-26 10:19:47] RAW RESPONSE: {"ok":true,"result":{"message_id":153,"from":{"id":8415659161,"is_bot":true,"first_name":"ML Ticket","username":"ml_ticket_bot"},"chat":{"id":768732984,"first_name":"Hay Kongmeng -","last_name":"\u17a0\u17c3 \u1782\u1784\u17cb\u1798\u17c9\u17c1\u1784","username":"KongMeng_Hay","type":"private"},"date":1772101187,"text":"\u00e1\u017e\u0178\u00e1\u017e\u00bc\u00e1\u017e\u02dc\u00e1\u017e\u201d\u00e1\u017e\u2030\u00e1\u0178\u2019\u00e1\u017e\u2026\u00e1\u017e\u00bc\u00e1\u017e\u203a\u00e1\u017e\u00
[2026-02-26 10:19:47] CURL ERROR: none
[2026-02-26 10:19:47] SUCCESS: sendMessage completed
==========
[2026-02-26 10:28:11] ========== REQUEST ==========
[2026-02-26 10:28:11] METHOD: sendMessage
[2026-02-26 10:28:11] URL: https://api.telegram.org/bot8415659161:AAFhCHpE_74h5bHbmk4ERUgrT2JtP-RQHXA/sendMessage
[2026-02-26 10:28:11] PARAMS: {"chat_id":768732984,"text":"Please enter your email address to link your support account.","parse_mode":"HTML"}
[2026-02-26 10:28:11] Making curl request...
[2026-02-26 10:28:12] HTTP CODE: 200
[2026-02-26 10:28:12] RAW RESPONSE: {"ok":true,"result":{"message_id":155,"from":{"id":8415659161,"is_bot":true,"first_name":"ML Ticket","username":"ml_ticket_bot"},"chat":{"id":768732984,"first_name":"Hay Kongmeng -","last_name":"\u17a0\u17c3 \u1782\u1784\u17cb\u1798\u17c9\u17c1\u1784","username":"KongMeng_Hay","type":"private"},"date":1772101692,"text":"Please enter your email address to link your support account."}}
[2026-02-26 10:28:12] CURL ERROR: none
[2026-02-26 10:28:12] SUCCESS: sendMessage completed
==========
[2026-02-26 10:28:18] ========== REQUEST ==========
[2026-02-26 10:28:18] METHOD: sendMessage
[2026-02-26 10:28:18] URL: https://api.telegram.org/bot8415659161:AAFhCHpE_74h5bHbmk4ERUgrT2JtP-RQHXA/sendMessage
[2026-02-26 10:28:18] PARAMS: {"chat_id":768732984,"text":"Your account has been linked successfully.\n\nYou can now:\n- Create a ticket with \/newticket\n- View your tickets with \/mytickets\n- Receive ticket updates on Telegram","parse_mode":"HTML"}
[2026-02-26 10:28:18] Making curl request...
[2026-02-26 10:28:19] HTTP CODE: 200
[2026-02-26 10:28:19] RAW RESPONSE: {"ok":true,"result":{"message_id":157,"from":{"id":8415659161,"is_bot":true,"first_name":"ML Ticket","username":"ml_ticket_bot"},"chat":{"id":768732984,"first_name":"Hay Kongmeng -","last_name":"\u17a0\u17c3 \u1782\u1784\u17cb\u1798\u17c9\u17c1\u1784","username":"KongMeng_Hay","type":"private"},"date":1772101699,"text":"Your account has been linked successfully.\n\nYou can now:\n- Create a ticket with /newticket\n- View your tickets with /mytickets\n- Receive ticket updates on Telegram","entitie
[2026-02-26 10:28:19] CURL ERROR: none
[2026-02-26 10:28:19] SUCCESS: sendMessage completed
==========
[2026-02-26 10:28:24] ========== REQUEST ==========
[2026-02-26 10:28:24] METHOD: sendMessage
[2026-02-26 10:28:24] URL: https://api.telegram.org/bot8415659161:AAFhCHpE_74h5bHbmk4ERUgrT2JtP-RQHXA/sendMessage
[2026-02-26 10:28:24] PARAMS: {"chat_id":768732984,"text":"Please enter your email address to link your support account.","parse_mode":"HTML"}
[2026-02-26 10:28:24] Making curl request...
[2026-02-26 10:28:25] HTTP CODE: 200
[2026-02-26 10:28:25] RAW RESPONSE: {"ok":true,"result":{"message_id":159,"from":{"id":8415659161,"is_bot":true,"first_name":"ML Ticket","username":"ml_ticket_bot"},"chat":{"id":768732984,"first_name":"Hay Kongmeng -","last_name":"\u17a0\u17c3 \u1782\u1784\u17cb\u1798\u17c9\u17c1\u1784","username":"KongMeng_Hay","type":"private"},"date":1772101705,"text":"Please enter your email address to link your support account."}}
[2026-02-26 10:28:25] CURL ERROR: none
[2026-02-26 10:28:25] SUCCESS: sendMessage completed
==========
[2026-02-26 10:28:31] ========== REQUEST ==========
[2026-02-26 10:28:31] METHOD: sendMessage
[2026-02-26 10:28:31] URL: https://api.telegram.org/bot8415659161:AAFhCHpE_74h5bHbmk4ERUgrT2JtP-RQHXA/sendMessage
[2026-02-26 10:28:31] PARAMS: {"chat_id":768732984,"text":"Your account has been linked successfully.\n\nYou can now:\n- Create a ticket with \/newticket\n- View your tickets with \/mytickets\n- Receive ticket updates on Telegram","parse_mode":"HTML"}
[2026-02-26 10:28:31] Making curl request...
[2026-02-26 10:28:32] HTTP CODE: 200
[2026-02-26 10:28:32] RAW RESPONSE: {"ok":true,"result":{"message_id":161,"from":{"id":8415659161,"is_bot":true,"first_name":"ML Ticket","username":"ml_ticket_bot"},"chat":{"id":768732984,"first_name":"Hay Kongmeng -","last_name":"\u17a0\u17c3 \u1782\u1784\u17cb\u1798\u17c9\u17c1\u1784","username":"KongMeng_Hay","type":"private"},"date":1772101712,"text":"Your account has been linked successfully.\n\nYou can now:\n- Create a ticket with /newticket\n- View your tickets with /mytickets\n- Receive ticket updates on Telegram","entitie
[2026-02-26 10:28:32] CURL ERROR: none
[2026-02-26 10:28:32] SUCCESS: sendMessage completed
==========
[2026-02-26 10:31:11] ========== REQUEST ==========
[2026-02-26 10:31:11] METHOD: sendMessage
[2026-02-26 10:31:11] URL: https://api.telegram.org/bot8415659161:AAFhCHpE_74h5bHbmk4ERUgrT2JtP-RQHXA/sendMessage
[2026-02-26 10:31:11] PARAMS: {"chat_id":768732984,"text":"This Telegram account is already linked to <b>Hay Kongmeng - \u17a0\u17c3 \u1782\u1784\u17cb\u1798\u17c9\u17c1\u1784<\/b>. Contact admin if you need to reassign it.","parse_mode":"HTML"}
[2026-02-26 10:31:11] Making curl request...
[2026-02-26 10:31:12] HTTP CODE: 200
[2026-02-26 10:31:12] RAW RESPONSE: {"ok":true,"result":{"message_id":163,"from":{"id":8415659161,"is_bot":true,"first_name":"ML Ticket","username":"ml_ticket_bot"},"chat":{"id":768732984,"first_name":"Hay Kongmeng -","last_name":"\u17a0\u17c3 \u1782\u1784\u17cb\u1798\u17c9\u17c1\u1784","username":"KongMeng_Hay","type":"private"},"date":1772101872,"text":"This Telegram account is already linked to Hay Kongmeng - \u17a0\u17c3 \u1782\u1784\u17cb\u1798\u17c9\u17c1\u1784. Contact admin if you need to reassign it.","entities":[{"offset
[2026-02-26 10:31:12] CURL ERROR: none
[2026-02-26 10:31:12] SUCCESS: sendMessage completed
==========
[2026-02-26 10:31:41] ========== REQUEST ==========
[2026-02-26 10:31:41] METHOD: sendMessage
[2026-02-26 10:31:41] URL: https://api.telegram.org/bot8415659161:AAFhCHpE_74h5bHbmk4ERUgrT2JtP-RQHXA/sendMessage
[2026-02-26 10:31:41] PARAMS: {"chat_id":768732984,"text":"Please enter your email address to link your support account.","parse_mode":"HTML"}
[2026-02-26 10:31:41] Making curl request...
[2026-02-26 10:31:42] HTTP CODE: 200
[2026-02-26 10:31:42] RAW RESPONSE: {"ok":true,"result":{"message_id":165,"from":{"id":8415659161,"is_bot":true,"first_name":"ML Ticket","username":"ml_ticket_bot"},"chat":{"id":768732984,"first_name":"Hay Kongmeng -","last_name":"\u17a0\u17c3 \u1782\u1784\u17cb\u1798\u17c9\u17c1\u1784","username":"KongMeng_Hay","type":"private"},"date":1772101902,"text":"Please enter your email address to link your support account."}}
[2026-02-26 10:31:42] CURL ERROR: none
[2026-02-26 10:31:42] SUCCESS: sendMessage completed
==========
[2026-02-26 10:31:51] ========== REQUEST ==========
[2026-02-26 10:31:51] METHOD: sendMessage
[2026-02-26 10:31:51] URL: https://api.telegram.org/bot8415659161:AAFhCHpE_74h5bHbmk4ERUgrT2JtP-RQHXA/sendMessage
[2026-02-26 10:31:51] PARAMS: {"chat_id":768732984,"text":"Your account has been linked successfully.\n\nYou can now:\n- Create a ticket with \/newticket\n- View your tickets with \/mytickets\n- Receive ticket updates on Telegram","parse_mode":"HTML"}
[2026-02-26 10:31:51] Making curl request...
[2026-02-26 10:31:52] HTTP CODE: 200
[2026-02-26 10:31:52] RAW RESPONSE: {"ok":true,"result":{"message_id":167,"from":{"id":8415659161,"is_bot":true,"first_name":"ML Ticket","username":"ml_ticket_bot"},"chat":{"id":768732984,"first_name":"Hay Kongmeng -","last_name":"\u17a0\u17c3 \u1782\u1784\u17cb\u1798\u17c9\u17c1\u1784","username":"KongMeng_Hay","type":"private"},"date":1772101912,"text":"Your account has been linked successfully.\n\nYou can now:\n- Create a ticket with /newticket\n- View your tickets with /mytickets\n- Receive ticket updates on Telegram","entitie
[2026-02-26 10:31:52] CURL ERROR: none
[2026-02-26 10:31:52] SUCCESS: sendMessage completed
==========
[2026-02-26 11:57:01] ========== REQUEST ==========
[2026-02-26 11:57:01] METHOD: sendMessage
[2026-02-26 11:57:01] URL: https://api.telegram.org/bot8415659161:AAFhCHpE_74h5bHbmk4ERUgrT2JtP-RQHXA/sendMessage
[2026-02-26 11:57:01] PARAMS: {"chat_id":768732984,"text":"\n\nWelcome, <b>Hay Kongmeng - \u17a0\u17c3 \u1782\u1784\u17cb\u1798\u17c9\u17c1\u1784<\/b>! Your Telegram account is linked.\n\nUse the button below to open Mini App, or \/help to see commands.","parse_mode":"HTML","reply_markup":"{\"inline_keyboard\":[[{\"text\":\"Open Mini App\",\"web_app\":{\"url\":\"https:\\\/\\\/harmonistic-imaginary-luanne.ngrok-free.dev\\\/telegram-app.html\"}}]]}"}
[2026-02-26 11:57:01] Making curl request...
[2026-02-26 11:57:02] HTTP CODE: 200
[2026-02-26 11:57:02] RAW RESPONSE: {"ok":true,"result":{"message_id":169,"from":{"id":8415659161,"is_bot":true,"first_name":"ML Ticket","username":"ml_ticket_bot"},"chat":{"id":768732984,"first_name":"Hay Kongmeng -","last_name":"\u17a0\u17c3 \u1782\u1784\u17cb\u1798\u17c9\u17c1\u1784","username":"KongMeng_Hay","type":"private"},"date":1772107022,"text":"Welcome, Hay Kongmeng - \u17a0\u17c3 \u1782\u1784\u17cb\u1798\u17c9\u17c1\u1784! Your Telegram account is linked.\n\nUse the button below to open Mini App, or /help to see comman
[2026-02-26 11:57:02] CURL ERROR: none
[2026-02-26 11:57:02] SUCCESS: sendMessage completed
==========
[2026-02-26 12:01:09] ========== REQUEST ==========
[2026-02-26 12:01:09] METHOD: sendMessage
[2026-02-26 12:01:09] URL: https://api.telegram.org/bot8415659161:AAFhCHpE_74h5bHbmk4ERUgrT2JtP-RQHXA/sendMessage
[2026-02-26 12:01:09] PARAMS: {"chat_id":768732984,"text":"\u2705 <b>Ticket Assigned<\/b>\n\ud83c\udd94 <b>Ticket:<\/b> #TKT-000017\n\ud83d\udcdd <b>Subject:<\/b> Mobile App error\n\ud83d\udccc <b>Status:<\/b> Open\n\ud83d\udea6 <b>Priority:<\/b> High\n\ud83d\udc64 <b>Requester:<\/b> Hay Kongmeng - \u17a0\u17c3 \u1782\u1784\u17cb\u1798\u17c9\u17c1\u1784 (meng@gmail.com)\n\ud83c\udfaf <b>Assigned to:<\/b> Hay Kongmeng\n\ud83d\udd17 <b>Link:<\/b> https:\/\/harmonistic-imaginary-luanne.ngrok-free.dev\/tickets\/17","parse_mode":"HTML"}
[2026-02-26 12:01:09] Making curl request...
[2026-02-26 12:01:11] HTTP CODE: 200
[2026-02-26 12:01:11] RAW RESPONSE: {"ok":true,"result":{"message_id":170,"from":{"id":8415659161,"is_bot":true,"first_name":"ML Ticket","username":"ml_ticket_bot"},"chat":{"id":768732984,"first_name":"Hay Kongmeng -","last_name":"\u17a0\u17c3 \u1782\u1784\u17cb\u1798\u17c9\u17c1\u1784","username":"KongMeng_Hay","type":"private"},"date":1772107271,"text":"\u2705 Ticket Assigned\n\ud83c\udd94 Ticket: #TKT-000017\n\ud83d\udcdd Subject: Mobile App error\n\ud83d\udccc Status: Open\n\ud83d\udea6 Priority: High\n\ud83d\udc64 Requester: 
[2026-02-26 12:01:11] CURL ERROR: none
[2026-02-26 12:01:11] SUCCESS: sendMessage completed
==========
[2026-02-26 12:04:11] ========== REQUEST ==========
[2026-02-26 12:04:11] METHOD: sendMessage
[2026-02-26 12:04:11] URL: https://api.telegram.org/bot8415659161:AAFhCHpE_74h5bHbmk4ERUgrT2JtP-RQHXA/sendMessage
[2026-02-26 12:04:11] PARAMS: {"chat_id":768732984,"text":"Please enter your email address to link your support account.","parse_mode":"HTML"}
[2026-02-26 12:04:11] Making curl request...
[2026-02-26 12:04:13] HTTP CODE: 200
[2026-02-26 12:04:13] RAW RESPONSE: {"ok":true,"result":{"message_id":172,"from":{"id":8415659161,"is_bot":true,"first_name":"ML Ticket","username":"ml_ticket_bot"},"chat":{"id":768732984,"first_name":"Hay Kongmeng -","last_name":"\u17a0\u17c3 \u1782\u1784\u17cb\u1798\u17c9\u17c1\u1784","username":"KongMeng_Hay","type":"private"},"date":1772107453,"text":"Please enter your email address to link your support account."}}
[2026-02-26 12:04:13] CURL ERROR: none
[2026-02-26 12:04:13] SUCCESS: sendMessage completed
==========
[2026-02-26 12:05:51] ========== REQUEST ==========
[2026-02-26 12:05:51] METHOD: sendMessage
[2026-02-26 12:05:51] URL: https://api.telegram.org/bot8415659161:AAFhCHpE_74h5bHbmk4ERUgrT2JtP-RQHXA/sendMessage
[2026-02-26 12:05:51] PARAMS: {"chat_id":768732984,"text":"Your account has been linked successfully.\n\nYou can now:\n- Create a ticket with \/newticket\n- View your tickets with \/mytickets\n- Receive ticket updates on Telegram","parse_mode":"HTML"}
[2026-02-26 12:05:51] Making curl request...
[2026-02-26 12:05:52] HTTP CODE: 200
[2026-02-26 12:05:52] RAW RESPONSE: {"ok":true,"result":{"message_id":174,"from":{"id":8415659161,"is_bot":true,"first_name":"ML Ticket","username":"ml_ticket_bot"},"chat":{"id":768732984,"first_name":"Hay Kongmeng -","last_name":"\u17a0\u17c3 \u1782\u1784\u17cb\u1798\u17c9\u17c1\u1784","username":"KongMeng_Hay","type":"private"},"date":1772107552,"text":"Your account has been linked successfully.\n\nYou can now:\n- Create a ticket with /newticket\n- View your tickets with /mytickets\n- Receive ticket updates on Telegram","entitie
[2026-02-26 12:05:52] CURL ERROR: none
[2026-02-26 12:05:52] SUCCESS: sendMessage completed
==========
[2026-02-26 12:06:02] ========== REQUEST ==========
[2026-02-26 12:06:02] METHOD: sendMessage
[2026-02-26 12:06:02] URL: https://api.telegram.org/bot8415659161:AAFhCHpE_74h5bHbmk4ERUgrT2JtP-RQHXA/sendMessage
[2026-02-26 12:06:02] PARAMS: {"chat_id":768732984,"text":"Please enter your email address to link your support account.","parse_mode":"HTML"}
[2026-02-26 12:06:02] Making curl request...
[2026-02-26 12:06:03] HTTP CODE: 200
[2026-02-26 12:06:03] RAW RESPONSE: {"ok":true,"result":{"message_id":176,"from":{"id":8415659161,"is_bot":true,"first_name":"ML Ticket","username":"ml_ticket_bot"},"chat":{"id":768732984,"first_name":"Hay Kongmeng -","last_name":"\u17a0\u17c3 \u1782\u1784\u17cb\u1798\u17c9\u17c1\u1784","username":"KongMeng_Hay","type":"private"},"date":1772107563,"text":"Please enter your email address to link your support account."}}
[2026-02-26 12:06:03] CURL ERROR: none
[2026-02-26 12:06:03] SUCCESS: sendMessage completed
==========
[2026-02-26 12:06:16] ========== REQUEST ==========
[2026-02-26 12:06:16] METHOD: sendMessage
[2026-02-26 12:06:16] URL: https://api.telegram.org/bot8415659161:AAFhCHpE_74h5bHbmk4ERUgrT2JtP-RQHXA/sendMessage
[2026-02-26 12:06:16] PARAMS: {"chat_id":768732984,"text":"Your account has been linked successfully.\n\nYou can now:\n- Create a ticket with \/newticket\n- View your tickets with \/mytickets\n- Receive ticket updates on Telegram","parse_mode":"HTML"}
[2026-02-26 12:06:16] Making curl request...
[2026-02-26 12:06:17] HTTP CODE: 200
[2026-02-26 12:06:17] RAW RESPONSE: {"ok":true,"result":{"message_id":178,"from":{"id":8415659161,"is_bot":true,"first_name":"ML Ticket","username":"ml_ticket_bot"},"chat":{"id":768732984,"first_name":"Hay Kongmeng -","last_name":"\u17a0\u17c3 \u1782\u1784\u17cb\u1798\u17c9\u17c1\u1784","username":"KongMeng_Hay","type":"private"},"date":1772107577,"text":"Your account has been linked successfully.\n\nYou can now:\n- Create a ticket with /newticket\n- View your tickets with /mytickets\n- Receive ticket updates on Telegram","entitie
[2026-02-26 12:06:17] CURL ERROR: none
[2026-02-26 12:06:17] SUCCESS: sendMessage completed
==========
[2026-02-26 13:07:32] ========== REQUEST ==========
[2026-02-26 13:07:32] METHOD: sendMessage
[2026-02-26 13:07:32] URL: https://api.telegram.org/bot8415659161:AAFhCHpE_74h5bHbmk4ERUgrT2JtP-RQHXA/sendMessage
[2026-02-26 13:07:32] PARAMS: {"chat_id":768732984,"text":"\n\nWelcome, <b>Hay Kongmeng - \u17a0\u17c3 \u1782\u1784\u17cb\u1798\u17c9\u17c1\u1784<\/b>! Your Telegram account is linked.\n\nUse the button below to open Mini App, or \/help to see commands.","parse_mode":"HTML","reply_markup":"{\"inline_keyboard\":[[{\"text\":\"Open Mini App\",\"web_app\":{\"url\":\"https:\\\/\\\/harmonistic-imaginary-luanne.ngrok-free.dev\\\/telegram-app.html\"}}]]}"}
[2026-02-26 13:07:32] Making curl request...
[2026-02-26 13:07:33] HTTP CODE: 200
[2026-02-26 13:07:33] RAW RESPONSE: {"ok":true,"result":{"message_id":180,"from":{"id":8415659161,"is_bot":true,"first_name":"ML Ticket","username":"ml_ticket_bot"},"chat":{"id":768732984,"first_name":"Hay Kongmeng -","last_name":"\u17a0\u17c3 \u1782\u1784\u17cb\u1798\u17c9\u17c1\u1784","username":"KongMeng_Hay","type":"private"},"date":1772111253,"text":"Welcome, Hay Kongmeng - \u17a0\u17c3 \u1782\u1784\u17cb\u1798\u17c9\u17c1\u1784! Your Telegram account is linked.\n\nUse the button below to open Mini App, or /help to see comman
[2026-02-26 13:07:33] CURL ERROR: none
[2026-02-26 13:07:33] SUCCESS: sendMessage completed
==========
[2026-02-26 13:07:53] ========== REQUEST ==========
[2026-02-26 13:07:53] METHOD: sendMessage
[2026-02-26 13:07:53] URL: https://api.telegram.org/bot8415659161:AAFhCHpE_74h5bHbmk4ERUgrT2JtP-RQHXA/sendMessage
[2026-02-26 13:07:53] PARAMS: {"chat_id":768732984,"text":"\n\nUse \/link to connect your support account first.","parse_mode":"HTML"}
[2026-02-26 13:07:53] Making curl request...
[2026-02-26 13:07:54] HTTP CODE: 200
[2026-02-26 13:07:54] RAW RESPONSE: {"ok":true,"result":{"message_id":182,"from":{"id":8415659161,"is_bot":true,"first_name":"ML Ticket","username":"ml_ticket_bot"},"chat":{"id":768732984,"first_name":"Hay Kongmeng -","last_name":"\u17a0\u17c3 \u1782\u1784\u17cb\u1798\u17c9\u17c1\u1784","username":"KongMeng_Hay","type":"private"},"date":1772111274,"text":"Use /link to connect your support account first.","entities":[{"offset":4,"length":5,"type":"bot_command"}]}}
[2026-02-26 13:07:54] CURL ERROR: none
[2026-02-26 13:07:55] SUCCESS: sendMessage completed
==========
[2026-02-26 13:07:58] ========== REQUEST ==========
[2026-02-26 13:07:58] METHOD: sendMessage
[2026-02-26 13:07:58] URL: https://api.telegram.org/bot8415659161:AAFhCHpE_74h5bHbmk4ERUgrT2JtP-RQHXA/sendMessage
[2026-02-26 13:07:58] PARAMS: {"chat_id":768732984,"text":"Please enter your email address to link your support account.","parse_mode":"HTML"}
[2026-02-26 13:07:58] Making curl request...
[2026-02-26 13:07:59] HTTP CODE: 200
[2026-02-26 13:07:59] RAW RESPONSE: {"ok":true,"result":{"message_id":184,"from":{"id":8415659161,"is_bot":true,"first_name":"ML Ticket","username":"ml_ticket_bot"},"chat":{"id":768732984,"first_name":"Hay Kongmeng -","last_name":"\u17a0\u17c3 \u1782\u1784\u17cb\u1798\u17c9\u17c1\u1784","username":"KongMeng_Hay","type":"private"},"date":1772111279,"text":"Please enter your email address to link your support account."}}
[2026-02-26 13:07:59] CURL ERROR: none
[2026-02-26 13:07:59] SUCCESS: sendMessage completed
==========
[2026-02-26 13:08:04] ========== REQUEST ==========
[2026-02-26 13:08:04] METHOD: sendMessage
[2026-02-26 13:08:04] URL: https://api.telegram.org/bot8415659161:AAFhCHpE_74h5bHbmk4ERUgrT2JtP-RQHXA/sendMessage
[2026-02-26 13:08:04] PARAMS: {"chat_id":768732984,"text":"Your account has been linked successfully.\n\nYou can now:\n- Create a ticket with \/newticket\n- View your tickets with \/mytickets\n- Receive ticket updates on Telegram","parse_mode":"HTML"}
[2026-02-26 13:08:04] Making curl request...
[2026-02-26 13:08:05] HTTP CODE: 200
[2026-02-26 13:08:05] RAW RESPONSE: {"ok":true,"result":{"message_id":186,"from":{"id":8415659161,"is_bot":true,"first_name":"ML Ticket","username":"ml_ticket_bot"},"chat":{"id":768732984,"first_name":"Hay Kongmeng -","last_name":"\u17a0\u17c3 \u1782\u1784\u17cb\u1798\u17c9\u17c1\u1784","username":"KongMeng_Hay","type":"private"},"date":1772111285,"text":"Your account has been linked successfully.\n\nYou can now:\n- Create a ticket with /newticket\n- View your tickets with /mytickets\n- Receive ticket updates on Telegram","entitie
[2026-02-26 13:08:05] CURL ERROR: none
[2026-02-26 13:08:05] SUCCESS: sendMessage completed
==========
[2026-02-26 13:08:10] ========== REQUEST ==========
[2026-02-26 13:08:10] METHOD: sendMessage
[2026-02-26 13:08:10] URL: https://api.telegram.org/bot8415659161:AAFhCHpE_74h5bHbmk4ERUgrT2JtP-RQHXA/sendMessage
[2026-02-26 13:08:10] PARAMS: {"chat_id":768732984,"text":"\n\nWelcome, <b>Hay Kongmeng - \u17a0\u17c3 \u1782\u1784\u17cb\u1798\u17c9\u17c1\u1784<\/b>! Your Telegram account is linked.\n\nUse the button below to open Mini App, or \/help to see commands.","parse_mode":"HTML","reply_markup":"{\"inline_keyboard\":[[{\"text\":\"Open Mini App\",\"web_app\":{\"url\":\"https:\\\/\\\/harmonistic-imaginary-luanne.ngrok-free.dev\\\/telegram-app.html\"}}]]}"}
[2026-02-26 13:08:10] Making curl request...
[2026-02-26 13:08:12] HTTP CODE: 200
[2026-02-26 13:08:12] RAW RESPONSE: {"ok":true,"result":{"message_id":188,"from":{"id":8415659161,"is_bot":true,"first_name":"ML Ticket","username":"ml_ticket_bot"},"chat":{"id":768732984,"first_name":"Hay Kongmeng -","last_name":"\u17a0\u17c3 \u1782\u1784\u17cb\u1798\u17c9\u17c1\u1784","username":"KongMeng_Hay","type":"private"},"date":1772111292,"text":"Welcome, Hay Kongmeng - \u17a0\u17c3 \u1782\u1784\u17cb\u1798\u17c9\u17c1\u1784! Your Telegram account is linked.\n\nUse the button below to open Mini App, or /help to see comman
[2026-02-26 13:08:12] CURL ERROR: none
[2026-02-26 13:08:12] SUCCESS: sendMessage completed
==========
[2026-02-27 01:52:10] ========== REQUEST ==========
[2026-02-27 01:52:10] METHOD: sendMessage
[2026-02-27 01:52:10] URL: https://api.telegram.org/bot8415659161:AAFhCHpE_74h5bHbmk4ERUgrT2JtP-RQHXA/sendMessage
[2026-02-27 01:52:10] PARAMS: {"chat_id":768732984,"text":"\n\nWelcome, <b>Hay Kongmeng - \u17a0\u17c3 \u1782\u1784\u17cb\u1798\u17c9\u17c1\u1784<\/b>! Your Telegram account is linked.\n\nUse the button below to open Mini App, or \/help to see commands.","parse_mode":"HTML","reply_markup":"{\"inline_keyboard\":[[{\"text\":\"Open Mini App\",\"web_app\":{\"url\":\"https:\\\/\\\/harmonistic-imaginary-luanne.ngrok-free.dev\\\/telegram-app.html\"}}]]}"}
[2026-02-27 01:52:10] Making curl request...
[2026-02-27 01:52:11] HTTP CODE: 200
[2026-02-27 01:52:11] RAW RESPONSE: {"ok":true,"result":{"message_id":190,"from":{"id":8415659161,"is_bot":true,"first_name":"ML Ticket","username":"ml_ticket_bot"},"chat":{"id":768732984,"first_name":"Hay Kongmeng -","last_name":"\u17a0\u17c3 \u1782\u1784\u17cb\u1798\u17c9\u17c1\u1784","username":"KongMeng_Hay","type":"private"},"date":1772157131,"text":"Welcome, Hay Kongmeng - \u17a0\u17c3 \u1782\u1784\u17cb\u1798\u17c9\u17c1\u1784! Your Telegram account is linked.\n\nUse the button below to open Mini App, or /help to see comman
[2026-02-27 01:52:11] CURL ERROR: none
[2026-02-27 01:52:11] SUCCESS: sendMessage completed
==========
[2026-02-27 01:56:23] ========== REQUEST ==========
[2026-02-27 01:56:23] METHOD: sendMessage
[2026-02-27 01:56:23] URL: https://api.telegram.org/bot8415659161:AAFhCHpE_74h5bHbmk4ERUgrT2JtP-RQHXA/sendMessage
[2026-02-27 01:56:23] PARAMS: {"chat_id":768732984,"text":"\n\nUse \/link to connect your support account first.","parse_mode":"HTML"}
[2026-02-27 01:56:23] Making curl request...
[2026-02-27 01:56:24] HTTP CODE: 200
[2026-02-27 01:56:24] RAW RESPONSE: {"ok":true,"result":{"message_id":192,"from":{"id":8415659161,"is_bot":true,"first_name":"ML Ticket","username":"ml_ticket_bot"},"chat":{"id":768732984,"first_name":"Hay Kongmeng -","last_name":"\u17a0\u17c3 \u1782\u1784\u17cb\u1798\u17c9\u17c1\u1784","username":"KongMeng_Hay","type":"private"},"date":1772157384,"text":"Use /link to connect your support account first.","entities":[{"offset":4,"length":5,"type":"bot_command"}]}}
[2026-02-27 01:56:24] CURL ERROR: none
[2026-02-27 01:56:24] SUCCESS: sendMessage completed
==========
[2026-02-27 01:56:28] ========== REQUEST ==========
[2026-02-27 01:56:28] METHOD: sendMessage
[2026-02-27 01:56:28] URL: https://api.telegram.org/bot8415659161:AAFhCHpE_74h5bHbmk4ERUgrT2JtP-RQHXA/sendMessage
[2026-02-27 01:56:28] PARAMS: {"chat_id":768732984,"text":"Please enter your email address to link your support account.","parse_mode":"HTML"}
[2026-02-27 01:56:28] Making curl request...
[2026-02-27 01:56:28] HTTP CODE: 200
[2026-02-27 01:56:28] RAW RESPONSE: {"ok":true,"result":{"message_id":194,"from":{"id":8415659161,"is_bot":true,"first_name":"ML Ticket","username":"ml_ticket_bot"},"chat":{"id":768732984,"first_name":"Hay Kongmeng -","last_name":"\u17a0\u17c3 \u1782\u1784\u17cb\u1798\u17c9\u17c1\u1784","username":"KongMeng_Hay","type":"private"},"date":1772157388,"text":"Please enter your email address to link your support account."}}
[2026-02-27 01:56:28] CURL ERROR: none
[2026-02-27 01:56:28] SUCCESS: sendMessage completed
==========
[2026-02-27 01:56:34] ========== REQUEST ==========
[2026-02-27 01:56:34] METHOD: sendMessage
[2026-02-27 01:56:34] URL: https://api.telegram.org/bot8415659161:AAFhCHpE_74h5bHbmk4ERUgrT2JtP-RQHXA/sendMessage
[2026-02-27 01:56:34] PARAMS: {"chat_id":768732984,"text":"Your account has been linked successfully.\n\nYou can now:\n- Create a ticket with \/newticket\n- View your tickets with \/mytickets\n- Receive ticket updates on Telegram","parse_mode":"HTML"}
[2026-02-27 01:56:34] Making curl request...
[2026-02-27 01:56:35] HTTP CODE: 200
[2026-02-27 01:56:35] RAW RESPONSE: {"ok":true,"result":{"message_id":196,"from":{"id":8415659161,"is_bot":true,"first_name":"ML Ticket","username":"ml_ticket_bot"},"chat":{"id":768732984,"first_name":"Hay Kongmeng -","last_name":"\u17a0\u17c3 \u1782\u1784\u17cb\u1798\u17c9\u17c1\u1784","username":"KongMeng_Hay","type":"private"},"date":1772157395,"text":"Your account has been linked successfully.\n\nYou can now:\n- Create a ticket with /newticket\n- View your tickets with /mytickets\n- Receive ticket updates on Telegram","entitie
[2026-02-27 01:56:35] CURL ERROR: none
[2026-02-27 01:56:35] SUCCESS: sendMessage completed
==========
[2026-02-27 01:57:22] ========== REQUEST ==========
[2026-02-27 01:57:22] METHOD: sendMessage
[2026-02-27 01:57:22] URL: https://api.telegram.org/bot8415659161:AAFhCHpE_74h5bHbmk4ERUgrT2JtP-RQHXA/sendMessage
[2026-02-27 01:57:22] PARAMS: {"chat_id":768732984,"text":"Please enter your email address to link your support account.","parse_mode":"HTML"}
[2026-02-27 01:57:22] Making curl request...
[2026-02-27 01:57:23] HTTP CODE: 200
[2026-02-27 01:57:23] RAW RESPONSE: {"ok":true,"result":{"message_id":199,"from":{"id":8415659161,"is_bot":true,"first_name":"ML Ticket","username":"ml_ticket_bot"},"chat":{"id":768732984,"first_name":"Hay Kongmeng -","last_name":"\u17a0\u17c3 \u1782\u1784\u17cb\u1798\u17c9\u17c1\u1784","username":"KongMeng_Hay","type":"private"},"date":1772157443,"text":"Please enter your email address to link your support account."}}
[2026-02-27 01:57:23] CURL ERROR: none
[2026-02-27 01:57:23] SUCCESS: sendMessage completed
==========
[2026-02-27 01:57:25] ========== REQUEST ==========
[2026-02-27 01:57:25] METHOD: sendMessage
[2026-02-27 01:57:25] URL: https://api.telegram.org/bot8415659161:AAFhCHpE_74h5bHbmk4ERUgrT2JtP-RQHXA/sendMessage
[2026-02-27 01:57:25] PARAMS: {"chat_id":768732984,"text":"\n\nUse \/link to connect your support account first.","parse_mode":"HTML"}
[2026-02-27 01:57:25] Making curl request...
[2026-02-27 01:57:25] HTTP CODE: 200
[2026-02-27 01:57:25] RAW RESPONSE: {"ok":true,"result":{"message_id":200,"from":{"id":8415659161,"is_bot":true,"first_name":"ML Ticket","username":"ml_ticket_bot"},"chat":{"id":768732984,"first_name":"Hay Kongmeng -","last_name":"\u17a0\u17c3 \u1782\u1784\u17cb\u1798\u17c9\u17c1\u1784","username":"KongMeng_Hay","type":"private"},"date":1772157445,"text":"Use /link to connect your support account first.","entities":[{"offset":4,"length":5,"type":"bot_command"}]}}
[2026-02-27 01:57:25] CURL ERROR: none
[2026-02-27 01:57:26] SUCCESS: sendMessage completed
==========
[2026-02-27 01:57:31] ========== REQUEST ==========
[2026-02-27 01:57:31] METHOD: sendMessage
[2026-02-27 01:57:31] URL: https://api.telegram.org/bot8415659161:AAFhCHpE_74h5bHbmk4ERUgrT2JtP-RQHXA/sendMessage
[2026-02-27 01:57:31] PARAMS: {"chat_id":768732984,"text":"Please enter your email address to link your support account.","parse_mode":"HTML"}
[2026-02-27 01:57:31] Making curl request...
[2026-02-27 01:57:31] HTTP CODE: 200
[2026-02-27 01:57:31] RAW RESPONSE: {"ok":true,"result":{"message_id":202,"from":{"id":8415659161,"is_bot":true,"first_name":"ML Ticket","username":"ml_ticket_bot"},"chat":{"id":768732984,"first_name":"Hay Kongmeng -","last_name":"\u17a0\u17c3 \u1782\u1784\u17cb\u1798\u17c9\u17c1\u1784","username":"KongMeng_Hay","type":"private"},"date":1772157451,"text":"Please enter your email address to link your support account."}}
[2026-02-27 01:57:31] CURL ERROR: none
[2026-02-27 01:57:31] SUCCESS: sendMessage completed
==========
[2026-02-27 01:57:37] ========== REQUEST ==========
[2026-02-27 01:57:37] METHOD: sendMessage
[2026-02-27 01:57:37] URL: https://api.telegram.org/bot8415659161:AAFhCHpE_74h5bHbmk4ERUgrT2JtP-RQHXA/sendMessage
[2026-02-27 01:57:37] PARAMS: {"chat_id":768732984,"text":"Your account has been linked successfully.\n\nYou can now:\n- Create a ticket with \/newticket\n- View your tickets with \/mytickets\n- Receive ticket updates on Telegram","parse_mode":"HTML"}
[2026-02-27 01:57:37] Making curl request...
[2026-02-27 01:57:38] HTTP CODE: 200
[2026-02-27 01:57:38] RAW RESPONSE: {"ok":true,"result":{"message_id":204,"from":{"id":8415659161,"is_bot":true,"first_name":"ML Ticket","username":"ml_ticket_bot"},"chat":{"id":768732984,"first_name":"Hay Kongmeng -","last_name":"\u17a0\u17c3 \u1782\u1784\u17cb\u1798\u17c9\u17c1\u1784","username":"KongMeng_Hay","type":"private"},"date":1772157458,"text":"Your account has been linked successfully.\n\nYou can now:\n- Create a ticket with /newticket\n- View your tickets with /mytickets\n- Receive ticket updates on Telegram","entitie
[2026-02-27 01:57:38] CURL ERROR: none
[2026-02-27 01:57:38] SUCCESS: sendMessage completed
==========
[2026-02-27 02:01:34] ========== REQUEST ==========
[2026-02-27 02:01:34] METHOD: sendMessage
[2026-02-27 02:01:34] URL: https://api.telegram.org/bot8415659161:AAFhCHpE_74h5bHbmk4ERUgrT2JtP-RQHXA/sendMessage
[2026-02-27 02:01:34] PARAMS: {"chat_id":768732984,"text":"\n\nWelcome, <b>Hay Kongmeng - \u17a0\u17c3 \u1782\u1784\u17cb\u1798\u17c9\u17c1\u1784<\/b>! Your Telegram account is linked.\n\nUse the button below to open Mini App, or \/help to see commands.","parse_mode":"HTML","reply_markup":"{\"inline_keyboard\":[[{\"text\":\"Open Mini App\",\"web_app\":{\"url\":\"https:\\\/\\\/harmonistic-imaginary-luanne.ngrok-free.dev\\\/telegram-app.html\"}}]]}"}
[2026-02-27 02:01:34] Making curl request...
[2026-02-27 02:01:35] HTTP CODE: 200
[2026-02-27 02:01:35] RAW RESPONSE: {"ok":true,"result":{"message_id":206,"from":{"id":8415659161,"is_bot":true,"first_name":"ML Ticket","username":"ml_ticket_bot"},"chat":{"id":768732984,"first_name":"Hay Kongmeng -","last_name":"\u17a0\u17c3 \u1782\u1784\u17cb\u1798\u17c9\u17c1\u1784","username":"KongMeng_Hay","type":"private"},"date":1772157695,"text":"Welcome, Hay Kongmeng - \u17a0\u17c3 \u1782\u1784\u17cb\u1798\u17c9\u17c1\u1784! Your Telegram account is linked.\n\nUse the button below to open Mini App, or /help to see comman
[2026-02-27 02:01:35] CURL ERROR: none
[2026-02-27 02:01:35] SUCCESS: sendMessage completed
==========
[2026-02-27 02:01:56] ========== REQUEST ==========
[2026-02-27 02:01:56] METHOD: sendMessage
[2026-02-27 02:01:56] URL: https://api.telegram.org/bot8415659161:AAFhCHpE_74h5bHbmk4ERUgrT2JtP-RQHXA/sendMessage
[2026-02-27 02:01:56] PARAMS: {"chat_id":768732984,"text":"\n\nUse \/link to connect your support account first.","parse_mode":"HTML"}
[2026-02-27 02:01:56] Making curl request...
[2026-02-27 02:01:57] HTTP CODE: 200
[2026-02-27 02:01:57] RAW RESPONSE: {"ok":true,"result":{"message_id":208,"from":{"id":8415659161,"is_bot":true,"first_name":"ML Ticket","username":"ml_ticket_bot"},"chat":{"id":768732984,"first_name":"Hay Kongmeng -","last_name":"\u17a0\u17c3 \u1782\u1784\u17cb\u1798\u17c9\u17c1\u1784","username":"KongMeng_Hay","type":"private"},"date":1772157717,"text":"Use /link to connect your support account first.","entities":[{"offset":4,"length":5,"type":"bot_command"}]}}
[2026-02-27 02:01:57] CURL ERROR: none
[2026-02-27 02:01:57] SUCCESS: sendMessage completed
==========
[2026-02-27 02:02:04] ========== REQUEST ==========
[2026-02-27 02:02:04] METHOD: sendMessage
[2026-02-27 02:02:04] URL: https://api.telegram.org/bot8415659161:AAFhCHpE_74h5bHbmk4ERUgrT2JtP-RQHXA/sendMessage
[2026-02-27 02:02:04] PARAMS: {"chat_id":768732984,"text":"\u00c3\u0192\u00c2\u00a1\u00c3\u2026\u00c2\u00be\u00c3\u201a\u00c2\u0081\u00c3\u0192\u00c2\u00a1\u00c3\u2026\u00c2\u00b8\u00c3\u00a2\u00e2\u201a\u00ac\u00e2\u201e\u00a2\u00c3\u0192\u00c2\u00a1\u00c3\u2026\u00c2\u00be\u00c3\u00a2\u00e2\u201a\u00ac\u00c2\u00b0\u00c3\u0192\u00c2\u00a1\u00c3\u2026\u00c2\u00be\u00c3\u201a\u00c2\u00bb\u00c3\u0192\u00c2\u00a1\u00c3\u2026\u00c2\u00b8\u00c3\u00a2\u00e2\u201a\u00ac\u00c2\u00a0\u00c3\u0192\u00c2\u00a1\u00c3\u2026\u00c2\u00be\u00c3\u2039\u00c5\u201c\u00c3\u0192\u00c2\u00a1\u00c3\u2026\u00c2\u00be\u00c3\u201a\u00c2\u00b7\u00c3\u0192\u00c2\u00a1\u00c3\u2026\u00c2\u00be\u00c3\u00a2\u00e2\u201a\u00ac\u00c5\u201c\u00c3\u0192\u00c2\u00a1\u00c3\u2026\u00c2\u00be\u00c3\u00a2\u00e2\u20ac\u017e\u00c2\u00a2\u00c3\u0192\u00c2\u00a1\u00c3\u2026\u00c2\u00be\u00c3\u00a2\u00e2\u201a\u00ac\u00c2\u00ba\u00c3\u0192\u00c2\u00a1\u00c3\u2026\u00c2\u00b8\u00c3\u00a2\u00e2\u201a\u00ac\u00c2\u00b9\u00c3\u0192\u00c2\u00a1\u00c3\u2026\u00c2\u00be\u00c3\u2026\u00c2\u00a0\u00c3\u0192\u00c2\u00a1\u00c3\u2026\u00c2\u00b8\u00c3\u00a2\u00e2\u201a\u00ac\u00c5\u00a1\u00c3\u0192\u00c2\u00a1\u00c3\u2026\u00c2\u00be\u00c3\u00a2\u00e2\u201a\u00ac\u00c2\u00ba\u00c3\u0192\u00c2\u00a1\u00c3\u2026\u00c2\u00be\u00c3\u00a2\u00e2\u201a\u00ac\u00c5\u201c\u00c3\u0192\u00c2\u00a1\u00c3\u2026\u00c2\u00b8\u00c3\u00a2\u00e2\u201a\u00ac\u00c5\u00be\u00c3\u0192\u00c2\u00a1\u00c3\u2026\u00c2\u00b8\u00c3\u00a2\u00e2\u201a\u00ac\u00c2\u00a1\u00c3\u0192\u00c2\u00a1\u00c3\u2026\u00c2\u00be\u00c3\u00a2\u00e2\u201a\u00ac\u00cb\u0153\u00c3\u0192\u00c2\u00a1\u00c3\u2026\u00c2\u00b8\u00c3\u201a\u00c2\u0081\u00c3\u0192\u00c2\u00a1\u00c3\u2026\u00c2\u00b8\u00c3\u00a2\u00e2\u201a\u00ac\u00c2\u009d \u00c3\u0192\u00c2\u00a1\u00c3\u2026\u00c2\u00be\u00c3\u00a2\u00e2\u201a\u00ac\u00c2\u009d\u00c3\u0192\u00c2\u00a1\u00c3\u2026\u00c2\u00b8\u00c3\u00a2\u00e2\u201a\u00ac\u00e2\u201e\u00a2\u00c3\u0192\u00c2\u00a1\u00c3\u2026\u00c2\u00be\u00c3\u2026\u00c2\u00a1\u00c3\u0192\u00c2\u00a1\u00c3\u2026\u00c2\u00be\u00c3\u201a\u00c2\u00be \/help \u00c3\u0192\u00c2\u00a1\u00c3\u2026\u00c2\u00be\u00c3\u2026\u00c2\u00a0\u00c3\u0192\u00c2\u00a1\u00c3\u2026\u00c2\u00be\u00c3\u201a\u00c2\u00be\u00c3\u0192\u00c2\u00a1\u00c3\u2026\u00c2\u00be\u00c3\u2039\u00c5\u201c\u00c3\u0192\u00c2\u00a1\u00c3\u2026\u00c2\u00b8\u00c3\u00a2\u00e2\u201a\u00ac\u00e2\u201e\u00a2\u00c3\u0192\u00c2\u00a1\u00c3\u2026\u00c2\u00be\u00c3\u00a2\u00e2\u201a\u00ac\u00c2\u009d\u00c3\u0192\u00c2\u00a1\u00c3\u2026\u00c2\u00be\u00c3\u201a\u00c2\u00b8\u00c3\u0192\u00c2\u00a1\u00c3\u2026\u00c2\u00be\u00c3\u2039\u00c5\u201c\u00c3\u0192\u00c2\u00a1\u00c3\u2026\u00c2\u00be\u00c3\u201a\u00c2\u00be\u00c3\u0192\u00c2\u00a1\u00c3\u2026\u00c2\u00be\u00c3\u00a2\u00e2\u201a\u00ac\u00c2\u00ba\u00c3\u0192\u00c2\u00a1\u00c3\u2026\u00c2\u00be\u00c3\u00a2\u00e2\u201a\u00ac\u00e2\u20ac\u0153\u00c3\u0192\u00c2\u00a1\u00c3\u2026\u00c2\u00be\u00c3\u201a\u00c2\u00b6\u00c3\u0192\u00c2\u00a1\u00c3\u2026\u00c2\u00be\u00c3\u00a2\u00e2\u20ac\u0161\u00c2\u00ac\u00c3\u0192\u00c2\u00a1\u00c3\u2026\u00c2\u00b8\u00c3\u00a2\u00e2\u201a\u00ac\u00e2\u201e\u00a2\u00c3\u0192\u00c2\u00a1\u00c3\u2026\u00c2\u00be\u00c3\u00a2\u00e2\u20ac\u017e\u00c2\u00a2\u00c3\u0192\u00c2\u00a1\u00c3\u2026\u00c2\u00be\u00c3\u00a2\u00e2\u201a\u00ac\u00c2\u009d\u00c3\u0192\u00c2\u00a1\u00c3\u2026\u00c2\u00be\u00c3\u00a2\u00e2\u201a\u00ac\u00c2\u00b0\u00c3\u0192\u00c2\u00a1\u00c3\u2026\u00c2\u00b8\u00c3\u00a2\u00e2\u201a\u00ac\u00e2\u201e\u00a2\u00c3\u0192\u00c2\u00a1\u00c3\u2026\u00c2\u00be\u00c3\u00a2\u00e2\u201a\u00ac\u00c2\u00a1\u00c3\u0192\u00c2\u00a1\u00c3\u2026\u00c2\u00be\u00c3\u201a\u00c2\u00b6\u00c3\u0192\u00c2\u00a1\u00c3\u2026\u00c2\u00be\u00c3\u2026\u00c2\u00a0\u00c3\u0192\u00c2\u00a1\u00c3\u2026\u00c2\u00b8\u00c3\u00a2\u00e2\u201a\u00ac\u00c5\u00a1\u00c3\u0192\u00c2\u00a1\u00c3\u2026\u00c2\u00be\u00c3\u00a2\u00e2\u201a\u00ac\u00c2\u00ba\u00c3\u0192\u00c2\u00a1\u00c3\u2026\u00c2\u00be\u00c3\u2039\u00c5\u201c\u00c3\u0192\u00c2\u00a1\u00c3\u2026\u00c2\u00be\u00c3\u201a\u00c2\u00b6\u00c3\u0192\u00c2\u00a1\u00c3\u2026\u00c2\u00be\u00c3\u00a2\u00e2\u201a\u00ac\u00c5\u201c\u00c3\u0192\u00c2\u00a1\u00c3\u2026\u00c2\u00b8\u00c3\u00a2\u00e2\u201a\u00ac\u00c2\u009d","parse_mode":"HTML"}
[2026-02-27 02:02:04] Making curl request...
[2026-02-27 02:02:05] HTTP CODE: 200
[2026-02-27 02:02:05] RAW RESPONSE: {"ok":true,"result":{"message_id":210,"from":{"id":8415659161,"is_bot":true,"first_name":"ML Ticket","username":"ml_ticket_bot"},"chat":{"id":768732984,"first_name":"Hay Kongmeng -","last_name":"\u17a0\u17c3 \u1782\u1784\u17cb\u1798\u17c9\u17c1\u1784","username":"KongMeng_Hay","type":"private"},"date":1772157724,"text":"\u00c3\u0192\u00c2\u00a1\u00c3\u2026\u00c2\u00be\u00c3\u201a\u00c2\u0081\u00c3\u0192\u00c2\u00a1\u00c3\u2026\u00c2\u00b8\u00c3\u00a2\u00e2\u201a\u00ac\u00e2\u201e\u00a2\u00c3\u01
[2026-02-27 02:02:05] CURL ERROR: none
[2026-02-27 02:02:05] SUCCESS: sendMessage completed
==========
[2026-02-27 02:02:13] ========== REQUEST ==========
[2026-02-27 02:02:13] METHOD: sendMessage
[2026-02-27 02:02:13] URL: https://api.telegram.org/bot8415659161:AAFhCHpE_74h5bHbmk4ERUgrT2JtP-RQHXA/sendMessage
[2026-02-27 02:02:13] PARAMS: {"chat_id":768732984,"text":"\n\nUse \/link to connect your support account first.","parse_mode":"HTML"}
[2026-02-27 02:02:13] Making curl request...
[2026-02-27 02:02:14] HTTP CODE: 200
[2026-02-27 02:02:14] RAW RESPONSE: {"ok":true,"result":{"message_id":212,"from":{"id":8415659161,"is_bot":true,"first_name":"ML Ticket","username":"ml_ticket_bot"},"chat":{"id":768732984,"first_name":"Hay Kongmeng -","last_name":"\u17a0\u17c3 \u1782\u1784\u17cb\u1798\u17c9\u17c1\u1784","username":"KongMeng_Hay","type":"private"},"date":1772157734,"text":"Use /link to connect your support account first.","entities":[{"offset":4,"length":5,"type":"bot_command"}]}}
[2026-02-27 02:02:14] CURL ERROR: none
[2026-02-27 02:02:14] SUCCESS: sendMessage completed
==========
[2026-02-27 02:02:20] ========== REQUEST ==========
[2026-02-27 02:02:20] METHOD: sendMessage
[2026-02-27 02:02:20] URL: https://api.telegram.org/bot8415659161:AAFhCHpE_74h5bHbmk4ERUgrT2JtP-RQHXA/sendMessage
[2026-02-27 02:02:20] PARAMS: {"chat_id":768732984,"text":"\u00c3\u0192\u00c2\u00a1\u00c3\u2026\u00c2\u00be\u00c3\u201a\u00c2\u0081\u00c3\u0192\u00c2\u00a1\u00c3\u2026\u00c2\u00b8\u00c3\u00a2\u00e2\u201a\u00ac\u00e2\u201e\u00a2\u00c3\u0192\u00c2\u00a1\u00c3\u2026\u00c2\u00be\u00c3\u00a2\u00e2\u201a\u00ac\u00c2\u00b0\u00c3\u0192\u00c2\u00a1\u00c3\u2026\u00c2\u00be\u00c3\u201a\u00c2\u00bb\u00c3\u0192\u00c2\u00a1\u00c3\u2026\u00c2\u00b8\u00c3\u00a2\u00e2\u201a\u00ac\u00c2\u00a0\u00c3\u0192\u00c2\u00a1\u00c3\u2026\u00c2\u00be\u00c3\u2039\u00c5\u201c\u00c3\u0192\u00c2\u00a1\u00c3\u2026\u00c2\u00be\u00c3\u201a\u00c2\u00b7\u00c3\u0192\u00c2\u00a1\u00c3\u2026\u00c2\u00be\u00c3\u00a2\u00e2\u201a\u00ac\u00c5\u201c\u00c3\u0192\u00c2\u00a1\u00c3\u2026\u00c2\u00be\u00c3\u00a2\u00e2\u20ac\u017e\u00c2\u00a2\u00c3\u0192\u00c2\u00a1\u00c3\u2026\u00c2\u00be\u00c3\u00a2\u00e2\u201a\u00ac\u00c2\u00ba\u00c3\u0192\u00c2\u00a1\u00c3\u2026\u00c2\u00b8\u00c3\u00a2\u00e2\u201a\u00ac\u00c2\u00b9\u00c3\u0192\u00c2\u00a1\u00c3\u2026\u00c2\u00be\u00c3\u2026\u00c2\u00a0\u00c3\u0192\u00c2\u00a1\u00c3\u2026\u00c2\u00b8\u00c3\u00a2\u00e2\u201a\u00ac\u00c5\u00a1\u00c3\u0192\u00c2\u00a1\u00c3\u2026\u00c2\u00be\u00c3\u00a2\u00e2\u201a\u00ac\u00c2\u00ba\u00c3\u0192\u00c2\u00a1\u00c3\u2026\u00c2\u00be\u00c3\u00a2\u00e2\u201a\u00ac\u00c5\u201c\u00c3\u0192\u00c2\u00a1\u00c3\u2026\u00c2\u00b8\u00c3\u00a2\u00e2\u201a\u00ac\u00c5\u00be\u00c3\u0192\u00c2\u00a1\u00c3\u2026\u00c2\u00b8\u00c3\u00a2\u00e2\u201a\u00ac\u00c2\u00a1\u00c3\u0192\u00c2\u00a1\u00c3\u2026\u00c2\u00be\u00c3\u00a2\u00e2\u201a\u00ac\u00cb\u0153\u00c3\u0192\u00c2\u00a1\u00c3\u2026\u00c2\u00b8\u00c3\u201a\u00c2\u0081\u00c3\u0192\u00c2\u00a1\u00c3\u2026\u00c2\u00b8\u00c3\u00a2\u00e2\u201a\u00ac\u00c2\u009d \u00c3\u0192\u00c2\u00a1\u00c3\u2026\u00c2\u00be\u00c3\u00a2\u00e2\u201a\u00ac\u00c2\u009d\u00c3\u0192\u00c2\u00a1\u00c3\u2026\u00c2\u00b8\u00c3\u00a2\u00e2\u201a\u00ac\u00e2\u201e\u00a2\u00c3\u0192\u00c2\u00a1\u00c3\u2026\u00c2\u00be\u00c3\u2026\u00c2\u00a1\u00c3\u0192\u00c2\u00a1\u00c3\u2026\u00c2\u00be\u00c3\u201a\u00c2\u00be \/help \u00c3\u0192\u00c2\u00a1\u00c3\u2026\u00c2\u00be\u00c3\u2026\u00c2\u00a0\u00c3\u0192\u00c2\u00a1\u00c3\u2026\u00c2\u00be\u00c3\u201a\u00c2\u00be\u00c3\u0192\u00c2\u00a1\u00c3\u2026\u00c2\u00be\u00c3\u2039\u00c5\u201c\u00c3\u0192\u00c2\u00a1\u00c3\u2026\u00c2\u00b8\u00c3\u00a2\u00e2\u201a\u00ac\u00e2\u201e\u00a2\u00c3\u0192\u00c2\u00a1\u00c3\u2026\u00c2\u00be\u00c3\u00a2\u00e2\u201a\u00ac\u00c2\u009d\u00c3\u0192\u00c2\u00a1\u00c3\u2026\u00c2\u00be\u00c3\u201a\u00c2\u00b8\u00c3\u0192\u00c2\u00a1\u00c3\u2026\u00c2\u00be\u00c3\u2039\u00c5\u201c\u00c3\u0192\u00c2\u00a1\u00c3\u2026\u00c2\u00be\u00c3\u201a\u00c2\u00be\u00c3\u0192\u00c2\u00a1\u00c3\u2026\u00c2\u00be\u00c3\u00a2\u00e2\u201a\u00ac\u00c2\u00ba\u00c3\u0192\u00c2\u00a1\u00c3\u2026\u00c2\u00be\u00c3\u00a2\u00e2\u201a\u00ac\u00e2\u20ac\u0153\u00c3\u0192\u00c2\u00a1\u00c3\u2026\u00c2\u00be\u00c3\u201a\u00c2\u00b6\u00c3\u0192\u00c2\u00a1\u00c3\u2026\u00c2\u00be\u00c3\u00a2\u00e2\u20ac\u0161\u00c2\u00ac\u00c3\u0192\u00c2\u00a1\u00c3\u2026\u00c2\u00b8\u00c3\u00a2\u00e2\u201a\u00ac\u00e2\u201e\u00a2\u00c3\u0192\u00c2\u00a1\u00c3\u2026\u00c2\u00be\u00c3\u00a2\u00e2\u20ac\u017e\u00c2\u00a2\u00c3\u0192\u00c2\u00a1\u00c3\u2026\u00c2\u00be\u00c3\u00a2\u00e2\u201a\u00ac\u00c2\u009d\u00c3\u0192\u00c2\u00a1\u00c3\u2026\u00c2\u00be\u00c3\u00a2\u00e2\u201a\u00ac\u00c2\u00b0\u00c3\u0192\u00c2\u00a1\u00c3\u2026\u00c2\u00b8\u00c3\u00a2\u00e2\u201a\u00ac\u00e2\u201e\u00a2\u00c3\u0192\u00c2\u00a1\u00c3\u2026\u00c2\u00be\u00c3\u00a2\u00e2\u201a\u00ac\u00c2\u00a1\u00c3\u0192\u00c2\u00a1\u00c3\u2026\u00c2\u00be\u00c3\u201a\u00c2\u00b6\u00c3\u0192\u00c2\u00a1\u00c3\u2026\u00c2\u00be\u00c3\u2026\u00c2\u00a0\u00c3\u0192\u00c2\u00a1\u00c3\u2026\u00c2\u00b8\u00c3\u00a2\u00e2\u201a\u00ac\u00c5\u00a1\u00c3\u0192\u00c2\u00a1\u00c3\u2026\u00c2\u00be\u00c3\u00a2\u00e2\u201a\u00ac\u00c2\u00ba\u00c3\u0192\u00c2\u00a1\u00c3\u2026\u00c2\u00be\u00c3\u2039\u00c5\u201c\u00c3\u0192\u00c2\u00a1\u00c3\u2026\u00c2\u00be\u00c3\u201a\u00c2\u00b6\u00c3\u0192\u00c2\u00a1\u00c3\u2026\u00c2\u00be\u00c3\u00a2\u00e2\u201a\u00ac\u00c5\u201c\u00c3\u0192\u00c2\u00a1\u00c3\u2026\u00c2\u00b8\u00c3\u00a2\u00e2\u201a\u00ac\u00c2\u009d","parse_mode":"HTML"}
[2026-02-27 02:02:20] Making curl request...
[2026-02-27 02:02:21] HTTP CODE: 200
[2026-02-27 02:02:21] RAW RESPONSE: {"ok":true,"result":{"message_id":214,"from":{"id":8415659161,"is_bot":true,"first_name":"ML Ticket","username":"ml_ticket_bot"},"chat":{"id":768732984,"first_name":"Hay Kongmeng -","last_name":"\u17a0\u17c3 \u1782\u1784\u17cb\u1798\u17c9\u17c1\u1784","username":"KongMeng_Hay","type":"private"},"date":1772157740,"text":"\u00c3\u0192\u00c2\u00a1\u00c3\u2026\u00c2\u00be\u00c3\u201a\u00c2\u0081\u00c3\u0192\u00c2\u00a1\u00c3\u2026\u00c2\u00b8\u00c3\u00a2\u00e2\u201a\u00ac\u00e2\u201e\u00a2\u00c3\u01
[2026-02-27 02:02:21] CURL ERROR: none
[2026-02-27 02:02:21] SUCCESS: sendMessage completed
==========
[2026-02-27 02:06:39] ========== REQUEST ==========
[2026-02-27 02:06:39] METHOD: sendMessage
[2026-02-27 02:06:39] URL: https://api.telegram.org/bot8415659161:AAFhCHpE_74h5bHbmk4ERUgrT2JtP-RQHXA/sendMessage
[2026-02-27 02:06:39] PARAMS: {"chat_id":768732984,"text":"\n\nUse \/link to connect your support account first.","parse_mode":"HTML"}
[2026-02-27 02:06:39] Making curl request...
[2026-02-27 02:06:40] HTTP CODE: 200
[2026-02-27 02:06:40] RAW RESPONSE: {"ok":true,"result":{"message_id":216,"from":{"id":8415659161,"is_bot":true,"first_name":"ML Ticket","username":"ml_ticket_bot"},"chat":{"id":768732984,"first_name":"Hay Kongmeng -","last_name":"\u17a0\u17c3 \u1782\u1784\u17cb\u1798\u17c9\u17c1\u1784","username":"KongMeng_Hay","type":"private"},"date":1772157999,"text":"Use /link to connect your support account first.","entities":[{"offset":4,"length":5,"type":"bot_command"}]}}
[2026-02-27 02:06:40] CURL ERROR: none
[2026-02-27 02:06:40] SUCCESS: sendMessage completed
==========
[2026-02-27 02:07:01] ========== REQUEST ==========
[2026-02-27 02:07:01] METHOD: sendMessage
[2026-02-27 02:07:01] URL: https://api.telegram.org/bot8415659161:AAFhCHpE_74h5bHbmk4ERUgrT2JtP-RQHXA/sendMessage
[2026-02-27 02:07:01] PARAMS: {"chat_id":768732984,"text":"\u1781\u17d2\u1789\u17bb\u17c6\u1798\u17b7\u1793\u1799\u179b\u17cb\u178a\u17c2\u179b\u1793\u17c4\u17c7\u1791\u17c1\u17d4 \u1794\u17d2\u179a\u17be \/help \u178a\u17be\u1798\u17d2\u1794\u17b8\u1798\u17be\u179b\u1796\u17b6\u1780\u17d2\u1799\u1794\u1789\u17d2\u1787\u17b6\u178a\u17c2\u179b\u1798\u17b6\u1793\u17d4","parse_mode":"HTML"}
[2026-02-27 02:07:01] Making curl request...
[2026-02-27 02:07:02] HTTP CODE: 200
[2026-02-27 02:07:02] RAW RESPONSE: {"ok":true,"result":{"message_id":218,"from":{"id":8415659161,"is_bot":true,"first_name":"ML Ticket","username":"ml_ticket_bot"},"chat":{"id":768732984,"first_name":"Hay Kongmeng -","last_name":"\u17a0\u17c3 \u1782\u1784\u17cb\u1798\u17c9\u17c1\u1784","username":"KongMeng_Hay","type":"private"},"date":1772158021,"text":"\u1781\u17d2\u1789\u17bb\u17c6\u1798\u17b7\u1793\u1799\u179b\u17cb\u178a\u17c2\u179b\u1793\u17c4\u17c7\u1791\u17c1\u17d4 \u1794\u17d2\u179a\u17be /help \u178a\u17be\u1798\u17d2\u
[2026-02-27 02:07:02] CURL ERROR: none
[2026-02-27 02:07:02] SUCCESS: sendMessage completed
==========
[2026-02-27 02:07:16] ========== REQUEST ==========
[2026-02-27 02:07:16] METHOD: sendMessage
[2026-02-27 02:07:16] URL: https://api.telegram.org/bot8415659161:AAFhCHpE_74h5bHbmk4ERUgrT2JtP-RQHXA/sendMessage
[2026-02-27 02:07:16] PARAMS: {"chat_id":768732984,"text":"Please enter your email address to link your support account.","parse_mode":"HTML"}
[2026-02-27 02:07:16] Making curl request...
[2026-02-27 02:07:17] HTTP CODE: 200
[2026-02-27 02:07:17] RAW RESPONSE: {"ok":true,"result":{"message_id":220,"from":{"id":8415659161,"is_bot":true,"first_name":"ML Ticket","username":"ml_ticket_bot"},"chat":{"id":768732984,"first_name":"Hay Kongmeng -","last_name":"\u17a0\u17c3 \u1782\u1784\u17cb\u1798\u17c9\u17c1\u1784","username":"KongMeng_Hay","type":"private"},"date":1772158037,"text":"Please enter your email address to link your support account."}}
[2026-02-27 02:07:17] CURL ERROR: none
[2026-02-27 02:07:17] SUCCESS: sendMessage completed
==========
[2026-02-27 02:07:31] ========== REQUEST ==========
[2026-02-27 02:07:31] METHOD: sendMessage
[2026-02-27 02:07:31] URL: https://api.telegram.org/bot8415659161:AAFhCHpE_74h5bHbmk4ERUgrT2JtP-RQHXA/sendMessage
[2026-02-27 02:07:31] PARAMS: {"chat_id":768732984,"text":"Your account has been linked successfully.\n\nYou can now:\n- Create a ticket with \/newticket\n- View your tickets with \/mytickets\n- Receive ticket updates on Telegram","parse_mode":"HTML"}
[2026-02-27 02:07:31] Making curl request...
[2026-02-27 02:07:33] HTTP CODE: 200
[2026-02-27 02:07:33] RAW RESPONSE: {"ok":true,"result":{"message_id":222,"from":{"id":8415659161,"is_bot":true,"first_name":"ML Ticket","username":"ml_ticket_bot"},"chat":{"id":768732984,"first_name":"Hay Kongmeng -","last_name":"\u17a0\u17c3 \u1782\u1784\u17cb\u1798\u17c9\u17c1\u1784","username":"KongMeng_Hay","type":"private"},"date":1772158052,"text":"Your account has been linked successfully.\n\nYou can now:\n- Create a ticket with /newticket\n- View your tickets with /mytickets\n- Receive ticket updates on Telegram","entitie
[2026-02-27 02:07:33] CURL ERROR: none
[2026-02-27 02:07:33] SUCCESS: sendMessage completed
==========
[2026-02-27 02:13:03] ========== REQUEST ==========
[2026-02-27 02:13:03] METHOD: sendMessage
[2026-02-27 02:13:03] URL: https://api.telegram.org/bot8415659161:AAFhCHpE_74h5bHbmk4ERUgrT2JtP-RQHXA/sendMessage
[2026-02-27 02:13:03] PARAMS: {"chat_id":768732984,"text":"\n\nUse \/link to connect your support account first.","parse_mode":"HTML"}
[2026-02-27 02:13:03] Making curl request...
[2026-02-27 02:13:04] HTTP CODE: 200
[2026-02-27 02:13:04] RAW RESPONSE: {"ok":true,"result":{"message_id":224,"from":{"id":8415659161,"is_bot":true,"first_name":"ML Ticket","username":"ml_ticket_bot"},"chat":{"id":768732984,"first_name":"Hay Kongmeng -","last_name":"\u17a0\u17c3 \u1782\u1784\u17cb\u1798\u17c9\u17c1\u1784","username":"KongMeng_Hay","type":"private"},"date":1772158383,"text":"Use /link to connect your support account first.","entities":[{"offset":4,"length":5,"type":"bot_command"}]}}
[2026-02-27 02:13:04] CURL ERROR: none
[2026-02-27 02:13:04] SUCCESS: sendMessage completed
==========
[2026-02-27 02:13:06] ========== REQUEST ==========
[2026-02-27 02:13:06] METHOD: sendMessage
[2026-02-27 02:13:06] URL: https://api.telegram.org/bot8415659161:AAFhCHpE_74h5bHbmk4ERUgrT2JtP-RQHXA/sendMessage
[2026-02-27 02:13:06] PARAMS: {"chat_id":768732984,"text":"Please enter your email address to link your support account.","parse_mode":"HTML"}
[2026-02-27 02:13:06] Making curl request...
[2026-02-27 02:13:07] HTTP CODE: 200
[2026-02-27 02:13:07] RAW RESPONSE: {"ok":true,"result":{"message_id":226,"from":{"id":8415659161,"is_bot":true,"first_name":"ML Ticket","username":"ml_ticket_bot"},"chat":{"id":768732984,"first_name":"Hay Kongmeng -","last_name":"\u17a0\u17c3 \u1782\u1784\u17cb\u1798\u17c9\u17c1\u1784","username":"KongMeng_Hay","type":"private"},"date":1772158386,"text":"Please enter your email address to link your support account."}}
[2026-02-27 02:13:07] CURL ERROR: none
[2026-02-27 02:13:07] SUCCESS: sendMessage completed
==========
[2026-02-27 02:13:14] ========== REQUEST ==========
[2026-02-27 02:13:14] METHOD: sendMessage
[2026-02-27 02:13:14] URL: https://api.telegram.org/bot8415659161:AAFhCHpE_74h5bHbmk4ERUgrT2JtP-RQHXA/sendMessage
[2026-02-27 02:13:14] PARAMS: {"chat_id":768732984,"text":"Your account has been linked successfully.\n\nYou can now:\n- Create a ticket with \/newticket\n- View your tickets with \/mytickets\n- Receive ticket updates on Telegram","parse_mode":"HTML"}
[2026-02-27 02:13:14] Making curl request...
[2026-02-27 02:13:15] HTTP CODE: 200
[2026-02-27 02:13:15] RAW RESPONSE: {"ok":true,"result":{"message_id":228,"from":{"id":8415659161,"is_bot":true,"first_name":"ML Ticket","username":"ml_ticket_bot"},"chat":{"id":768732984,"first_name":"Hay Kongmeng -","last_name":"\u17a0\u17c3 \u1782\u1784\u17cb\u1798\u17c9\u17c1\u1784","username":"KongMeng_Hay","type":"private"},"date":1772158395,"text":"Your account has been linked successfully.\n\nYou can now:\n- Create a ticket with /newticket\n- View your tickets with /mytickets\n- Receive ticket updates on Telegram","entitie
[2026-02-27 02:13:15] CURL ERROR: none
[2026-02-27 02:13:15] SUCCESS: sendMessage completed
==========
[2026-02-27 04:36:49] ========== REQUEST ==========
[2026-02-27 04:36:49] METHOD: sendMessage
[2026-02-27 04:36:49] URL: https://api.telegram.org/bot8415659161:AAFhCHpE_74h5bHbmk4ERUgrT2JtP-RQHXA/sendMessage
[2026-02-27 04:36:49] PARAMS: {"chat_id":768732984,"text":"\u1781\u17d2\u1789\u17bb\u17c6\u1798\u17b7\u1793\u1799\u179b\u17cb\u178a\u17c2\u179b\u1793\u17c4\u17c7\u1791\u17c1\u17d4 \u1794\u17d2\u179a\u17be \/help \u178a\u17be\u1798\u17d2\u1794\u17b8\u1798\u17be\u179b\u1796\u17b6\u1780\u17d2\u1799\u1794\u1789\u17d2\u1787\u17b6\u178a\u17c2\u179b\u1798\u17b6\u1793\u17d4","parse_mode":"HTML"}
[2026-02-27 04:36:49] Making curl request...
[2026-02-27 04:36:50] HTTP CODE: 200
[2026-02-27 04:36:50] RAW RESPONSE: {"ok":true,"result":{"message_id":230,"from":{"id":8415659161,"is_bot":true,"first_name":"ML Ticket","username":"ml_ticket_bot"},"chat":{"id":768732984,"first_name":"Hay Kongmeng -","last_name":"\u17a0\u17c3 \u1782\u1784\u17cb\u1798\u17c9\u17c1\u1784","username":"KongMeng_Hay","type":"private"},"date":1772167010,"text":"\u1781\u17d2\u1789\u17bb\u17c6\u1798\u17b7\u1793\u1799\u179b\u17cb\u178a\u17c2\u179b\u1793\u17c4\u17c7\u1791\u17c1\u17d4 \u1794\u17d2\u179a\u17be /help \u178a\u17be\u1798\u17d2\u
[2026-02-27 04:36:50] CURL ERROR: none
[2026-02-27 04:36:50] SUCCESS: sendMessage completed
==========
[2026-02-27 04:39:14] ========== REQUEST ==========
[2026-02-27 04:39:14] METHOD: sendMessage
[2026-02-27 04:39:14] URL: https://api.telegram.org/bot8415659161:AAFhCHpE_74h5bHbmk4ERUgrT2JtP-RQHXA/sendMessage
[2026-02-27 04:39:14] PARAMS: {"chat_id":768732984,"text":"\u1781\u17d2\u1789\u17bb\u17c6\u1798\u17b7\u1793\u1799\u179b\u17cb\u178a\u17c2\u179b\u1793\u17c4\u17c7\u1791\u17c1\u17d4 \u1794\u17d2\u179a\u17be \/help \u178a\u17be\u1798\u17d2\u1794\u17b8\u1798\u17be\u179b\u1796\u17b6\u1780\u17d2\u1799\u1794\u1789\u17d2\u1787\u17b6\u178a\u17c2\u179b\u1798\u17b6\u1793\u17d4","parse_mode":"HTML"}
[2026-02-27 04:39:14] Making curl request...
[2026-02-27 04:39:15] HTTP CODE: 200
[2026-02-27 04:39:15] RAW RESPONSE: {"ok":true,"result":{"message_id":232,"from":{"id":8415659161,"is_bot":true,"first_name":"ML Ticket","username":"ml_ticket_bot"},"chat":{"id":768732984,"first_name":"Hay Kongmeng -","last_name":"\u17a0\u17c3 \u1782\u1784\u17cb\u1798\u17c9\u17c1\u1784","username":"KongMeng_Hay","type":"private"},"date":1772167155,"text":"\u1781\u17d2\u1789\u17bb\u17c6\u1798\u17b7\u1793\u1799\u179b\u17cb\u178a\u17c2\u179b\u1793\u17c4\u17c7\u1791\u17c1\u17d4 \u1794\u17d2\u179a\u17be /help \u178a\u17be\u1798\u17d2\u
[2026-02-27 04:39:15] CURL ERROR: none
[2026-02-27 04:39:15] SUCCESS: sendMessage completed
==========
[2026-02-27 04:39:27] ========== REQUEST ==========
[2026-02-27 04:39:27] METHOD: sendMessage
[2026-02-27 04:39:27] URL: https://api.telegram.org/bot8415659161:AAFhCHpE_74h5bHbmk4ERUgrT2JtP-RQHXA/sendMessage
[2026-02-27 04:39:27] PARAMS: {"chat_id":768732984,"text":"Please enter your email address to link your support account.","parse_mode":"HTML"}
[2026-02-27 04:39:27] Making curl request...
[2026-02-27 04:39:28] HTTP CODE: 200
[2026-02-27 04:39:28] RAW RESPONSE: {"ok":true,"result":{"message_id":234,"from":{"id":8415659161,"is_bot":true,"first_name":"ML Ticket","username":"ml_ticket_bot"},"chat":{"id":768732984,"first_name":"Hay Kongmeng -","last_name":"\u17a0\u17c3 \u1782\u1784\u17cb\u1798\u17c9\u17c1\u1784","username":"KongMeng_Hay","type":"private"},"date":1772167168,"text":"Please enter your email address to link your support account."}}
[2026-02-27 04:39:28] CURL ERROR: none
[2026-02-27 04:39:28] SUCCESS: sendMessage completed
==========
[2026-02-27 04:45:09] ========== REQUEST ==========
[2026-02-27 04:45:09] METHOD: sendMessage
[2026-02-27 04:45:09] URL: https://api.telegram.org/bot8415659161:AAFhCHpE_74h5bHbmk4ERUgrT2JtP-RQHXA/sendMessage
[2026-02-27 04:45:09] PARAMS: {"chat_id":768732984,"text":"Telegram commands are disabled. Please use the Mini App.","parse_mode":"HTML","reply_markup":"{\"inline_keyboard\":[[{\"text\":\"Open Mini App\",\"web_app\":{\"url\":\"https:\\\/\\\/harmonistic-imaginary-luanne.ngrok-free.dev\\\/telegram-app.html\"}}]]}"}
[2026-02-27 04:45:09] Making curl request...
[2026-02-27 04:45:10] HTTP CODE: 200
[2026-02-27 04:45:10] RAW RESPONSE: {"ok":true,"result":{"message_id":236,"from":{"id":8415659161,"is_bot":true,"first_name":"ML Ticket","username":"ml_ticket_bot"},"chat":{"id":768732984,"first_name":"Hay Kongmeng -","last_name":"\u17a0\u17c3 \u1782\u1784\u17cb\u1798\u17c9\u17c1\u1784","username":"KongMeng_Hay","type":"private"},"date":1772167509,"text":"Telegram commands are disabled. Please use the Mini App.","reply_markup":{"inline_keyboard":[[{"text":"Open Mini App","web_app":{"url":"https://harmonistic-imaginary-luanne.ngrok
[2026-02-27 04:45:10] CURL ERROR: none
[2026-02-27 04:45:10] SUCCESS: sendMessage completed
==========
[2026-02-27 04:48:08] ========== REQUEST ==========
[2026-02-27 04:48:08] METHOD: sendMessage
[2026-02-27 04:48:08] URL: https://api.telegram.org/bot8415659161:AAFhCHpE_74h5bHbmk4ERUgrT2JtP-RQHXA/sendMessage
[2026-02-27 04:48:08] PARAMS: {"chat_id":768732984,"text":"\n\nWelcome, <b>Hay Kongmeng - \u17a0\u17c3 \u1782\u1784\u17cb\u1798\u17c9\u17c1\u1784<\/b>! Your Telegram account is linked.\n\nUse the button below to open Mini App.","parse_mode":"HTML","reply_markup":"{\"inline_keyboard\":[[{\"text\":\"Open Mini App\",\"web_app\":{\"url\":\"https:\\\/\\\/harmonistic-imaginary-luanne.ngrok-free.dev\\\/telegram-app.html\"}}]]}"}
[2026-02-27 04:48:08] Making curl request...
[2026-02-27 04:48:09] HTTP CODE: 200
[2026-02-27 04:48:09] RAW RESPONSE: {"ok":true,"result":{"message_id":238,"from":{"id":8415659161,"is_bot":true,"first_name":"ML Ticket","username":"ml_ticket_bot"},"chat":{"id":768732984,"first_name":"Hay Kongmeng -","last_name":"\u17a0\u17c3 \u1782\u1784\u17cb\u1798\u17c9\u17c1\u1784","username":"KongMeng_Hay","type":"private"},"date":1772167689,"text":"Welcome, Hay Kongmeng - \u17a0\u17c3 \u1782\u1784\u17cb\u1798\u17c9\u17c1\u1784! Your Telegram account is linked.\n\nUse the button below to open Mini App.","entities":[{"offset"
[2026-02-27 04:48:09] CURL ERROR: none
[2026-02-27 04:48:09] SUCCESS: sendMessage completed
==========
[2026-02-27 04:48:15] ========== REQUEST ==========
[2026-02-27 04:48:15] METHOD: sendMessage
[2026-02-27 04:48:15] URL: https://api.telegram.org/bot8415659161:AAFhCHpE_74h5bHbmk4ERUgrT2JtP-RQHXA/sendMessage
[2026-02-27 04:48:15] PARAMS: {"chat_id":768732984,"text":"Please use the Mini App for support actions.","parse_mode":"HTML","reply_markup":"{\"inline_keyboard\":[[{\"text\":\"Open Mini App\",\"web_app\":{\"url\":\"https:\\\/\\\/harmonistic-imaginary-luanne.ngrok-free.dev\\\/telegram-app.html\"}}]]}"}
[2026-02-27 04:48:15] Making curl request...
[2026-02-27 04:48:16] HTTP CODE: 200
[2026-02-27 04:48:16] RAW RESPONSE: {"ok":true,"result":{"message_id":240,"from":{"id":8415659161,"is_bot":true,"first_name":"ML Ticket","username":"ml_ticket_bot"},"chat":{"id":768732984,"first_name":"Hay Kongmeng -","last_name":"\u17a0\u17c3 \u1782\u1784\u17cb\u1798\u17c9\u17c1\u1784","username":"KongMeng_Hay","type":"private"},"date":1772167695,"text":"Please use the Mini App for support actions.","reply_markup":{"inline_keyboard":[[{"text":"Open Mini App","web_app":{"url":"https://harmonistic-imaginary-luanne.ngrok-free.dev/te
[2026-02-27 04:48:16] CURL ERROR: none
[2026-02-27 04:48:16] SUCCESS: sendMessage completed
==========
