[2026-02-05 07:20:16] ===== WEBHOOK HANDLER START =====
[2026-02-05 07:20:16] Input received, size: 496
[2026-02-05 07:20:16] JSON parsed, update_id: 86303770
[2026-02-05 07:20:16] Loading telegram config for company 1...
[2026-02-05 07:20:16] Config found, bot token: 8511296428:AAEE...
[2026-02-05 07:20:16] Webhook secret in DB: SET
[2026-02-05 07:20:16] Secret header from Telegram: PRESENT
[2026-02-05 07:20:16] ERROR: Invalid webhook secret
[2026-02-05 07:21:45] ===== WEBHOOK HANDLER START =====
[2026-02-05 07:21:45] Input received, size: 496
[2026-02-05 07:21:45] JSON parsed, update_id: 86303771
[2026-02-05 07:21:45] Loading telegram config for company 1...
[2026-02-05 07:21:45] Config found, bot token: 8511296428:AAEE...
[2026-02-05 07:21:45] Webhook secret in DB: SET
[2026-02-05 07:21:45] Secret header from Telegram: PRESENT
[2026-02-05 07:21:45] ERROR: Invalid webhook secret (ignored)
[2026-02-05 07:21:45] Secret validation passed
[2026-02-05 07:21:45] Creating TelegramWebhook handler...
[2026-02-05 07:21:45] Calling handler->handle()...
[2026-02-05 07:21:45] Handler completed successfully
[2026-02-05 07:21:45] Sending OK response to Telegram
[2026-02-05 07:21:50] ===== WEBHOOK HANDLER START =====
[2026-02-05 07:21:50] Input received, size: 497
[2026-02-05 07:21:50] JSON parsed, update_id: 86303772
[2026-02-05 07:21:50] Loading telegram config for company 1...
[2026-02-05 07:21:50] Config found, bot token: 8511296428:AAEE...
[2026-02-05 07:21:50] Webhook secret in DB: SET
[2026-02-05 07:21:50] Secret header from Telegram: PRESENT
[2026-02-05 07:21:50] ERROR: Invalid webhook secret (ignored)
[2026-02-05 07:21:50] Secret validation passed
[2026-02-05 07:21:50] Creating TelegramWebhook handler...
[2026-02-05 07:21:50] Calling handler->handle()...
[2026-02-05 07:21:50] Handler completed successfully
[2026-02-05 07:21:50] Sending OK response to Telegram
[2026-02-05 07:21:55] ===== WEBHOOK HANDLER START =====
[2026-02-05 07:21:55] Input received, size: 497
[2026-02-05 07:21:55] JSON parsed, update_id: 86303773
[2026-02-05 07:21:55] Loading telegram config for company 1...
[2026-02-05 07:21:55] Config found, bot token: 8511296428:AAEE...
[2026-02-05 07:21:55] Webhook secret in DB: SET
[2026-02-05 07:21:55] Secret header from Telegram: PRESENT
[2026-02-05 07:21:55] ERROR: Invalid webhook secret (ignored)
[2026-02-05 07:21:55] Secret validation passed
[2026-02-05 07:21:55] Creating TelegramWebhook handler...
[2026-02-05 07:21:55] Calling handler->handle()...
[2026-02-05 07:21:55] Handler completed successfully
[2026-02-05 07:21:55] Sending OK response to Telegram
[2026-02-05 07:22:00] ===== WEBHOOK HANDLER START =====
[2026-02-05 07:22:00] Input received, size: 502
[2026-02-05 07:22:00] JSON parsed, update_id: 86303774
[2026-02-05 07:22:00] Loading telegram config for company 1...
[2026-02-05 07:22:00] Config found, bot token: 8511296428:AAEE...
[2026-02-05 07:22:00] Webhook secret in DB: SET
[2026-02-05 07:22:00] Secret header from Telegram: PRESENT
[2026-02-05 07:22:00] ERROR: Invalid webhook secret (ignored)
[2026-02-05 07:22:00] Secret validation passed
[2026-02-05 07:22:00] Creating TelegramWebhook handler...
[2026-02-05 07:22:00] Calling handler->handle()...
[2026-02-05 07:22:00] Handler completed successfully
[2026-02-05 07:22:00] Sending OK response to Telegram
[2026-02-05 07:22:02] ===== WEBHOOK HANDLER START =====
[2026-02-05 07:22:02] Input received, size: 883
[2026-02-05 07:22:02] JSON parsed, update_id: 86303775
[2026-02-05 07:22:02] Loading telegram config for company 1...
[2026-02-05 07:22:02] Config found, bot token: 8511296428:AAEE...
[2026-02-05 07:22:02] Webhook secret in DB: SET
[2026-02-05 07:22:02] Secret header from Telegram: PRESENT
[2026-02-05 07:22:02] ERROR: Invalid webhook secret (ignored)
[2026-02-05 07:22:02] Secret validation passed
[2026-02-05 07:22:02] Creating TelegramWebhook handler...
[2026-02-05 07:22:02] Calling handler->handle()...
[2026-02-05 07:22:02] Handler completed successfully
[2026-02-05 07:22:02] Sending OK response to Telegram
[2026-02-05 07:22:07] ===== WEBHOOK HANDLER START =====
[2026-02-05 07:22:07] Input received, size: 1306
[2026-02-05 07:22:07] JSON parsed, update_id: 86303776
[2026-02-05 07:22:07] Loading telegram config for company 1...
[2026-02-05 07:22:07] Config found, bot token: 8511296428:AAEE...
[2026-02-05 07:22:07] Webhook secret in DB: SET
[2026-02-05 07:22:07] Secret header from Telegram: PRESENT
[2026-02-05 07:22:07] ERROR: Invalid webhook secret (ignored)
[2026-02-05 07:22:07] Secret validation passed
[2026-02-05 07:22:07] Creating TelegramWebhook handler...
[2026-02-05 07:22:07] Calling handler->handle()...
[2026-02-05 07:22:07] Handler completed successfully
[2026-02-05 07:22:07] Sending OK response to Telegram
[2026-02-05 07:22:11] ===== WEBHOOK HANDLER START =====
[2026-02-05 07:22:11] Input received, size: 435
[2026-02-05 07:22:11] JSON parsed, update_id: 86303777
[2026-02-05 07:22:11] Loading telegram config for company 1...
[2026-02-05 07:22:11] Config found, bot token: 8511296428:AAEE...
[2026-02-05 07:22:11] Webhook secret in DB: SET
[2026-02-05 07:22:11] Secret header from Telegram: PRESENT
[2026-02-05 07:22:11] ERROR: Invalid webhook secret (ignored)
[2026-02-05 07:22:11] Secret validation passed
[2026-02-05 07:22:11] Creating TelegramWebhook handler...
[2026-02-05 07:22:11] Calling handler->handle()...
[2026-02-05 07:22:11] Handler completed successfully
[2026-02-05 07:22:11] Sending OK response to Telegram
[2026-02-05 07:27:29] ===== WEBHOOK HANDLER START =====
[2026-02-05 07:27:29] Input received, size: 502
[2026-02-05 07:27:29] JSON parsed, update_id: 86303778
[2026-02-05 07:27:29] Loading telegram config for company 1...
[2026-02-05 07:27:29] Config found, bot token: 8511296428:AAEE...
[2026-02-05 07:27:29] Webhook secret in DB: SET
[2026-02-05 07:27:29] Secret header from Telegram: PRESENT
[2026-02-05 07:27:29] ERROR: Invalid webhook secret (ignored)
[2026-02-05 07:27:29] Secret validation passed
[2026-02-05 07:27:29] Creating TelegramWebhook handler...
[2026-02-05 07:27:29] Calling handler->handle()...
[2026-02-05 07:27:29] Handler completed successfully
[2026-02-05 07:27:29] Sending OK response to Telegram
[2026-02-05 07:27:31] ===== WEBHOOK HANDLER START =====
[2026-02-05 07:27:31] Input received, size: 883
[2026-02-05 07:27:31] JSON parsed, update_id: 86303779
[2026-02-05 07:27:31] Loading telegram config for company 1...
[2026-02-05 07:27:31] Config found, bot token: 8511296428:AAEE...
[2026-02-05 07:27:31] Webhook secret in DB: SET
[2026-02-05 07:27:31] Secret header from Telegram: PRESENT
[2026-02-05 07:27:31] ERROR: Invalid webhook secret (ignored)
[2026-02-05 07:27:31] Secret validation passed
[2026-02-05 07:27:31] Creating TelegramWebhook handler...
[2026-02-05 07:27:31] Calling handler->handle()...
[2026-02-05 07:27:31] Handler completed successfully
[2026-02-05 07:27:31] Sending OK response to Telegram
[2026-02-05 07:27:35] ===== WEBHOOK HANDLER START =====
[2026-02-05 07:27:35] Input received, size: 1302
[2026-02-05 07:27:35] JSON parsed, update_id: 86303780
[2026-02-05 07:27:35] Loading telegram config for company 1...
[2026-02-05 07:27:35] Config found, bot token: 8511296428:AAEE...
[2026-02-05 07:27:35] Webhook secret in DB: SET
[2026-02-05 07:27:35] Secret header from Telegram: PRESENT
[2026-02-05 07:27:35] ERROR: Invalid webhook secret (ignored)
[2026-02-05 07:27:35] Secret validation passed
[2026-02-05 07:27:35] Creating TelegramWebhook handler...
[2026-02-05 07:27:35] Calling handler->handle()...
[2026-02-05 07:27:35] Handler completed successfully
[2026-02-05 07:27:35] Sending OK response to Telegram
[2026-02-05 07:27:38] ===== WEBHOOK HANDLER START =====
[2026-02-05 07:27:38] Input received, size: 438
[2026-02-05 07:27:38] JSON parsed, update_id: 86303781
[2026-02-05 07:27:38] Loading telegram config for company 1...
[2026-02-05 07:27:38] Config found, bot token: 8511296428:AAEE...
[2026-02-05 07:27:38] Webhook secret in DB: SET
[2026-02-05 07:27:38] Secret header from Telegram: PRESENT
[2026-02-05 07:27:38] ERROR: Invalid webhook secret (ignored)
[2026-02-05 07:27:38] Secret validation passed
[2026-02-05 07:27:38] Creating TelegramWebhook handler...
[2026-02-05 07:27:38] Calling handler->handle()...
[2026-02-05 07:27:38] Handler completed successfully
[2026-02-05 07:27:38] Sending OK response to Telegram
[2026-02-05 07:28:05] ===== WEBHOOK HANDLER START =====
[2026-02-05 07:28:05] Input received, size: 502
[2026-02-05 07:28:05] JSON parsed, update_id: 86303782
[2026-02-05 07:28:05] Loading telegram config for company 1...
[2026-02-05 07:28:05] Config found, bot token: 8511296428:AAEE...
[2026-02-05 07:28:05] Webhook secret in DB: SET
[2026-02-05 07:28:05] Secret header from Telegram: PRESENT
[2026-02-05 07:28:05] ERROR: Invalid webhook secret (ignored)
[2026-02-05 07:28:05] Secret validation passed
[2026-02-05 07:28:05] Creating TelegramWebhook handler...
[2026-02-05 07:28:05] Calling handler->handle()...
[2026-02-05 07:28:05] Handler completed successfully
[2026-02-05 07:28:05] Sending OK response to Telegram
[2026-02-05 07:28:14] ===== WEBHOOK HANDLER START =====
[2026-02-05 07:28:14] Input received, size: 502
[2026-02-05 07:28:14] JSON parsed, update_id: 86303783
[2026-02-05 07:28:14] Loading telegram config for company 1...
[2026-02-05 07:28:14] Config found, bot token: 8511296428:AAEE...
[2026-02-05 07:28:14] Webhook secret in DB: SET
[2026-02-05 07:28:14] Secret header from Telegram: PRESENT
[2026-02-05 07:28:14] ERROR: Invalid webhook secret (ignored)
[2026-02-05 07:28:14] Secret validation passed
[2026-02-05 07:28:14] Creating TelegramWebhook handler...
[2026-02-05 07:28:14] Calling handler->handle()...
[2026-02-05 07:28:14] Handler completed successfully
[2026-02-05 07:28:14] Sending OK response to Telegram
[2026-02-05 07:28:16] ===== WEBHOOK HANDLER START =====
[2026-02-05 07:28:16] Input received, size: 883
[2026-02-05 07:28:16] JSON parsed, update_id: 86303784
[2026-02-05 07:28:16] Loading telegram config for company 1...
[2026-02-05 07:28:16] Config found, bot token: 8511296428:AAEE...
[2026-02-05 07:28:16] Webhook secret in DB: SET
[2026-02-05 07:28:16] Secret header from Telegram: PRESENT
[2026-02-05 07:28:16] ERROR: Invalid webhook secret (ignored)
[2026-02-05 07:28:16] Secret validation passed
[2026-02-05 07:28:16] Creating TelegramWebhook handler...
[2026-02-05 07:28:16] Calling handler->handle()...
[2026-02-05 07:28:16] Handler completed successfully
[2026-02-05 07:28:16] Sending OK response to Telegram
[2026-02-05 07:28:19] ===== WEBHOOK HANDLER START =====
[2026-02-05 07:28:19] Input received, size: 1305
[2026-02-05 07:28:19] JSON parsed, update_id: 86303785
[2026-02-05 07:28:19] Loading telegram config for company 1...
[2026-02-05 07:28:19] Config found, bot token: 8511296428:AAEE...
[2026-02-05 07:28:19] Webhook secret in DB: SET
[2026-02-05 07:28:19] Secret header from Telegram: PRESENT
[2026-02-05 07:28:19] ERROR: Invalid webhook secret (ignored)
[2026-02-05 07:28:19] Secret validation passed
[2026-02-05 07:28:19] Creating TelegramWebhook handler...
[2026-02-05 07:28:19] Calling handler->handle()...
[2026-02-05 07:28:19] Handler completed successfully
[2026-02-05 07:28:19] Sending OK response to Telegram
[2026-02-05 07:28:25] ===== WEBHOOK HANDLER START =====
[2026-02-05 07:28:25] Input received, size: 437
[2026-02-05 07:28:25] JSON parsed, update_id: 86303786
[2026-02-05 07:28:25] Loading telegram config for company 1...
[2026-02-05 07:28:25] Config found, bot token: 8511296428:AAEE...
[2026-02-05 07:28:25] Webhook secret in DB: SET
[2026-02-05 07:28:25] Secret header from Telegram: PRESENT
[2026-02-05 07:28:25] ERROR: Invalid webhook secret (ignored)
[2026-02-05 07:28:25] Secret validation passed
[2026-02-05 07:28:25] Creating TelegramWebhook handler...
[2026-02-05 07:28:25] Calling handler->handle()...
[2026-02-05 07:28:25] Handler completed successfully
[2026-02-05 07:28:25] Sending OK response to Telegram
[2026-02-05 08:09:05] ===== WEBHOOK HANDLER START =====
[2026-02-05 08:09:05] Input received, size: 497
[2026-02-05 08:09:05] JSON parsed, update_id: 86303787
[2026-02-05 08:09:05] Loading telegram config for company 1...
[2026-02-05 08:09:05] Config found, bot token: 8511296428:AAEE...
[2026-02-05 08:09:05] Webhook secret in DB: SET
[2026-02-05 08:09:05] Secret header from Telegram: PRESENT
[2026-02-05 08:09:05] ERROR: Invalid webhook secret (ignored)
[2026-02-05 08:09:05] Secret validation passed
[2026-02-05 08:09:05] Creating TelegramWebhook handler...
[2026-02-05 08:09:05] Calling handler->handle()...
[2026-02-05 08:09:05] Handler completed successfully
[2026-02-05 08:09:05] Sending OK response to Telegram
[2026-02-05 08:12:04] ===== WEBHOOK HANDLER START =====
[2026-02-05 08:12:04] Input received, size: 497
[2026-02-05 08:12:04] JSON parsed, update_id: 86303788
[2026-02-05 08:12:04] Loading telegram config for company 1...
[2026-02-05 08:12:04] Config found, bot token: 8511296428:AAEE...
[2026-02-05 08:12:04] Webhook secret in DB: SET
[2026-02-05 08:12:04] Secret header from Telegram: PRESENT
[2026-02-05 08:12:04] ERROR: Invalid webhook secret (ignored)
[2026-02-05 08:12:04] Secret validation passed
[2026-02-05 08:12:04] Creating TelegramWebhook handler...
[2026-02-05 08:12:04] Calling handler->handle()...
[2026-02-05 08:12:04] Handler completed successfully
[2026-02-05 08:12:04] Sending OK response to Telegram
[2026-02-05 08:12:38] ===== WEBHOOK HANDLER START =====
[2026-02-05 08:12:38] Input received, size: 497
[2026-02-05 08:12:38] JSON parsed, update_id: 86303789
[2026-02-05 08:12:38] Loading telegram config for company 1...
[2026-02-05 08:12:38] Config found, bot token: 8511296428:AAEE...
[2026-02-05 08:12:38] Webhook secret in DB: SET
[2026-02-05 08:12:38] Secret header from Telegram: PRESENT
[2026-02-05 08:12:38] ERROR: Invalid webhook secret (ignored)
[2026-02-05 08:12:38] Secret validation passed
[2026-02-05 08:12:38] Creating TelegramWebhook handler...
[2026-02-05 08:12:38] Calling handler->handle()...
[2026-02-05 08:12:38] Handler completed successfully
[2026-02-05 08:12:38] Sending OK response to Telegram
[2026-02-05 08:19:36] ===== WEBHOOK HANDLER START =====
[2026-02-05 08:19:36] Input received, size: 496
[2026-02-05 08:19:36] JSON parsed, update_id: 86303790
[2026-02-05 08:19:36] Loading telegram config for company 1...
[2026-02-05 08:19:36] Config found, bot token: 8511296428:AAEE...
[2026-02-05 08:19:36] Webhook secret in DB: SET
[2026-02-05 08:19:36] Secret header from Telegram: PRESENT
[2026-02-05 08:19:36] ERROR: Invalid webhook secret (ignored)
[2026-02-05 08:19:36] Secret validation passed
[2026-02-05 08:19:36] Creating TelegramWebhook handler...
[2026-02-05 08:19:36] Calling handler->handle()...
[2026-02-05 08:19:36] Handler completed successfully
[2026-02-05 08:19:36] Sending OK response to Telegram
[2026-02-05 08:19:51] ===== WEBHOOK HANDLER START =====
[2026-02-05 08:19:51] Input received, size: 507
[2026-02-05 08:19:51] JSON parsed, update_id: 86303791
[2026-02-05 08:19:51] Loading telegram config for company 1...
[2026-02-05 08:19:51] Config found, bot token: 8511296428:AAEE...
[2026-02-05 08:19:51] Webhook secret in DB: SET
[2026-02-05 08:19:51] Secret header from Telegram: PRESENT
[2026-02-05 08:19:51] ERROR: Invalid webhook secret (ignored)
[2026-02-05 08:19:51] Secret validation passed
[2026-02-05 08:19:51] Creating TelegramWebhook handler...
[2026-02-05 08:19:51] Calling handler->handle()...
[2026-02-05 08:19:51] Handler completed successfully
[2026-02-05 08:19:51] Sending OK response to Telegram
[2026-02-05 08:20:02] ===== WEBHOOK HANDLER START =====
[2026-02-05 08:20:02] Input received, size: 502
[2026-02-05 08:20:02] JSON parsed, update_id: 86303792
[2026-02-05 08:20:02] Loading telegram config for company 1...
[2026-02-05 08:20:02] Config found, bot token: 8511296428:AAEE...
[2026-02-05 08:20:02] Webhook secret in DB: SET
[2026-02-05 08:20:02] Secret header from Telegram: PRESENT
[2026-02-05 08:20:02] ERROR: Invalid webhook secret (ignored)
[2026-02-05 08:20:02] Secret validation passed
[2026-02-05 08:20:02] Creating TelegramWebhook handler...
[2026-02-05 08:20:02] Calling handler->handle()...
[2026-02-05 08:20:02] Handler completed successfully
[2026-02-05 08:20:02] Sending OK response to Telegram
[2026-02-05 08:20:06] ===== WEBHOOK HANDLER START =====
[2026-02-05 08:20:06] Input received, size: 883
[2026-02-05 08:20:06] JSON parsed, update_id: 86303793
[2026-02-05 08:20:06] Loading telegram config for company 1...
[2026-02-05 08:20:06] Config found, bot token: 8511296428:AAEE...
[2026-02-05 08:20:06] Webhook secret in DB: SET
[2026-02-05 08:20:06] Secret header from Telegram: PRESENT
[2026-02-05 08:20:06] ERROR: Invalid webhook secret (ignored)
[2026-02-05 08:20:06] Secret validation passed
[2026-02-05 08:20:06] Creating TelegramWebhook handler...
[2026-02-05 08:20:06] Calling handler->handle()...
[2026-02-05 08:20:06] Handler completed successfully
[2026-02-05 08:20:06] Sending OK response to Telegram
[2026-02-05 08:20:15] ===== WEBHOOK HANDLER START =====
[2026-02-05 08:20:15] Input received, size: 496
[2026-02-05 08:20:15] JSON parsed, update_id: 86303794
[2026-02-05 08:20:15] Loading telegram config for company 1...
[2026-02-05 08:20:15] Config found, bot token: 8511296428:AAEE...
[2026-02-05 08:20:15] Webhook secret in DB: SET
[2026-02-05 08:20:15] Secret header from Telegram: PRESENT
[2026-02-05 08:20:15] ERROR: Invalid webhook secret (ignored)
[2026-02-05 08:20:15] Secret validation passed
[2026-02-05 08:20:15] Creating TelegramWebhook handler...
[2026-02-05 08:20:15] Calling handler->handle()...
[2026-02-05 08:20:15] Handler completed successfully
[2026-02-05 08:20:15] Sending OK response to Telegram
[2026-02-05 08:20:23] ===== WEBHOOK HANDLER START =====
[2026-02-05 08:20:23] Input received, size: 505
[2026-02-05 08:20:23] JSON parsed, update_id: 86303795
[2026-02-05 08:20:23] Loading telegram config for company 1...
[2026-02-05 08:20:23] Config found, bot token: 8511296428:AAEE...
[2026-02-05 08:20:23] Webhook secret in DB: SET
[2026-02-05 08:20:23] Secret header from Telegram: PRESENT
[2026-02-05 08:20:23] ERROR: Invalid webhook secret (ignored)
[2026-02-05 08:20:23] Secret validation passed
[2026-02-05 08:20:23] Creating TelegramWebhook handler...
[2026-02-05 08:20:23] Calling handler->handle()...
[2026-02-05 08:20:23] Handler completed successfully
[2026-02-05 08:20:23] Sending OK response to Telegram
[2026-02-05 08:20:27] ===== WEBHOOK HANDLER START =====
[2026-02-05 08:20:27] Input received, size: 502
[2026-02-05 08:20:27] JSON parsed, update_id: 86303796
[2026-02-05 08:20:27] Loading telegram config for company 1...
[2026-02-05 08:20:27] Config found, bot token: 8511296428:AAEE...
[2026-02-05 08:20:27] Webhook secret in DB: SET
[2026-02-05 08:20:27] Secret header from Telegram: PRESENT
[2026-02-05 08:20:27] ERROR: Invalid webhook secret (ignored)
[2026-02-05 08:20:27] Secret validation passed
[2026-02-05 08:20:27] Creating TelegramWebhook handler...
[2026-02-05 08:20:27] Calling handler->handle()...
[2026-02-05 08:20:27] Handler completed successfully
[2026-02-05 08:20:27] Sending OK response to Telegram
[2026-02-05 08:20:39] ===== WEBHOOK HANDLER START =====
[2026-02-05 08:20:39] Input received, size: 442
[2026-02-05 08:20:39] JSON parsed, update_id: 86303797
[2026-02-05 08:20:39] Loading telegram config for company 1...
[2026-02-05 08:20:39] Config found, bot token: 8511296428:AAEE...
[2026-02-05 08:20:39] Webhook secret in DB: SET
[2026-02-05 08:20:39] Secret header from Telegram: PRESENT
[2026-02-05 08:20:39] ERROR: Invalid webhook secret (ignored)
[2026-02-05 08:20:39] Secret validation passed
[2026-02-05 08:20:39] Creating TelegramWebhook handler...
[2026-02-05 08:20:39] Calling handler->handle()...
[2026-02-05 08:20:39] Handler completed successfully
[2026-02-05 08:20:39] Sending OK response to Telegram
[2026-02-05 08:20:52] ===== WEBHOOK HANDLER START =====
[2026-02-05 08:20:52] Input received, size: 466
[2026-02-05 08:20:52] JSON parsed, update_id: 86303798
[2026-02-05 08:20:52] Loading telegram config for company 1...
[2026-02-05 08:20:52] Config found, bot token: 8511296428:AAEE...
[2026-02-05 08:20:52] Webhook secret in DB: SET
[2026-02-05 08:20:52] Secret header from Telegram: PRESENT
[2026-02-05 08:20:52] ERROR: Invalid webhook secret (ignored)
[2026-02-05 08:20:52] Secret validation passed
[2026-02-05 08:20:52] Creating TelegramWebhook handler...
[2026-02-05 08:20:52] Calling handler->handle()...
[2026-02-05 08:20:52] Handler completed successfully
[2026-02-05 08:20:52] Sending OK response to Telegram
[2026-02-05 08:24:43] ===== WEBHOOK HANDLER START =====
[2026-02-05 08:24:43] Input received, size: 502
[2026-02-05 08:24:43] JSON parsed, update_id: 86303799
[2026-02-05 08:24:43] Loading telegram config for company 1...
[2026-02-05 08:24:43] Config found, bot token: 8511296428:AAEE...
[2026-02-05 08:24:43] Webhook secret in DB: SET
[2026-02-05 08:24:43] Secret header from Telegram: PRESENT
[2026-02-05 08:24:43] ERROR: Invalid webhook secret (ignored)
[2026-02-05 08:24:43] Secret validation passed
[2026-02-05 08:24:43] Creating TelegramWebhook handler...
[2026-02-05 08:24:43] Calling handler->handle()...
[2026-02-05 08:24:43] Handler completed successfully
[2026-02-05 08:24:43] Sending OK response to Telegram
[2026-02-05 08:24:45] ===== WEBHOOK HANDLER START =====
[2026-02-05 08:24:45] Input received, size: 1022
[2026-02-05 08:24:45] JSON parsed, update_id: 86303800
[2026-02-05 08:24:45] Loading telegram config for company 1...
[2026-02-05 08:24:45] Config found, bot token: 8511296428:AAEE...
[2026-02-05 08:24:45] Webhook secret in DB: SET
[2026-02-05 08:24:45] Secret header from Telegram: PRESENT
[2026-02-05 08:24:45] ERROR: Invalid webhook secret (ignored)
[2026-02-05 08:24:45] Secret validation passed
[2026-02-05 08:24:45] Creating TelegramWebhook handler...
[2026-02-05 08:24:45] Calling handler->handle()...
[2026-02-05 08:24:45] Handler completed successfully
[2026-02-05 08:24:45] Sending OK response to Telegram
[2026-02-05 08:25:13] ===== WEBHOOK HANDLER START =====
[2026-02-05 08:25:13] Input received, size: 502
[2026-02-05 08:25:13] JSON parsed, update_id: 86303801
[2026-02-05 08:25:13] Loading telegram config for company 1...
[2026-02-05 08:25:13] Config found, bot token: 8511296428:AAEE...
[2026-02-05 08:25:13] Webhook secret in DB: SET
[2026-02-05 08:25:13] Secret header from Telegram: PRESENT
[2026-02-05 08:25:13] ERROR: Invalid webhook secret (ignored)
[2026-02-05 08:25:13] Secret validation passed
[2026-02-05 08:25:13] Creating TelegramWebhook handler...
[2026-02-05 08:25:13] Calling handler->handle()...
[2026-02-05 08:25:13] Handler completed successfully
[2026-02-05 08:25:13] Sending OK response to Telegram
[2026-02-05 08:27:05] ===== WEBHOOK HANDLER START =====
[2026-02-05 08:27:05] Input received, size: 496
[2026-02-05 08:27:05] JSON parsed, update_id: 86303802
[2026-02-05 08:27:05] Loading telegram config for company 1...
[2026-02-05 08:27:05] Config found, bot token: 8511296428:AAEE...
[2026-02-05 08:27:05] Webhook secret in DB: SET
[2026-02-05 08:27:05] Secret header from Telegram: PRESENT
[2026-02-05 08:27:05] ERROR: Invalid webhook secret (ignored)
[2026-02-05 08:27:05] Secret validation passed
[2026-02-05 08:27:05] Creating TelegramWebhook handler...
[2026-02-05 08:27:05] Calling handler->handle()...
[2026-02-05 08:27:05] Handler completed successfully
[2026-02-05 08:27:05] Sending OK response to Telegram
[2026-02-05 08:27:33] ===== WEBHOOK HANDLER START =====
[2026-02-05 08:27:33] Input received, size: 498
[2026-02-05 08:27:33] JSON parsed, update_id: 86303803
[2026-02-05 08:27:33] Loading telegram config for company 1...
[2026-02-05 08:27:33] Config found, bot token: 8511296428:AAEE...
[2026-02-05 08:27:33] Webhook secret in DB: SET
[2026-02-05 08:27:33] Secret header from Telegram: PRESENT
[2026-02-05 08:27:33] ERROR: Invalid webhook secret (ignored)
[2026-02-05 08:27:33] Secret validation passed
[2026-02-05 08:27:33] Creating TelegramWebhook handler...
[2026-02-05 08:27:33] Calling handler->handle()...
[2026-02-05 08:27:33] Handler completed successfully
[2026-02-05 08:27:33] Sending OK response to Telegram
[2026-02-05 08:27:45] ===== WEBHOOK HANDLER START =====
[2026-02-05 08:27:45] Input received, size: 509
[2026-02-05 08:27:45] JSON parsed, update_id: 86303804
[2026-02-05 08:27:45] Loading telegram config for company 1...
[2026-02-05 08:27:45] Config found, bot token: 8511296428:AAEE...
[2026-02-05 08:27:45] Webhook secret in DB: SET
[2026-02-05 08:27:45] Secret header from Telegram: PRESENT
[2026-02-05 08:27:45] ERROR: Invalid webhook secret (ignored)
[2026-02-05 08:27:45] Secret validation passed
[2026-02-05 08:27:45] Creating TelegramWebhook handler...
[2026-02-05 08:27:45] Calling handler->handle()...
[2026-02-05 08:27:45] Handler completed successfully
[2026-02-05 08:27:45] Sending OK response to Telegram
[2026-02-05 08:34:45] ===== WEBHOOK HANDLER START =====
[2026-02-05 08:34:45] Input received, size: 496
[2026-02-05 08:34:45] JSON parsed, update_id: 86303805
[2026-02-05 08:34:45] Loading telegram config for company 1...
[2026-02-05 08:34:45] Config found, bot token: 8511296428:AAEE...
[2026-02-05 08:34:45] Webhook secret in DB: SET
[2026-02-05 08:34:45] Secret header from Telegram: PRESENT
[2026-02-05 08:34:45] ERROR: Invalid webhook secret (ignored)
[2026-02-05 08:34:45] Secret validation passed
[2026-02-05 08:34:45] Creating TelegramWebhook handler...
[2026-02-05 08:34:45] Calling handler->handle()...
[2026-02-05 08:34:45] Handler completed successfully
[2026-02-05 08:34:45] Sending OK response to Telegram
[2026-02-05 08:35:31] ===== WEBHOOK HANDLER START =====
[2026-02-05 08:35:31] Input received, size: 496
[2026-02-05 08:35:31] JSON parsed, update_id: 86303806
[2026-02-05 08:35:31] Loading telegram config for company 1...
[2026-02-05 08:35:31] Config found, bot token: 8511296428:AAEE...
[2026-02-05 08:35:31] Webhook secret in DB: SET
[2026-02-05 08:35:31] Secret header from Telegram: PRESENT
[2026-02-05 08:35:31] ERROR: Invalid webhook secret (ignored)
[2026-02-05 08:35:31] Secret validation passed
[2026-02-05 08:35:31] Creating TelegramWebhook handler...
[2026-02-05 08:35:31] Calling handler->handle()...
[2026-02-05 08:35:31] Handler completed successfully
[2026-02-05 08:35:31] Sending OK response to Telegram
[2026-02-05 09:16:35] ===== WEBHOOK HANDLER START =====
[2026-02-05 09:16:35] Input received, size: 502
[2026-02-05 09:16:35] JSON parsed, update_id: 86303807
[2026-02-05 09:16:35] Loading telegram config for company 1...
[2026-02-05 09:16:35] Config found, bot token: 8511296428:AAEE...
[2026-02-05 09:16:35] Webhook secret in DB: SET
[2026-02-05 09:16:35] Secret header from Telegram: PRESENT
[2026-02-05 09:16:35] ERROR: Invalid webhook secret (ignored)
[2026-02-05 09:16:35] Secret validation passed
[2026-02-05 09:16:35] Creating TelegramWebhook handler...
[2026-02-05 09:16:35] Calling handler->handle()...
[2026-02-05 09:16:35] Handler completed successfully
[2026-02-05 09:16:35] Sending OK response to Telegram
[2026-02-05 09:16:41] ===== WEBHOOK HANDLER START =====
[2026-02-05 09:16:41] Input received, size: 496
[2026-02-05 09:16:41] JSON parsed, update_id: 86303808
[2026-02-05 09:16:41] Loading telegram config for company 1...
[2026-02-05 09:16:41] Config found, bot token: 8511296428:AAEE...
[2026-02-05 09:16:41] Webhook secret in DB: SET
[2026-02-05 09:16:41] Secret header from Telegram: PRESENT
[2026-02-05 09:16:41] ERROR: Invalid webhook secret (ignored)
[2026-02-05 09:16:41] Secret validation passed
[2026-02-05 09:16:41] Creating TelegramWebhook handler...
[2026-02-05 09:16:41] Calling handler->handle()...
[2026-02-05 09:16:41] Handler completed successfully
[2026-02-05 09:16:41] Sending OK response to Telegram
[2026-02-05 09:16:57] ===== WEBHOOK HANDLER START =====
[2026-02-05 09:16:57] Input received, size: 498
[2026-02-05 09:16:57] JSON parsed, update_id: 86303809
[2026-02-05 09:16:57] Loading telegram config for company 1...
[2026-02-05 09:16:57] Config found, bot token: 8511296428:AAEE...
[2026-02-05 09:16:57] Webhook secret in DB: SET
[2026-02-05 09:16:57] Secret header from Telegram: PRESENT
[2026-02-05 09:16:57] ERROR: Invalid webhook secret (ignored)
[2026-02-05 09:16:57] Secret validation passed
[2026-02-05 09:16:57] Creating TelegramWebhook handler...
[2026-02-05 09:16:57] Calling handler->handle()...
[2026-02-05 09:16:57] Handler completed successfully
[2026-02-05 09:16:57] Sending OK response to Telegram
[2026-02-05 09:17:01] ===== WEBHOOK HANDLER START =====
[2026-02-05 09:17:01] Input received, size: 502
[2026-02-05 09:17:01] JSON parsed, update_id: 86303810
[2026-02-05 09:17:01] Loading telegram config for company 1...
[2026-02-05 09:17:01] Config found, bot token: 8511296428:AAEE...
[2026-02-05 09:17:01] Webhook secret in DB: SET
[2026-02-05 09:17:01] Secret header from Telegram: PRESENT
[2026-02-05 09:17:01] ERROR: Invalid webhook secret (ignored)
[2026-02-05 09:17:01] Secret validation passed
[2026-02-05 09:17:01] Creating TelegramWebhook handler...
[2026-02-05 09:17:01] Calling handler->handle()...
[2026-02-05 09:17:01] Handler completed successfully
[2026-02-05 09:17:01] Sending OK response to Telegram
[2026-02-05 09:17:04] ===== WEBHOOK HANDLER START =====
[2026-02-05 09:17:04] Input received, size: 497
[2026-02-05 09:17:04] JSON parsed, update_id: 86303811
[2026-02-05 09:17:04] Loading telegram config for company 1...
[2026-02-05 09:17:04] Config found, bot token: 8511296428:AAEE...
[2026-02-05 09:17:04] Webhook secret in DB: SET
[2026-02-05 09:17:04] Secret header from Telegram: PRESENT
[2026-02-05 09:17:04] ERROR: Invalid webhook secret (ignored)
[2026-02-05 09:17:04] Secret validation passed
[2026-02-05 09:17:04] Creating TelegramWebhook handler...
[2026-02-05 09:17:04] Calling handler->handle()...
[2026-02-05 09:17:04] Handler completed successfully
[2026-02-05 09:17:04] Sending OK response to Telegram
[2026-02-05 09:18:40] ===== WEBHOOK HANDLER START =====
[2026-02-05 09:18:40] Input received, size: 497
[2026-02-05 09:18:40] JSON parsed, update_id: 86303812
[2026-02-05 09:18:40] Loading telegram config for company 1...
[2026-02-05 09:18:40] Config found, bot token: 8511296428:AAEE...
[2026-02-05 09:18:40] Webhook secret in DB: SET
[2026-02-05 09:18:40] Secret header from Telegram: PRESENT
[2026-02-05 09:18:40] ERROR: Invalid webhook secret (ignored)
[2026-02-05 09:18:40] Secret validation passed
[2026-02-05 09:18:40] Creating TelegramWebhook handler...
[2026-02-05 09:18:40] Calling handler->handle()...
[2026-02-05 09:18:40] Handler completed successfully
[2026-02-05 09:18:40] Sending OK response to Telegram
[2026-02-05 09:23:20] ===== WEBHOOK HANDLER START =====
[2026-02-05 09:23:20] Input received, size: 497
[2026-02-05 09:23:20] JSON parsed, update_id: 86303813
[2026-02-05 09:23:20] Loading telegram config for company 1...
[2026-02-05 09:23:20] Config found, bot token: 8511296428:AAEE...
[2026-02-05 09:23:20] Webhook secret in DB: SET
[2026-02-05 09:23:20] Secret header from Telegram: PRESENT
[2026-02-05 09:23:20] ERROR: Invalid webhook secret (ignored)
[2026-02-05 09:23:20] Secret validation passed
[2026-02-05 09:23:20] Creating TelegramWebhook handler...
[2026-02-05 09:23:20] Calling handler->handle()...
[2026-02-05 09:23:20] Handler completed successfully
[2026-02-05 09:23:20] Sending OK response to Telegram
[2026-02-05 09:23:33] ===== WEBHOOK HANDLER START =====
[2026-02-05 09:23:33] Input received, size: 496
[2026-02-05 09:23:33] JSON parsed, update_id: 86303814
[2026-02-05 09:23:33] Loading telegram config for company 1...
[2026-02-05 09:23:33] Config found, bot token: 8511296428:AAEE...
[2026-02-05 09:23:33] Webhook secret in DB: SET
[2026-02-05 09:23:33] Secret header from Telegram: PRESENT
[2026-02-05 09:23:33] ERROR: Invalid webhook secret (ignored)
[2026-02-05 09:23:33] Secret validation passed
[2026-02-05 09:23:33] Creating TelegramWebhook handler...
[2026-02-05 09:23:33] Calling handler->handle()...
[2026-02-05 09:23:33] Handler completed successfully
[2026-02-05 09:23:33] Sending OK response to Telegram
[2026-02-05 09:23:40] ===== WEBHOOK HANDLER START =====
[2026-02-05 09:23:40] Input received, size: 505
[2026-02-05 09:23:40] JSON parsed, update_id: 86303815
[2026-02-05 09:23:40] Loading telegram config for company 1...
[2026-02-05 09:23:40] Config found, bot token: 8511296428:AAEE...
[2026-02-05 09:23:40] Webhook secret in DB: SET
[2026-02-05 09:23:40] Secret header from Telegram: PRESENT
[2026-02-05 09:23:40] ERROR: Invalid webhook secret (ignored)
[2026-02-05 09:23:40] Secret validation passed
[2026-02-05 09:23:40] Creating TelegramWebhook handler...
[2026-02-05 09:23:40] Calling handler->handle()...
[2026-02-05 09:23:40] Handler completed successfully
[2026-02-05 09:23:40] Sending OK response to Telegram
[2026-02-05 09:24:40] ===== WEBHOOK HANDLER START =====
[2026-02-05 09:24:40] Input received, size: 497
[2026-02-05 09:24:40] JSON parsed, update_id: 86303816
[2026-02-05 09:24:40] Loading telegram config for company 1...
[2026-02-05 09:24:40] Config found, bot token: 8511296428:AAEE...
[2026-02-05 09:24:40] Webhook secret in DB: SET
[2026-02-05 09:24:40] Secret header from Telegram: PRESENT
[2026-02-05 09:24:40] ERROR: Invalid webhook secret (ignored)
[2026-02-05 09:24:40] Secret validation passed
[2026-02-05 09:24:40] Creating TelegramWebhook handler...
[2026-02-05 09:24:40] Calling handler->handle()...
[2026-02-05 09:24:40] Handler completed successfully
[2026-02-05 09:24:40] Sending OK response to Telegram
[2026-02-05 09:25:00] ===== WEBHOOK HANDLER START =====
[2026-02-05 09:25:00] Input received, size: 497
[2026-02-05 09:25:00] JSON parsed, update_id: 86303817
[2026-02-05 09:25:00] Loading telegram config for company 1...
[2026-02-05 09:25:00] Config found, bot token: 8511296428:AAEE...
[2026-02-05 09:25:00] Webhook secret in DB: SET
[2026-02-05 09:25:00] Secret header from Telegram: PRESENT
[2026-02-05 09:25:00] ERROR: Invalid webhook secret (ignored)
[2026-02-05 09:25:00] Secret validation passed
[2026-02-05 09:25:00] Creating TelegramWebhook handler...
[2026-02-05 09:25:00] Calling handler->handle()...
[2026-02-05 09:25:00] Handler completed successfully
[2026-02-05 09:25:00] Sending OK response to Telegram
[2026-02-05 09:27:20] ===== WEBHOOK HANDLER START =====
[2026-02-05 09:27:20] Input received, size: 496
[2026-02-05 09:27:20] JSON parsed, update_id: 86303818
[2026-02-05 09:27:20] Loading telegram config for company 1...
[2026-02-05 09:27:20] Config found, bot token: 8511296428:AAEE...
[2026-02-05 09:27:20] Webhook secret in DB: SET
[2026-02-05 09:27:20] Secret header from Telegram: PRESENT
[2026-02-05 09:27:20] ERROR: Invalid webhook secret (ignored)
[2026-02-05 09:27:20] Secret validation passed
[2026-02-05 09:27:20] Creating TelegramWebhook handler...
[2026-02-05 09:27:20] Calling handler->handle()...
[2026-02-05 09:27:20] Handler completed successfully
[2026-02-05 09:27:20] Sending OK response to Telegram
[2026-02-05 09:27:31] ===== WEBHOOK HANDLER START =====
[2026-02-05 09:27:31] Input received, size: 498
[2026-02-05 09:27:31] JSON parsed, update_id: 86303819
[2026-02-05 09:27:31] Loading telegram config for company 1...
[2026-02-05 09:27:31] Config found, bot token: 8511296428:AAEE...
[2026-02-05 09:27:31] Webhook secret in DB: SET
[2026-02-05 09:27:31] Secret header from Telegram: PRESENT
[2026-02-05 09:27:31] ERROR: Invalid webhook secret (ignored)
[2026-02-05 09:27:31] Secret validation passed
[2026-02-05 09:27:31] Creating TelegramWebhook handler...
[2026-02-05 09:27:31] Calling handler->handle()...
[2026-02-05 09:27:31] Handler completed successfully
[2026-02-05 09:27:31] Sending OK response to Telegram
[2026-02-05 09:27:41] ===== WEBHOOK HANDLER START =====
[2026-02-05 09:27:41] Input received, size: 502
[2026-02-05 09:27:41] JSON parsed, update_id: 86303820
[2026-02-05 09:27:41] Loading telegram config for company 1...
[2026-02-05 09:27:41] Config found, bot token: 8511296428:AAEE...
[2026-02-05 09:27:41] Webhook secret in DB: SET
[2026-02-05 09:27:41] Secret header from Telegram: PRESENT
[2026-02-05 09:27:41] ERROR: Invalid webhook secret (ignored)
[2026-02-05 09:27:41] Secret validation passed
[2026-02-05 09:27:41] Creating TelegramWebhook handler...
[2026-02-05 09:27:41] Calling handler->handle()...
[2026-02-05 09:27:41] Handler completed successfully
[2026-02-05 09:27:41] Sending OK response to Telegram
[2026-02-05 09:51:27] ===== WEBHOOK HANDLER START =====
[2026-02-05 09:51:27] Input received, size: 497
[2026-02-05 09:51:27] JSON parsed, update_id: 86303821
[2026-02-05 09:51:27] Loading telegram config for company 1...
[2026-02-05 09:51:27] Config found, bot token: 8511296428:AAEE...
[2026-02-05 09:51:27] Webhook secret in DB: SET
[2026-02-05 09:51:27] Secret header from Telegram: PRESENT
[2026-02-05 09:51:27] ERROR: Invalid webhook secret (ignored)
[2026-02-05 09:51:27] Secret validation passed
[2026-02-05 09:51:27] Creating TelegramWebhook handler...
[2026-02-05 09:51:27] Calling handler->handle()...
[2026-02-05 09:51:27] Handler completed successfully
[2026-02-05 09:51:27] Sending OK response to Telegram
[2026-02-05 09:51:31] ===== WEBHOOK HANDLER START =====
[2026-02-05 09:51:31] Input received, size: 496
[2026-02-05 09:51:31] JSON parsed, update_id: 86303822
[2026-02-05 09:51:31] Loading telegram config for company 1...
[2026-02-05 09:51:31] Config found, bot token: 8511296428:AAEE...
[2026-02-05 09:51:31] Webhook secret in DB: SET
[2026-02-05 09:51:31] Secret header from Telegram: PRESENT
[2026-02-05 09:51:31] ERROR: Invalid webhook secret (ignored)
[2026-02-05 09:51:31] Secret validation passed
[2026-02-05 09:51:31] Creating TelegramWebhook handler...
[2026-02-05 09:51:31] Calling handler->handle()...
[2026-02-05 09:51:31] Handler completed successfully
[2026-02-05 09:51:31] Sending OK response to Telegram
[2026-02-05 09:51:40] ===== WEBHOOK HANDLER START =====
[2026-02-05 09:51:40] Input received, size: 502
[2026-02-05 09:51:40] JSON parsed, update_id: 86303823
[2026-02-05 09:51:40] Loading telegram config for company 1...
[2026-02-05 09:51:40] Config found, bot token: 8511296428:AAEE...
[2026-02-05 09:51:40] Webhook secret in DB: SET
[2026-02-05 09:51:40] Secret header from Telegram: PRESENT
[2026-02-05 09:51:40] ERROR: Invalid webhook secret (ignored)
[2026-02-05 09:51:40] Secret validation passed
[2026-02-05 09:51:40] Creating TelegramWebhook handler...
[2026-02-05 09:51:40] Calling handler->handle()...
[2026-02-05 09:51:40] Handler completed successfully
[2026-02-05 09:51:40] Sending OK response to Telegram
[2026-02-05 09:51:45] ===== WEBHOOK HANDLER START =====
[2026-02-05 09:51:45] Input received, size: 1022
[2026-02-05 09:51:45] JSON parsed, update_id: 86303824
[2026-02-05 09:51:45] Loading telegram config for company 1...
[2026-02-05 09:51:45] Config found, bot token: 8511296428:AAEE...
[2026-02-05 09:51:45] Webhook secret in DB: SET
[2026-02-05 09:51:45] Secret header from Telegram: PRESENT
[2026-02-05 09:51:45] ERROR: Invalid webhook secret (ignored)
[2026-02-05 09:51:45] Secret validation passed
[2026-02-05 09:51:45] Creating TelegramWebhook handler...
[2026-02-05 09:51:45] Calling handler->handle()...
[2026-02-05 09:51:45] Handler completed successfully
[2026-02-05 09:51:45] Sending OK response to Telegram
[2026-02-05 09:51:57] ===== WEBHOOK HANDLER START =====
[2026-02-05 09:51:57] Input received, size: 502
[2026-02-05 09:51:57] JSON parsed, update_id: 86303825
[2026-02-05 09:51:57] Loading telegram config for company 1...
[2026-02-05 09:51:57] Config found, bot token: 8511296428:AAEE...
[2026-02-05 09:51:57] Webhook secret in DB: SET
[2026-02-05 09:51:57] Secret header from Telegram: PRESENT
[2026-02-05 09:51:57] ERROR: Invalid webhook secret (ignored)
[2026-02-05 09:51:57] Secret validation passed
[2026-02-05 09:51:57] Creating TelegramWebhook handler...
[2026-02-05 09:51:57] Calling handler->handle()...
[2026-02-05 09:51:57] Handler completed successfully
[2026-02-05 09:51:57] Sending OK response to Telegram
[2026-02-05 09:52:06] ===== WEBHOOK HANDLER START =====
[2026-02-05 09:52:06] Input received, size: 957
[2026-02-05 09:52:06] JSON parsed, update_id: 86303826
[2026-02-05 09:52:06] Loading telegram config for company 1...
[2026-02-05 09:52:06] Config found, bot token: 8511296428:AAEE...
[2026-02-05 09:52:06] Webhook secret in DB: SET
[2026-02-05 09:52:06] Secret header from Telegram: PRESENT
[2026-02-05 09:52:06] ERROR: Invalid webhook secret (ignored)
[2026-02-05 09:52:06] Secret validation passed
[2026-02-05 09:52:06] Creating TelegramWebhook handler...
[2026-02-05 09:52:06] Calling handler->handle()...
[2026-02-05 09:52:06] Handler completed successfully
[2026-02-05 09:52:06] Sending OK response to Telegram
[2026-02-05 09:52:16] ===== WEBHOOK HANDLER START =====
[2026-02-05 09:52:16] Input received, size: 438
[2026-02-05 09:52:16] JSON parsed, update_id: 86303827
[2026-02-05 09:52:16] Loading telegram config for company 1...
[2026-02-05 09:52:16] Config found, bot token: 8511296428:AAEE...
[2026-02-05 09:52:16] Webhook secret in DB: SET
[2026-02-05 09:52:16] Secret header from Telegram: PRESENT
[2026-02-05 09:52:16] ERROR: Invalid webhook secret (ignored)
[2026-02-05 09:52:16] Secret validation passed
[2026-02-05 09:52:16] Creating TelegramWebhook handler...
[2026-02-05 09:52:16] Calling handler->handle()...
[2026-02-05 09:52:16] Handler completed successfully
[2026-02-05 09:52:16] Sending OK response to Telegram
[2026-02-05 09:52:21] ===== WEBHOOK HANDLER START =====
[2026-02-05 09:52:21] Input received, size: 446
[2026-02-05 09:52:21] JSON parsed, update_id: 86303828
[2026-02-05 09:52:21] Loading telegram config for company 1...
[2026-02-05 09:52:21] Config found, bot token: 8511296428:AAEE...
[2026-02-05 09:52:21] Webhook secret in DB: SET
[2026-02-05 09:52:21] Secret header from Telegram: PRESENT
[2026-02-05 09:52:21] ERROR: Invalid webhook secret (ignored)
[2026-02-05 09:52:21] Secret validation passed
[2026-02-05 09:52:21] Creating TelegramWebhook handler...
[2026-02-05 09:52:21] Calling handler->handle()...
[2026-02-05 09:52:21] Handler completed successfully
[2026-02-05 09:52:21] Sending OK response to Telegram
[2026-02-05 09:52:25] ===== WEBHOOK HANDLER START =====
[2026-02-05 09:52:25] Input received, size: 502
[2026-02-05 09:52:25] JSON parsed, update_id: 86303829
[2026-02-05 09:52:25] Loading telegram config for company 1...
[2026-02-05 09:52:25] Config found, bot token: 8511296428:AAEE...
[2026-02-05 09:52:25] Webhook secret in DB: SET
[2026-02-05 09:52:25] Secret header from Telegram: PRESENT
[2026-02-05 09:52:25] ERROR: Invalid webhook secret (ignored)
[2026-02-05 09:52:25] Secret validation passed
[2026-02-05 09:52:25] Creating TelegramWebhook handler...
[2026-02-05 09:52:25] Calling handler->handle()...
[2026-02-05 09:52:25] Handler completed successfully
[2026-02-05 09:52:25] Sending OK response to Telegram
[2026-02-05 09:52:28] ===== WEBHOOK HANDLER START =====
[2026-02-05 09:52:28] Input received, size: 1157
[2026-02-05 09:52:28] JSON parsed, update_id: 86303830
[2026-02-05 09:52:28] Loading telegram config for company 1...
[2026-02-05 09:52:28] Config found, bot token: 8511296428:AAEE...
[2026-02-05 09:52:28] Webhook secret in DB: SET
[2026-02-05 09:52:28] Secret header from Telegram: PRESENT
[2026-02-05 09:52:28] ERROR: Invalid webhook secret (ignored)
[2026-02-05 09:52:28] Secret validation passed
[2026-02-05 09:52:28] Creating TelegramWebhook handler...
[2026-02-05 09:52:28] Calling handler->handle()...
[2026-02-05 09:52:28] Handler completed successfully
[2026-02-05 09:52:28] Sending OK response to Telegram
[2026-02-05 09:52:34] ===== WEBHOOK HANDLER START =====
[2026-02-05 09:52:34] Input received, size: 1304
[2026-02-05 09:52:34] JSON parsed, update_id: 86303831
[2026-02-05 09:52:34] Loading telegram config for company 1...
[2026-02-05 09:52:34] Config found, bot token: 8511296428:AAEE...
[2026-02-05 09:52:34] Webhook secret in DB: SET
[2026-02-05 09:52:34] Secret header from Telegram: PRESENT
[2026-02-05 09:52:34] ERROR: Invalid webhook secret (ignored)
[2026-02-05 09:52:34] Secret validation passed
[2026-02-05 09:52:34] Creating TelegramWebhook handler...
[2026-02-05 09:52:34] Calling handler->handle()...
[2026-02-05 09:52:34] Handler completed successfully
[2026-02-05 09:52:34] Sending OK response to Telegram
[2026-02-05 09:52:39] ===== WEBHOOK HANDLER START =====
[2026-02-05 09:52:39] Input received, size: 957
[2026-02-05 09:52:39] JSON parsed, update_id: 86303832
[2026-02-05 09:52:39] Loading telegram config for company 1...
[2026-02-05 09:52:39] Config found, bot token: 8511296428:AAEE...
[2026-02-05 09:52:39] Webhook secret in DB: SET
[2026-02-05 09:52:39] Secret header from Telegram: PRESENT
[2026-02-05 09:52:39] ERROR: Invalid webhook secret (ignored)
[2026-02-05 09:52:39] Secret validation passed
[2026-02-05 09:52:39] Creating TelegramWebhook handler...
[2026-02-05 09:52:39] Calling handler->handle()...
[2026-02-05 09:52:39] Handler completed successfully
[2026-02-05 09:52:39] Sending OK response to Telegram
[2026-02-05 09:53:29] ===== WEBHOOK HANDLER START =====
[2026-02-05 09:53:29] Input received, size: 502
[2026-02-05 09:53:29] JSON parsed, update_id: 86303833
[2026-02-05 09:53:29] Loading telegram config for company 1...
[2026-02-05 09:53:29] Config found, bot token: 8511296428:AAEE...
[2026-02-05 09:53:29] Webhook secret in DB: SET
[2026-02-05 09:53:29] Secret header from Telegram: PRESENT
[2026-02-05 09:53:29] ERROR: Invalid webhook secret (ignored)
[2026-02-05 09:53:29] Secret validation passed
[2026-02-05 09:53:29] Creating TelegramWebhook handler...
[2026-02-05 09:53:29] Calling handler->handle()...
[2026-02-05 09:53:29] Handler completed successfully
[2026-02-05 09:53:29] Sending OK response to Telegram
[2026-02-05 09:53:31] ===== WEBHOOK HANDLER START =====
[2026-02-05 09:53:31] Input received, size: 1157
[2026-02-05 09:53:31] JSON parsed, update_id: 86303834
[2026-02-05 09:53:31] Loading telegram config for company 1...
[2026-02-05 09:53:31] Config found, bot token: 8511296428:AAEE...
[2026-02-05 09:53:31] Webhook secret in DB: SET
[2026-02-05 09:53:31] Secret header from Telegram: PRESENT
[2026-02-05 09:53:31] ERROR: Invalid webhook secret (ignored)
[2026-02-05 09:53:31] Secret validation passed
[2026-02-05 09:53:31] Creating TelegramWebhook handler...
[2026-02-05 09:53:31] Calling handler->handle()...
[2026-02-05 09:53:31] Handler completed successfully
[2026-02-05 09:53:31] Sending OK response to Telegram
[2026-02-05 09:53:34] ===== WEBHOOK HANDLER START =====
[2026-02-05 09:53:34] Input received, size: 1298
[2026-02-05 09:53:34] JSON parsed, update_id: 86303835
[2026-02-05 09:53:34] Loading telegram config for company 1...
[2026-02-05 09:53:34] Config found, bot token: 8511296428:AAEE...
[2026-02-05 09:53:34] Webhook secret in DB: SET
[2026-02-05 09:53:34] Secret header from Telegram: PRESENT
[2026-02-05 09:53:34] ERROR: Invalid webhook secret (ignored)
[2026-02-05 09:53:34] Secret validation passed
[2026-02-05 09:53:34] Creating TelegramWebhook handler...
[2026-02-05 09:53:34] Calling handler->handle()...
[2026-02-05 09:53:34] Handler completed successfully
[2026-02-05 09:53:34] Sending OK response to Telegram
[2026-02-05 09:53:45] ===== WEBHOOK HANDLER START =====
[2026-02-05 09:53:45] Input received, size: 957
[2026-02-05 09:53:45] JSON parsed, update_id: 86303836
[2026-02-05 09:53:45] Loading telegram config for company 1...
[2026-02-05 09:53:45] Config found, bot token: 8511296428:AAEE...
[2026-02-05 09:53:45] Webhook secret in DB: SET
[2026-02-05 09:53:45] Secret header from Telegram: PRESENT
[2026-02-05 09:53:45] ERROR: Invalid webhook secret (ignored)
[2026-02-05 09:53:45] Secret validation passed
[2026-02-05 09:53:45] Creating TelegramWebhook handler...
[2026-02-05 09:53:45] Calling handler->handle()...
[2026-02-05 09:53:45] Handler completed successfully
[2026-02-05 09:53:45] Sending OK response to Telegram
[2026-02-05 10:00:49] ===== WEBHOOK HANDLER START =====
[2026-02-05 10:00:49] Input received, size: 502
[2026-02-05 10:00:49] JSON parsed, update_id: 86303837
[2026-02-05 10:00:49] Loading telegram config for company 1...
[2026-02-05 10:00:49] Config found, bot token: 8511296428:AAEE...
[2026-02-05 10:00:49] Webhook secret in DB: SET
[2026-02-05 10:00:49] Secret header from Telegram: PRESENT
[2026-02-05 10:00:49] ERROR: Invalid webhook secret (ignored)
[2026-02-05 10:00:49] Secret validation passed
[2026-02-05 10:00:49] Creating TelegramWebhook handler...
[2026-02-05 10:00:49] Calling handler->handle()...
[2026-02-05 10:00:49] Handler completed successfully
[2026-02-05 10:00:49] Sending OK response to Telegram
[2026-02-05 10:00:51] ===== WEBHOOK HANDLER START =====
[2026-02-05 10:00:51] Input received, size: 1157
[2026-02-05 10:00:51] JSON parsed, update_id: 86303838
[2026-02-05 10:00:51] Loading telegram config for company 1...
[2026-02-05 10:00:51] Config found, bot token: 8511296428:AAEE...
[2026-02-05 10:00:51] Webhook secret in DB: SET
[2026-02-05 10:00:51] Secret header from Telegram: PRESENT
[2026-02-05 10:00:51] ERROR: Invalid webhook secret (ignored)
[2026-02-05 10:00:51] Secret validation passed
[2026-02-05 10:00:51] Creating TelegramWebhook handler...
[2026-02-05 10:00:51] Calling handler->handle()...
[2026-02-05 10:00:51] Handler completed successfully
[2026-02-05 10:00:51] Sending OK response to Telegram
[2026-02-05 10:00:53] ===== WEBHOOK HANDLER START =====
[2026-02-05 10:00:53] Input received, size: 1298
[2026-02-05 10:00:53] JSON parsed, update_id: 86303839
[2026-02-05 10:00:53] Loading telegram config for company 1...
[2026-02-05 10:00:53] Config found, bot token: 8511296428:AAEE...
[2026-02-05 10:00:53] Webhook secret in DB: SET
[2026-02-05 10:00:53] Secret header from Telegram: PRESENT
[2026-02-05 10:00:53] ERROR: Invalid webhook secret (ignored)
[2026-02-05 10:00:53] Secret validation passed
[2026-02-05 10:00:53] Creating TelegramWebhook handler...
[2026-02-05 10:00:53] Calling handler->handle()...
[2026-02-05 10:00:53] Handler completed successfully
[2026-02-05 10:00:53] Sending OK response to Telegram
[2026-02-05 10:00:59] ===== WEBHOOK HANDLER START =====
[2026-02-05 10:00:59] Input received, size: 957
[2026-02-05 10:00:59] JSON parsed, update_id: 86303840
[2026-02-05 10:00:59] Loading telegram config for company 1...
[2026-02-05 10:00:59] Config found, bot token: 8511296428:AAEE...
[2026-02-05 10:00:59] Webhook secret in DB: SET
[2026-02-05 10:00:59] Secret header from Telegram: PRESENT
[2026-02-05 10:00:59] ERROR: Invalid webhook secret (ignored)
[2026-02-05 10:00:59] Secret validation passed
[2026-02-05 10:00:59] Creating TelegramWebhook handler...
[2026-02-05 10:00:59] Calling handler->handle()...
[2026-02-05 10:00:59] Handler completed successfully
[2026-02-05 10:00:59] Sending OK response to Telegram
[2026-02-05 10:01:15] ===== WEBHOOK HANDLER START =====
[2026-02-05 10:01:15] Input received, size: 436
[2026-02-05 10:01:15] JSON parsed, update_id: 86303841
[2026-02-05 10:01:15] Loading telegram config for company 1...
[2026-02-05 10:01:15] Config found, bot token: 8511296428:AAEE...
[2026-02-05 10:01:15] Webhook secret in DB: SET
[2026-02-05 10:01:15] Secret header from Telegram: PRESENT
[2026-02-05 10:01:15] ERROR: Invalid webhook secret (ignored)
[2026-02-05 10:01:15] Secret validation passed
[2026-02-05 10:01:15] Creating TelegramWebhook handler...
[2026-02-05 10:01:15] Calling handler->handle()...
[2026-02-05 10:01:15] Handler completed successfully
[2026-02-05 10:01:15] Sending OK response to Telegram
[2026-02-05 10:02:22] ===== WEBHOOK HANDLER START =====
[2026-02-05 10:02:22] Input received, size: 1133
[2026-02-05 10:02:22] JSON parsed, update_id: 86303842
[2026-02-05 10:02:22] Loading telegram config for company 1...
[2026-02-05 10:02:22] Config found, bot token: 8511296428:AAEE...
[2026-02-05 10:02:22] Webhook secret in DB: SET
[2026-02-05 10:02:22] Secret header from Telegram: PRESENT
[2026-02-05 10:02:22] ERROR: Invalid webhook secret (ignored)
[2026-02-05 10:02:22] Secret validation passed
[2026-02-05 10:02:22] Creating TelegramWebhook handler...
[2026-02-05 10:02:22] Calling handler->handle()...
[2026-02-05 10:02:22] Handler completed successfully
[2026-02-05 10:02:22] Sending OK response to Telegram
[2026-02-05 10:02:27] ===== WEBHOOK HANDLER START =====
[2026-02-05 10:02:27] Input received, size: 502
[2026-02-05 10:02:27] JSON parsed, update_id: 86303843
[2026-02-05 10:02:27] Loading telegram config for company 1...
[2026-02-05 10:02:27] Config found, bot token: 8511296428:AAEE...
[2026-02-05 10:02:27] Webhook secret in DB: SET
[2026-02-05 10:02:27] Secret header from Telegram: PRESENT
[2026-02-05 10:02:27] ERROR: Invalid webhook secret (ignored)
[2026-02-05 10:02:27] Secret validation passed
[2026-02-05 10:02:27] Creating TelegramWebhook handler...
[2026-02-05 10:02:27] Calling handler->handle()...
[2026-02-05 10:02:27] Handler completed successfully
[2026-02-05 10:02:27] Sending OK response to Telegram
[2026-02-05 10:02:31] ===== WEBHOOK HANDLER START =====
[2026-02-05 10:02:31] Input received, size: 1157
[2026-02-05 10:02:31] JSON parsed, update_id: 86303844
[2026-02-05 10:02:31] Loading telegram config for company 1...
[2026-02-05 10:02:31] Config found, bot token: 8511296428:AAEE...
[2026-02-05 10:02:31] Webhook secret in DB: SET
[2026-02-05 10:02:31] Secret header from Telegram: PRESENT
[2026-02-05 10:02:31] ERROR: Invalid webhook secret (ignored)
[2026-02-05 10:02:31] Secret validation passed
[2026-02-05 10:02:31] Creating TelegramWebhook handler...
[2026-02-05 10:02:31] Calling handler->handle()...
[2026-02-05 10:02:31] Handler completed successfully
[2026-02-05 10:02:31] Sending OK response to Telegram
[2026-02-05 10:05:23] ===== WEBHOOK HANDLER START =====
[2026-02-05 10:05:23] Input received, size: 1303
[2026-02-05 10:05:23] JSON parsed, update_id: 86303845
[2026-02-05 10:05:23] Loading telegram config for company 1...
[2026-02-05 10:05:23] Config found, bot token: 8511296428:AAEE...
[2026-02-05 10:05:23] Webhook secret in DB: SET
[2026-02-05 10:05:23] Secret header from Telegram: PRESENT
[2026-02-05 10:05:23] ERROR: Invalid webhook secret (ignored)
[2026-02-05 10:05:23] Secret validation passed
[2026-02-05 10:05:23] Creating TelegramWebhook handler...
[2026-02-05 10:05:23] Calling handler->handle()...
[2026-02-05 10:05:23] Handler completed successfully
[2026-02-05 10:05:23] Sending OK response to Telegram
[2026-02-05 10:05:28] ===== WEBHOOK HANDLER START =====
[2026-02-05 10:05:28] Input received, size: 1133
[2026-02-05 10:05:28] JSON parsed, update_id: 86303846
[2026-02-05 10:05:28] Loading telegram config for company 1...
[2026-02-05 10:05:28] Config found, bot token: 8511296428:AAEE...
[2026-02-05 10:05:28] Webhook secret in DB: SET
[2026-02-05 10:05:28] Secret header from Telegram: PRESENT
[2026-02-05 10:05:28] ERROR: Invalid webhook secret (ignored)
[2026-02-05 10:05:28] Secret validation passed
[2026-02-05 10:05:28] Creating TelegramWebhook handler...
[2026-02-05 10:05:28] Calling handler->handle()...
[2026-02-05 10:05:28] Handler completed successfully
[2026-02-05 10:05:28] Sending OK response to Telegram
[2026-02-05 10:10:31] ===== WEBHOOK HANDLER START =====
[2026-02-05 10:10:31] Input received, size: 502
[2026-02-05 10:10:31] JSON parsed, update_id: 86303847
[2026-02-05 10:10:31] Loading telegram config for company 1...
[2026-02-05 10:10:31] Config found, bot token: 8511296428:AAEE...
[2026-02-05 10:10:31] Webhook secret in DB: SET
[2026-02-05 10:10:31] Secret header from Telegram: PRESENT
[2026-02-05 10:10:31] ERROR: Invalid webhook secret (ignored)
[2026-02-05 10:10:31] Secret validation passed
[2026-02-05 10:10:31] Creating TelegramWebhook handler...
[2026-02-05 10:10:31] Calling handler->handle()...
[2026-02-05 10:10:31] Handler completed successfully
[2026-02-05 10:10:31] Sending OK response to Telegram
[2026-02-05 10:10:33] ===== WEBHOOK HANDLER START =====
[2026-02-05 10:10:33] Input received, size: 1157
[2026-02-05 10:10:33] JSON parsed, update_id: 86303848
[2026-02-05 10:10:33] Loading telegram config for company 1...
[2026-02-05 10:10:33] Config found, bot token: 8511296428:AAEE...
[2026-02-05 10:10:33] Webhook secret in DB: SET
[2026-02-05 10:10:33] Secret header from Telegram: PRESENT
[2026-02-05 10:10:33] ERROR: Invalid webhook secret (ignored)
[2026-02-05 10:10:33] Secret validation passed
[2026-02-05 10:10:33] Creating TelegramWebhook handler...
[2026-02-05 10:10:33] Calling handler->handle()...
[2026-02-05 10:10:33] Handler completed successfully
[2026-02-05 10:10:33] Sending OK response to Telegram
[2026-02-05 10:10:36] ===== WEBHOOK HANDLER START =====
[2026-02-05 10:10:36] Input received, size: 1303
[2026-02-05 10:10:36] JSON parsed, update_id: 86303849
[2026-02-05 10:10:36] Loading telegram config for company 1...
[2026-02-05 10:10:36] Config found, bot token: 8511296428:AAEE...
[2026-02-05 10:10:36] Webhook secret in DB: SET
[2026-02-05 10:10:36] Secret header from Telegram: PRESENT
[2026-02-05 10:10:36] ERROR: Invalid webhook secret (ignored)
[2026-02-05 10:10:36] Secret validation passed
[2026-02-05 10:10:36] Creating TelegramWebhook handler...
[2026-02-05 10:10:36] Calling handler->handle()...
[2026-02-05 10:10:36] Handler completed successfully
[2026-02-05 10:10:36] Sending OK response to Telegram
[2026-02-05 10:10:42] ===== WEBHOOK HANDLER START =====
[2026-02-05 10:10:42] Input received, size: 1133
[2026-02-05 10:10:42] JSON parsed, update_id: 86303850
[2026-02-05 10:10:42] Loading telegram config for company 1...
[2026-02-05 10:10:42] Config found, bot token: 8511296428:AAEE...
[2026-02-05 10:10:42] Webhook secret in DB: SET
[2026-02-05 10:10:42] Secret header from Telegram: PRESENT
[2026-02-05 10:10:42] ERROR: Invalid webhook secret (ignored)
[2026-02-05 10:10:42] Secret validation passed
[2026-02-05 10:10:42] Creating TelegramWebhook handler...
[2026-02-05 10:10:42] Calling handler->handle()...
[2026-02-05 10:10:42] Handler completed successfully
[2026-02-05 10:10:42] Sending OK response to Telegram
[2026-02-05 10:12:46] ===== WEBHOOK HANDLER START =====
[2026-02-05 10:12:46] Input received, size: 502
[2026-02-05 10:12:46] JSON parsed, update_id: 86303851
[2026-02-05 10:12:46] Loading telegram config for company 1...
[2026-02-05 10:12:46] Config found, bot token: 8511296428:AAEE...
[2026-02-05 10:12:46] Webhook secret in DB: SET
[2026-02-05 10:12:46] Secret header from Telegram: PRESENT
[2026-02-05 10:12:46] ERROR: Invalid webhook secret (ignored)
[2026-02-05 10:12:46] Secret validation passed
[2026-02-05 10:12:46] Creating TelegramWebhook handler...
[2026-02-05 10:12:46] Calling handler->handle()...
[2026-02-05 10:12:46] Handler completed successfully
[2026-02-05 10:12:46] Sending OK response to Telegram
[2026-02-05 10:12:48] ===== WEBHOOK HANDLER START =====
[2026-02-05 10:12:48] Input received, size: 1157
[2026-02-05 10:12:48] JSON parsed, update_id: 86303852
[2026-02-05 10:12:48] Loading telegram config for company 1...
[2026-02-05 10:12:48] Config found, bot token: 8511296428:AAEE...
[2026-02-05 10:12:48] Webhook secret in DB: SET
[2026-02-05 10:12:48] Secret header from Telegram: PRESENT
[2026-02-05 10:12:48] ERROR: Invalid webhook secret (ignored)
[2026-02-05 10:12:48] Secret validation passed
[2026-02-05 10:12:48] Creating TelegramWebhook handler...
[2026-02-05 10:12:48] Calling handler->handle()...
[2026-02-05 10:12:48] Handler completed successfully
[2026-02-05 10:12:48] Sending OK response to Telegram
[2026-02-05 10:12:51] ===== WEBHOOK HANDLER START =====
[2026-02-05 10:12:51] Input received, size: 1303
[2026-02-05 10:12:51] JSON parsed, update_id: 86303853
[2026-02-05 10:12:51] Loading telegram config for company 1...
[2026-02-05 10:12:51] Config found, bot token: 8511296428:AAEE...
[2026-02-05 10:12:51] Webhook secret in DB: SET
[2026-02-05 10:12:51] Secret header from Telegram: PRESENT
[2026-02-05 10:12:51] ERROR: Invalid webhook secret (ignored)
[2026-02-05 10:12:51] Secret validation passed
[2026-02-05 10:12:51] Creating TelegramWebhook handler...
[2026-02-05 10:12:51] Calling handler->handle()...
[2026-02-05 10:12:51] Handler completed successfully
[2026-02-05 10:12:51] Sending OK response to Telegram
[2026-02-05 10:12:57] ===== WEBHOOK HANDLER START =====
[2026-02-05 10:12:57] Input received, size: 1133
[2026-02-05 10:12:57] JSON parsed, update_id: 86303854
[2026-02-05 10:12:57] Loading telegram config for company 1...
[2026-02-05 10:12:57] Config found, bot token: 8511296428:AAEE...
[2026-02-05 10:12:57] Webhook secret in DB: SET
[2026-02-05 10:12:57] Secret header from Telegram: PRESENT
[2026-02-05 10:12:57] ERROR: Invalid webhook secret (ignored)
[2026-02-05 10:12:57] Secret validation passed
[2026-02-05 10:12:57] Creating TelegramWebhook handler...
[2026-02-05 10:12:57] Calling handler->handle()...
[2026-02-05 10:12:57] Handler completed successfully
[2026-02-05 10:12:57] Sending OK response to Telegram
[2026-02-05 10:14:08] ===== WEBHOOK HANDLER START =====
[2026-02-05 10:14:08] Input received, size: 1061
[2026-02-05 10:14:08] JSON parsed, update_id: 86303855
[2026-02-05 10:14:08] Loading telegram config for company 1...
[2026-02-05 10:14:08] Config found, bot token: 8511296428:AAEE...
[2026-02-05 10:14:08] Webhook secret in DB: SET
[2026-02-05 10:14:08] Secret header from Telegram: PRESENT
[2026-02-05 10:14:08] ERROR: Invalid webhook secret (ignored)
[2026-02-05 10:14:08] Secret validation passed
[2026-02-05 10:14:08] Creating TelegramWebhook handler...
[2026-02-05 10:14:08] Calling handler->handle()...
[2026-02-05 10:14:08] Handler completed successfully
[2026-02-05 10:14:08] Sending OK response to Telegram
[2026-02-05 10:16:48] ===== WEBHOOK HANDLER START =====
[2026-02-05 10:16:48] Input received, size: 502
[2026-02-05 10:16:48] JSON parsed, update_id: 86303856
[2026-02-05 10:16:48] Loading telegram config for company 1...
[2026-02-05 10:16:48] Config found, bot token: 8511296428:AAEE...
[2026-02-05 10:16:48] Webhook secret in DB: SET
[2026-02-05 10:16:48] Secret header from Telegram: PRESENT
[2026-02-05 10:16:48] ERROR: Invalid webhook secret (ignored)
[2026-02-05 10:16:48] Secret validation passed
[2026-02-05 10:16:48] Creating TelegramWebhook handler...
[2026-02-05 10:16:48] Calling handler->handle()...
[2026-02-05 10:16:48] Handler completed successfully
[2026-02-05 10:16:48] Sending OK response to Telegram
[2026-02-05 10:16:50] ===== WEBHOOK HANDLER START =====
[2026-02-05 10:16:50] Input received, size: 1157
[2026-02-05 10:16:50] JSON parsed, update_id: 86303857
[2026-02-05 10:16:50] Loading telegram config for company 1...
[2026-02-05 10:16:50] Config found, bot token: 8511296428:AAEE...
[2026-02-05 10:16:50] Webhook secret in DB: SET
[2026-02-05 10:16:50] Secret header from Telegram: PRESENT
[2026-02-05 10:16:50] ERROR: Invalid webhook secret (ignored)
[2026-02-05 10:16:50] Secret validation passed
[2026-02-05 10:16:50] Creating TelegramWebhook handler...
[2026-02-05 10:16:50] Calling handler->handle()...
[2026-02-05 10:16:50] Handler completed successfully
[2026-02-05 10:16:50] Sending OK response to Telegram
[2026-02-05 10:16:53] ===== WEBHOOK HANDLER START =====
[2026-02-05 10:16:53] Input received, size: 1308
[2026-02-05 10:16:53] JSON parsed, update_id: 86303858
[2026-02-05 10:16:53] Loading telegram config for company 1...
[2026-02-05 10:16:53] Config found, bot token: 8511296428:AAEE...
[2026-02-05 10:16:53] Webhook secret in DB: SET
[2026-02-05 10:16:53] Secret header from Telegram: PRESENT
[2026-02-05 10:16:53] ERROR: Invalid webhook secret (ignored)
[2026-02-05 10:16:53] Secret validation passed
[2026-02-05 10:16:53] Creating TelegramWebhook handler...
[2026-02-05 10:16:53] Calling handler->handle()...
[2026-02-05 10:16:53] Handler completed successfully
[2026-02-05 10:16:53] Sending OK response to Telegram
[2026-02-05 10:17:06] ===== WEBHOOK HANDLER START =====
[2026-02-05 10:17:06] Input received, size: 1133
[2026-02-05 10:17:06] JSON parsed, update_id: 86303859
[2026-02-05 10:17:06] Loading telegram config for company 1...
[2026-02-05 10:17:06] Config found, bot token: 8511296428:AAEE...
[2026-02-05 10:17:06] Webhook secret in DB: SET
[2026-02-05 10:17:06] Secret header from Telegram: PRESENT
[2026-02-05 10:17:06] ERROR: Invalid webhook secret (ignored)
[2026-02-05 10:17:06] Secret validation passed
[2026-02-05 10:17:06] Creating TelegramWebhook handler...
[2026-02-05 10:17:06] Calling handler->handle()...
[2026-02-05 10:17:06] Handler completed successfully
[2026-02-05 10:17:06] Sending OK response to Telegram
[2026-02-06 06:24:02] ===== WEBHOOK HANDLER START =====
[2026-02-06 06:24:02] Input received, size: 497
[2026-02-06 06:24:02] JSON parsed, update_id: 86303866
[2026-02-06 06:24:02] Loading telegram config for company 1...
[2026-02-06 06:24:02] Config found, bot token: 8511296428:AAEE...
[2026-02-06 06:24:02] Webhook secret in DB: SET
[2026-02-06 06:24:02] Secret header from Telegram: NOT PRESENT
[2026-02-06 06:24:02] Secret validation passed
[2026-02-06 06:24:02] Creating TelegramWebhook handler...
[2026-02-06 06:24:02] Calling handler->handle()...
[2026-02-06 06:24:02] Handler completed successfully
[2026-02-06 06:24:02] Sending OK response to Telegram
[2026-02-06 06:24:03] ===== WEBHOOK HANDLER START =====
[2026-02-06 06:24:03] Input received, size: 497
[2026-02-06 06:24:03] JSON parsed, update_id: 86303867
[2026-02-06 06:24:03] Loading telegram config for company 1...
[2026-02-06 06:24:03] Config found, bot token: 8511296428:AAEE...
[2026-02-06 06:24:03] Webhook secret in DB: SET
[2026-02-06 06:24:03] Secret header from Telegram: NOT PRESENT
[2026-02-06 06:24:03] Secret validation passed
[2026-02-06 06:24:03] Creating TelegramWebhook handler...
[2026-02-06 06:24:03] Calling handler->handle()...
[2026-02-06 06:24:03] Handler completed successfully
[2026-02-06 06:24:03] Sending OK response to Telegram
[2026-02-06 06:24:05] ===== WEBHOOK HANDLER START =====
[2026-02-06 06:24:05] Input received, size: 497
[2026-02-06 06:24:05] JSON parsed, update_id: 86303868
[2026-02-06 06:24:05] Loading telegram config for company 1...
[2026-02-06 06:24:05] Config found, bot token: 8511296428:AAEE...
[2026-02-06 06:24:05] Webhook secret in DB: SET
[2026-02-06 06:24:05] Secret header from Telegram: NOT PRESENT
[2026-02-06 06:24:05] Secret validation passed
[2026-02-06 06:24:05] Creating TelegramWebhook handler...
[2026-02-06 06:24:05] Calling handler->handle()...
[2026-02-06 06:24:05] Handler completed successfully
[2026-02-06 06:24:05] Sending OK response to Telegram
[2026-02-06 06:24:06] ===== WEBHOOK HANDLER START =====
[2026-02-06 06:24:06] Input received, size: 497
[2026-02-06 06:24:06] JSON parsed, update_id: 86303869
[2026-02-06 06:24:06] Loading telegram config for company 1...
[2026-02-06 06:24:06] Config found, bot token: 8511296428:AAEE...
[2026-02-06 06:24:06] Webhook secret in DB: SET
[2026-02-06 06:24:06] Secret header from Telegram: NOT PRESENT
[2026-02-06 06:24:06] Secret validation passed
[2026-02-06 06:24:06] Creating TelegramWebhook handler...
[2026-02-06 06:24:06] Calling handler->handle()...
[2026-02-06 06:24:06] Handler completed successfully
[2026-02-06 06:24:06] Sending OK response to Telegram
[2026-02-06 06:24:45] ===== WEBHOOK HANDLER START =====
[2026-02-06 06:24:45] Input received, size: 496
[2026-02-06 06:24:45] JSON parsed, update_id: 86303870
[2026-02-06 06:24:45] Loading telegram config for company 1...
[2026-02-06 06:24:45] Config found, bot token: 8511296428:AAEE...
[2026-02-06 06:24:45] Webhook secret in DB: SET
[2026-02-06 06:24:45] Secret header from Telegram: NOT PRESENT
[2026-02-06 06:24:45] Secret validation passed
[2026-02-06 06:24:45] Creating TelegramWebhook handler...
[2026-02-06 06:24:45] Calling handler->handle()...
[2026-02-06 06:24:45] Handler completed successfully
[2026-02-06 06:24:45] Sending OK response to Telegram
[2026-02-06 06:26:37] ===== WEBHOOK HANDLER START =====
[2026-02-06 06:26:37] Input received, size: 497
[2026-02-06 06:26:37] JSON parsed, update_id: 86303871
[2026-02-06 06:26:37] Loading telegram config for company 1...
[2026-02-06 06:26:37] Config found, bot token: 8511296428:AAEE...
[2026-02-06 06:26:37] Webhook secret in DB: SET
[2026-02-06 06:26:37] Secret header from Telegram: NOT PRESENT
[2026-02-06 06:26:37] Secret validation passed
[2026-02-06 06:26:37] Creating TelegramWebhook handler...
[2026-02-06 06:26:37] Calling handler->handle()...
[2026-02-06 06:26:37] Handler completed successfully
[2026-02-06 06:26:37] Sending OK response to Telegram
[2026-02-06 06:30:13] ===== WEBHOOK HANDLER START =====
[2026-02-06 06:30:13] Input received, size: 502
[2026-02-06 06:30:13] JSON parsed, update_id: 86303872
[2026-02-06 06:30:13] Loading telegram config for company 1...
[2026-02-06 06:30:13] Config found, bot token: 8511296428:AAEE...
[2026-02-06 06:30:13] Webhook secret in DB: SET
[2026-02-06 06:30:13] Secret header from Telegram: NOT PRESENT
[2026-02-06 06:30:13] Secret validation passed
[2026-02-06 06:30:13] Creating TelegramWebhook handler...
[2026-02-06 06:30:13] Calling handler->handle()...
[2026-02-06 06:30:13] Handler completed successfully
[2026-02-06 06:30:13] Sending OK response to Telegram
[2026-02-06 06:30:15] ===== WEBHOOK HANDLER START =====
[2026-02-06 06:30:15] Input received, size: 1157
[2026-02-06 06:30:15] JSON parsed, update_id: 86303873
[2026-02-06 06:30:15] Loading telegram config for company 1...
[2026-02-06 06:30:15] Config found, bot token: 8511296428:AAEE...
[2026-02-06 06:30:15] Webhook secret in DB: SET
[2026-02-06 06:30:15] Secret header from Telegram: NOT PRESENT
[2026-02-06 06:30:15] Secret validation passed
[2026-02-06 06:30:15] Creating TelegramWebhook handler...
[2026-02-06 06:30:15] Calling handler->handle()...
[2026-02-06 06:30:15] Handler completed successfully
[2026-02-06 06:30:15] Sending OK response to Telegram
[2026-02-06 06:30:18] ===== WEBHOOK HANDLER START =====
[2026-02-06 06:30:18] Input received, size: 1374
[2026-02-06 06:30:18] JSON parsed, update_id: 86303874
[2026-02-06 06:30:18] Loading telegram config for company 1...
[2026-02-06 06:30:18] Config found, bot token: 8511296428:AAEE...
[2026-02-06 06:30:18] Webhook secret in DB: SET
[2026-02-06 06:30:18] Secret header from Telegram: NOT PRESENT
[2026-02-06 06:30:18] Secret validation passed
[2026-02-06 06:30:18] Creating TelegramWebhook handler...
[2026-02-06 06:30:18] Calling handler->handle()...
[2026-02-06 06:30:18] Handler completed successfully
[2026-02-06 06:30:18] Sending OK response to Telegram
[2026-02-06 06:30:26] ===== WEBHOOK HANDLER START =====
[2026-02-06 06:30:26] Input received, size: 1137
[2026-02-06 06:30:26] JSON parsed, update_id: 86303875
[2026-02-06 06:30:26] Loading telegram config for company 1...
[2026-02-06 06:30:26] Config found, bot token: 8511296428:AAEE...
[2026-02-06 06:30:26] Webhook secret in DB: SET
[2026-02-06 06:30:26] Secret header from Telegram: NOT PRESENT
[2026-02-06 06:30:26] Secret validation passed
[2026-02-06 06:30:26] Creating TelegramWebhook handler...
[2026-02-06 06:30:26] Calling handler->handle()...
[2026-02-06 06:30:26] Handler completed successfully
[2026-02-06 06:30:26] Sending OK response to Telegram
[2026-02-06 06:36:25] ===== WEBHOOK HANDLER START =====
[2026-02-06 06:36:25] Input received, size: 497
[2026-02-06 06:36:25] JSON parsed, update_id: 86303876
[2026-02-06 06:36:25] Loading telegram config for company 1...
[2026-02-06 06:36:25] Config found, bot token: 8511296428:AAEE...
[2026-02-06 06:36:25] Webhook secret in DB: SET
[2026-02-06 06:36:25] Secret header from Telegram: NOT PRESENT
[2026-02-06 06:36:25] Secret validation passed
[2026-02-06 06:36:25] Creating TelegramWebhook handler...
[2026-02-06 06:36:25] CRITICAL EXCEPTION: syntax error, unexpected variable "$this", expecting "]"
[2026-02-06 06:36:25] File: /home2/dpdc318/ticket.providawater.com/src/Services/Telegram/TelegramWebhook.php:229
[2026-02-06 06:36:54] ===== WEBHOOK HANDLER START =====
[2026-02-06 06:36:54] Input received, size: 497
[2026-02-06 06:36:54] JSON parsed, update_id: 86303877
[2026-02-06 06:36:54] Loading telegram config for company 1...
[2026-02-06 06:36:54] Config found, bot token: 8511296428:AAEE...
[2026-02-06 06:36:54] Webhook secret in DB: SET
[2026-02-06 06:36:54] Secret header from Telegram: NOT PRESENT
[2026-02-06 06:36:54] Secret validation passed
[2026-02-06 06:36:54] Creating TelegramWebhook handler...
[2026-02-06 06:36:54] CRITICAL EXCEPTION: syntax error, unexpected variable "$this", expecting "]"
[2026-02-06 06:36:54] File: /home2/dpdc318/ticket.providawater.com/src/Services/Telegram/TelegramWebhook.php:229
[2026-02-06 06:38:26] ===== WEBHOOK HANDLER START =====
[2026-02-06 06:38:26] Input received, size: 497
[2026-02-06 06:38:26] JSON parsed, update_id: 86303878
[2026-02-06 06:38:26] Loading telegram config for company 1...
[2026-02-06 06:38:26] Config found, bot token: 8511296428:AAEE...
[2026-02-06 06:38:26] Webhook secret in DB: SET
[2026-02-06 06:38:26] Secret header from Telegram: NOT PRESENT
[2026-02-06 06:38:26] Secret validation passed
[2026-02-06 06:38:26] Creating TelegramWebhook handler...
[2026-02-06 06:38:26] CRITICAL EXCEPTION: syntax error, unexpected variable "$this", expecting "]"
[2026-02-06 06:38:26] File: /home2/dpdc318/ticket.providawater.com/src/Services/Telegram/TelegramWebhook.php:229
[2026-02-06 06:38:27] ===== WEBHOOK HANDLER START =====
[2026-02-06 06:38:27] Input received, size: 497
[2026-02-06 06:38:27] JSON parsed, update_id: 86303879
[2026-02-06 06:38:27] Loading telegram config for company 1...
[2026-02-06 06:38:27] Config found, bot token: 8511296428:AAEE...
[2026-02-06 06:38:27] Webhook secret in DB: SET
[2026-02-06 06:38:27] Secret header from Telegram: NOT PRESENT
[2026-02-06 06:38:27] Secret validation passed
[2026-02-06 06:38:27] Creating TelegramWebhook handler...
[2026-02-06 06:38:27] CRITICAL EXCEPTION: syntax error, unexpected variable "$this", expecting "]"
[2026-02-06 06:38:27] File: /home2/dpdc318/ticket.providawater.com/src/Services/Telegram/TelegramWebhook.php:229
[2026-02-06 06:38:27] ===== WEBHOOK HANDLER START =====
[2026-02-06 06:38:27] Input received, size: 1157
[2026-02-06 06:38:27] JSON parsed, update_id: 86303880
[2026-02-06 06:38:27] Loading telegram config for company 1...
[2026-02-06 06:38:27] Config found, bot token: 8511296428:AAEE...
[2026-02-06 06:38:27] Webhook secret in DB: SET
[2026-02-06 06:38:27] Secret header from Telegram: NOT PRESENT
[2026-02-06 06:38:27] Secret validation passed
[2026-02-06 06:38:27] Creating TelegramWebhook handler...
[2026-02-06 06:38:27] CRITICAL EXCEPTION: syntax error, unexpected variable "$this", expecting "]"
[2026-02-06 06:38:27] File: /home2/dpdc318/ticket.providawater.com/src/Services/Telegram/TelegramWebhook.php:229
[2026-02-06 06:39:34] ===== WEBHOOK HANDLER START =====
[2026-02-06 06:39:34] Input received, size: 497
[2026-02-06 06:39:34] JSON parsed, update_id: 86303881
[2026-02-06 06:39:34] Loading telegram config for company 1...
[2026-02-06 06:39:34] Config found, bot token: 8511296428:AAEE...
[2026-02-06 06:39:34] Webhook secret in DB: SET
[2026-02-06 06:39:34] Secret header from Telegram: NOT PRESENT
[2026-02-06 06:39:34] Secret validation passed
[2026-02-06 06:39:34] Creating TelegramWebhook handler...
[2026-02-06 06:39:34] CRITICAL EXCEPTION: syntax error, unexpected variable "$this", expecting "]"
[2026-02-06 06:39:34] File: /home2/dpdc318/ticket.providawater.com/src/Services/Telegram/TelegramWebhook.php:229
[2026-02-06 06:40:27] ===== WEBHOOK HANDLER START =====
[2026-02-06 06:40:27] Input received, size: 497
[2026-02-06 06:40:27] JSON parsed, update_id: 86303882
[2026-02-06 06:40:27] Loading telegram config for company 1...
[2026-02-06 06:40:27] Config found, bot token: 8511296428:AAEE...
[2026-02-06 06:40:27] Webhook secret in DB: SET
[2026-02-06 06:40:27] Secret header from Telegram: NOT PRESENT
[2026-02-06 06:40:27] Secret validation passed
[2026-02-06 06:40:27] Creating TelegramWebhook handler...
[2026-02-06 06:40:27] CRITICAL EXCEPTION: syntax error, unexpected variable "$this", expecting "]"
[2026-02-06 06:40:27] File: /home2/dpdc318/ticket.providawater.com/src/Services/Telegram/TelegramWebhook.php:229
[2026-02-06 06:40:37] ===== WEBHOOK HANDLER START =====
[2026-02-06 06:40:37] Input received, size: 497
[2026-02-06 06:40:37] JSON parsed, update_id: 86303883
[2026-02-06 06:40:37] Loading telegram config for company 1...
[2026-02-06 06:40:37] Config found, bot token: 8511296428:AAEE...
[2026-02-06 06:40:37] Webhook secret in DB: SET
[2026-02-06 06:40:37] Secret header from Telegram: NOT PRESENT
[2026-02-06 06:40:37] Secret validation passed
[2026-02-06 06:40:37] Creating TelegramWebhook handler...
[2026-02-06 06:40:37] CRITICAL EXCEPTION: syntax error, unexpected variable "$this", expecting "]"
[2026-02-06 06:40:37] File: /home2/dpdc318/ticket.providawater.com/src/Services/Telegram/TelegramWebhook.php:229
[2026-02-06 06:43:03] ===== WEBHOOK HANDLER START =====
[2026-02-06 06:43:03] Input received, size: 497
[2026-02-06 06:43:03] JSON parsed, update_id: 86303884
[2026-02-06 06:43:03] Loading telegram config for company 1...
[2026-02-06 06:43:03] Config found, bot token: 8511296428:AAEE...
[2026-02-06 06:43:03] Webhook secret in DB: SET
[2026-02-06 06:43:03] Secret header from Telegram: NOT PRESENT
[2026-02-06 06:43:03] Secret validation passed
[2026-02-06 06:43:03] Creating TelegramWebhook handler...
[2026-02-06 06:43:03] Calling handler->handle()...
[2026-02-06 06:43:03] Handler completed successfully
[2026-02-06 06:43:03] Sending OK response to Telegram
[2026-02-06 06:43:37] ===== WEBHOOK HANDLER START =====
[2026-02-06 06:43:37] Input received, size: 497
[2026-02-06 06:43:37] JSON parsed, update_id: 86303885
[2026-02-06 06:43:37] Loading telegram config for company 1...
[2026-02-06 06:43:37] Config found, bot token: 8511296428:AAEE...
[2026-02-06 06:43:37] Webhook secret in DB: SET
[2026-02-06 06:43:37] Secret header from Telegram: NOT PRESENT
[2026-02-06 06:43:37] Secret validation passed
[2026-02-06 06:43:37] Creating TelegramWebhook handler...
[2026-02-06 06:43:37] Calling handler->handle()...
[2026-02-06 06:43:37] Handler completed successfully
[2026-02-06 06:43:37] Sending OK response to Telegram
[2026-02-06 07:08:45] ===== WEBHOOK HANDLER START =====
[2026-02-06 07:08:45] Input received, size: 497
[2026-02-06 07:08:45] JSON parsed, update_id: 86303886
[2026-02-06 07:08:45] Loading telegram config for company 1...
[2026-02-06 07:08:45] Config found, bot token: 8511296428:AAEE...
[2026-02-06 07:08:45] Webhook secret in DB: SET
[2026-02-06 07:08:45] Secret header from Telegram: NOT PRESENT
[2026-02-06 07:08:45] Secret validation passed
[2026-02-06 07:08:45] Creating TelegramWebhook handler...
[2026-02-06 07:08:45] Calling handler->handle()...
[2026-02-06 07:08:45] Handler completed successfully
[2026-02-06 07:08:45] Sending OK response to Telegram
[2026-02-06 07:15:00] ===== WEBHOOK HANDLER START =====
[2026-02-06 07:15:00] Input received, size: 497
[2026-02-06 07:15:00] JSON parsed, update_id: 86303887
[2026-02-06 07:15:00] Loading telegram config for company 1...
[2026-02-06 07:15:00] Config found, bot token: 8511296428:AAEE...
[2026-02-06 07:15:00] Webhook secret in DB: SET
[2026-02-06 07:15:00] Secret header from Telegram: NOT PRESENT
[2026-02-06 07:15:00] Secret validation passed
[2026-02-06 07:15:00] Creating TelegramWebhook handler...
[2026-02-06 07:15:00] Calling handler->handle()...
[2026-02-06 07:15:00] Handler completed successfully
[2026-02-06 07:15:00] Sending OK response to Telegram
[2026-02-06 07:46:59] ===== WEBHOOK HANDLER START =====
[2026-02-06 07:46:59] Input received, size: 497
[2026-02-06 07:46:59] JSON parsed, update_id: 86303888
[2026-02-06 07:46:59] Loading telegram config for company 1...
[2026-02-06 07:46:59] Config found, bot token: 8511296428:AAEE...
[2026-02-06 07:46:59] Webhook secret in DB: SET
[2026-02-06 07:46:59] Secret header from Telegram: NOT PRESENT
[2026-02-06 07:46:59] Secret validation passed
[2026-02-06 07:46:59] Creating TelegramWebhook handler...
[2026-02-06 07:46:59] Calling handler->handle()...
[2026-02-06 07:46:59] Handler completed successfully
[2026-02-06 07:46:59] Sending OK response to Telegram
[2026-02-06 07:59:29] ===== WEBHOOK HANDLER START =====
[2026-02-06 07:59:29] Input received, size: 496
[2026-02-06 07:59:29] JSON parsed, update_id: 86303889
[2026-02-06 07:59:29] Loading telegram config for company 1...
[2026-02-06 07:59:29] Config found, bot token: 8511296428:AAEE...
[2026-02-06 07:59:29] Webhook secret in DB: SET
[2026-02-06 07:59:29] Secret header from Telegram: NOT PRESENT
[2026-02-06 07:59:29] Secret validation passed
[2026-02-06 07:59:29] Creating TelegramWebhook handler...
[2026-02-06 07:59:29] Calling handler->handle()...
[2026-02-06 07:59:29] Handler completed successfully
[2026-02-06 07:59:29] Sending OK response to Telegram
[2026-02-06 08:06:15] ===== WEBHOOK HANDLER START =====
[2026-02-06 08:06:15] Input received, size: 497
[2026-02-06 08:06:15] JSON parsed, update_id: 86303890
[2026-02-06 08:06:15] Loading telegram config for company 1...
[2026-02-06 08:06:15] Config found, bot token: 8511296428:AAEE...
[2026-02-06 08:06:15] Webhook secret in DB: SET
[2026-02-06 08:06:15] Secret header from Telegram: NOT PRESENT
[2026-02-06 08:06:15] Secret validation passed
[2026-02-06 08:06:15] Creating TelegramWebhook handler...
[2026-02-06 08:06:15] Calling handler->handle()...
[2026-02-06 08:06:15] Handler completed successfully
[2026-02-06 08:06:15] Sending OK response to Telegram
[2026-02-06 08:19:39] ===== WEBHOOK HANDLER START =====
[2026-02-06 08:19:39] Input received, size: 367
[2026-02-06 08:19:39] JSON parsed, update_id: 86303891
[2026-02-06 08:19:39] Loading telegram config for company 1...
[2026-02-06 08:19:39] Config found, bot token: 8511296428:AAEE...
[2026-02-06 08:19:39] Webhook secret in DB: SET
[2026-02-06 08:19:39] Secret header from Telegram: NOT PRESENT
[2026-02-06 08:19:39] Secret validation passed
[2026-02-06 08:19:39] Creating TelegramWebhook handler...
[2026-02-06 08:19:39] Calling handler->handle()...
[2026-02-06 08:19:39] Handler completed successfully
[2026-02-06 08:19:39] Sending OK response to Telegram
[2026-02-06 08:19:55] ===== WEBHOOK HANDLER START =====
[2026-02-06 08:19:55] Input received, size: 366
[2026-02-06 08:19:55] JSON parsed, update_id: 86303892
[2026-02-06 08:19:55] Loading telegram config for company 1...
[2026-02-06 08:19:55] Config found, bot token: 8511296428:AAEE...
[2026-02-06 08:19:55] Webhook secret in DB: SET
[2026-02-06 08:19:55] Secret header from Telegram: NOT PRESENT
[2026-02-06 08:19:55] Secret validation passed
[2026-02-06 08:19:55] Creating TelegramWebhook handler...
[2026-02-06 08:19:55] Calling handler->handle()...
[2026-02-06 08:19:55] Handler completed successfully
[2026-02-06 08:19:55] Sending OK response to Telegram
[2026-02-06 08:20:25] ===== WEBHOOK HANDLER START =====
[2026-02-06 08:20:25] Input received, size: 375
[2026-02-06 08:20:25] JSON parsed, update_id: 86303893
[2026-02-06 08:20:25] Loading telegram config for company 1...
[2026-02-06 08:20:25] Config found, bot token: 8511296428:AAEE...
[2026-02-06 08:20:25] Webhook secret in DB: SET
[2026-02-06 08:20:25] Secret header from Telegram: NOT PRESENT
[2026-02-06 08:20:25] Secret validation passed
[2026-02-06 08:20:25] Creating TelegramWebhook handler...
[2026-02-06 08:20:25] Calling handler->handle()...
[2026-02-06 08:20:25] Handler completed successfully
[2026-02-06 08:20:25] Sending OK response to Telegram
[2026-02-06 08:20:28] ===== WEBHOOK HANDLER START =====
[2026-02-06 08:20:28] Input received, size: 372
[2026-02-06 08:20:28] JSON parsed, update_id: 86303894
[2026-02-06 08:20:28] Loading telegram config for company 1...
[2026-02-06 08:20:28] Config found, bot token: 8511296428:AAEE...
[2026-02-06 08:20:28] Webhook secret in DB: SET
[2026-02-06 08:20:28] Secret header from Telegram: NOT PRESENT
[2026-02-06 08:20:28] Secret validation passed
[2026-02-06 08:20:28] Creating TelegramWebhook handler...
[2026-02-06 08:20:28] Calling handler->handle()...
[2026-02-06 08:20:28] Handler completed successfully
[2026-02-06 08:20:28] Sending OK response to Telegram
[2026-02-06 08:20:32] ===== WEBHOOK HANDLER START =====
[2026-02-06 08:20:32] Input received, size: 308
[2026-02-06 08:20:32] JSON parsed, update_id: 86303895
[2026-02-06 08:20:32] Loading telegram config for company 1...
[2026-02-06 08:20:32] Config found, bot token: 8511296428:AAEE...
[2026-02-06 08:20:32] Webhook secret in DB: SET
[2026-02-06 08:20:32] Secret header from Telegram: NOT PRESENT
[2026-02-06 08:20:32] Secret validation passed
[2026-02-06 08:20:32] Creating TelegramWebhook handler...
[2026-02-06 08:20:32] Calling handler->handle()...
[2026-02-06 08:20:32] Handler completed successfully
[2026-02-06 08:20:32] Sending OK response to Telegram
[2026-02-06 08:20:37] ===== WEBHOOK HANDLER START =====
[2026-02-06 08:20:37] Input received, size: 307
[2026-02-06 08:20:37] JSON parsed, update_id: 86303896
[2026-02-06 08:20:37] Loading telegram config for company 1...
[2026-02-06 08:20:37] Config found, bot token: 8511296428:AAEE...
[2026-02-06 08:20:37] Webhook secret in DB: SET
[2026-02-06 08:20:37] Secret header from Telegram: NOT PRESENT
[2026-02-06 08:20:37] Secret validation passed
[2026-02-06 08:20:37] Creating TelegramWebhook handler...
[2026-02-06 08:20:37] Calling handler->handle()...
[2026-02-06 08:20:37] Handler completed successfully
[2026-02-06 08:20:37] Sending OK response to Telegram
[2026-02-06 08:20:53] ===== WEBHOOK HANDLER START =====
[2026-02-06 08:20:53] Input received, size: 338
[2026-02-06 08:20:53] JSON parsed, update_id: 86303897
[2026-02-06 08:20:53] Loading telegram config for company 1...
[2026-02-06 08:20:53] Config found, bot token: 8511296428:AAEE...
[2026-02-06 08:20:53] Webhook secret in DB: SET
[2026-02-06 08:20:53] Secret header from Telegram: NOT PRESENT
[2026-02-06 08:20:53] Secret validation passed
[2026-02-06 08:20:53] Creating TelegramWebhook handler...
[2026-02-06 08:20:53] Calling handler->handle()...
[2026-02-06 08:20:53] Handler completed successfully
[2026-02-06 08:20:53] Sending OK response to Telegram
[2026-02-06 08:21:10] ===== WEBHOOK HANDLER START =====
[2026-02-06 08:21:10] Input received, size: 367
[2026-02-06 08:21:10] JSON parsed, update_id: 86303898
[2026-02-06 08:21:10] Loading telegram config for company 1...
[2026-02-06 08:21:10] Config found, bot token: 8511296428:AAEE...
[2026-02-06 08:21:10] Webhook secret in DB: SET
[2026-02-06 08:21:10] Secret header from Telegram: NOT PRESENT
[2026-02-06 08:21:10] Secret validation passed
[2026-02-06 08:21:10] Creating TelegramWebhook handler...
[2026-02-06 08:21:10] Calling handler->handle()...
[2026-02-06 08:21:10] Handler completed successfully
[2026-02-06 08:21:10] Sending OK response to Telegram
[2026-02-08 09:34:16] ===== WEBHOOK HANDLER START =====
[2026-02-08 09:34:16] Input received, size: 497
[2026-02-08 09:34:16] JSON parsed, update_id: 86303899
[2026-02-08 09:34:16] Loading telegram config for company 1...
[2026-02-08 09:34:16] Config found, bot token: 8511296428:AAEE...
[2026-02-08 09:34:16] Webhook secret in DB: SET
[2026-02-08 09:34:16] Secret header from Telegram: NOT PRESENT
[2026-02-08 09:34:16] Secret validation passed
[2026-02-08 09:34:16] Creating TelegramWebhook handler...
[2026-02-08 09:34:16] Calling handler->handle()...
[2026-02-08 09:34:16] Handler completed successfully
[2026-02-08 09:34:16] Sending OK response to Telegram
[2026-02-09 12:26:02] ===== WEBHOOK HANDLER START =====
[2026-02-09 12:26:02] Input received, size: 496
[2026-02-09 12:26:02] JSON parsed, update_id: 633184135
[2026-02-09 12:26:02] Loading telegram config for company 1...
[2026-02-09 12:26:02] Config found, bot token: 8415659161:AAFh...
[2026-02-09 12:26:02] Webhook secret in DB: SET
[2026-02-09 12:26:02] Secret header from Telegram: NOT PRESENT
[2026-02-09 12:26:02] Secret validation passed
[2026-02-09 12:26:02] Creating TelegramWebhook handler...
[2026-02-09 12:26:02] Calling handler->handle()...
[2026-02-09 12:26:02] Handler completed successfully
[2026-02-09 12:26:02] Sending OK response to Telegram
[2026-02-09 12:26:12] ===== WEBHOOK HANDLER START =====
[2026-02-09 12:26:12] Input received, size: 495
[2026-02-09 12:26:12] JSON parsed, update_id: 633184136
[2026-02-09 12:26:12] Loading telegram config for company 1...
[2026-02-09 12:26:12] Config found, bot token: 8415659161:AAFh...
[2026-02-09 12:26:12] Webhook secret in DB: SET
[2026-02-09 12:26:12] Secret header from Telegram: NOT PRESENT
[2026-02-09 12:26:12] Secret validation passed
[2026-02-09 12:26:12] Creating TelegramWebhook handler...
[2026-02-09 12:26:12] Calling handler->handle()...
[2026-02-09 12:26:12] Handler completed successfully
[2026-02-09 12:26:12] Sending OK response to Telegram
[2026-02-09 12:26:19] ===== WEBHOOK HANDLER START =====
[2026-02-09 12:26:19] Input received, size: 504
[2026-02-09 12:26:19] JSON parsed, update_id: 633184137
[2026-02-09 12:26:19] Loading telegram config for company 1...
[2026-02-09 12:26:19] Config found, bot token: 8415659161:AAFh...
[2026-02-09 12:26:19] Webhook secret in DB: SET
[2026-02-09 12:26:19] Secret header from Telegram: NOT PRESENT
[2026-02-09 12:26:19] Secret validation passed
[2026-02-09 12:26:19] Creating TelegramWebhook handler...
[2026-02-09 12:26:19] Calling handler->handle()...
[2026-02-09 12:26:19] Handler completed successfully
[2026-02-09 12:26:19] Sending OK response to Telegram
[2026-02-09 12:26:25] ===== WEBHOOK HANDLER START =====
[2026-02-09 12:26:25] Input received, size: 496
[2026-02-09 12:26:25] JSON parsed, update_id: 633184138
[2026-02-09 12:26:25] Loading telegram config for company 1...
[2026-02-09 12:26:25] Config found, bot token: 8415659161:AAFh...
[2026-02-09 12:26:25] Webhook secret in DB: SET
[2026-02-09 12:26:25] Secret header from Telegram: NOT PRESENT
[2026-02-09 12:26:25] Secret validation passed
[2026-02-09 12:26:25] Creating TelegramWebhook handler...
[2026-02-09 12:26:25] Calling handler->handle()...
[2026-02-09 12:26:25] Handler completed successfully
[2026-02-09 12:26:25] Sending OK response to Telegram
[2026-02-09 12:26:55] ===== WEBHOOK HANDLER START =====
[2026-02-09 12:26:55] Input received, size: 502
[2026-02-09 12:26:55] JSON parsed, update_id: 633184139
[2026-02-09 12:26:55] Loading telegram config for company 1...
[2026-02-09 12:26:55] Config found, bot token: 8415659161:AAFh...
[2026-02-09 12:26:55] Webhook secret in DB: SET
[2026-02-09 12:26:55] Secret header from Telegram: NOT PRESENT
[2026-02-09 12:26:55] Secret validation passed
[2026-02-09 12:26:55] Creating TelegramWebhook handler...
[2026-02-09 12:26:55] Calling handler->handle()...
[2026-02-09 12:26:55] Handler completed successfully
[2026-02-09 12:26:55] Sending OK response to Telegram
[2026-02-09 12:27:01] ===== WEBHOOK HANDLER START =====
[2026-02-09 12:27:01] Input received, size: 497
[2026-02-09 12:27:01] JSON parsed, update_id: 633184140
[2026-02-09 12:27:01] Loading telegram config for company 1...
[2026-02-09 12:27:01] Config found, bot token: 8415659161:AAFh...
[2026-02-09 12:27:01] Webhook secret in DB: SET
[2026-02-09 12:27:01] Secret header from Telegram: NOT PRESENT
[2026-02-09 12:27:01] Secret validation passed
[2026-02-09 12:27:01] Creating TelegramWebhook handler...
[2026-02-09 12:27:01] Calling handler->handle()...
[2026-02-09 12:27:01] Handler completed successfully
[2026-02-09 12:27:01] Sending OK response to Telegram
[2026-02-09 12:27:42] ===== WEBHOOK HANDLER START =====
[2026-02-09 12:27:42] Input received, size: 502
[2026-02-09 12:27:42] JSON parsed, update_id: 633184141
[2026-02-09 12:27:42] Loading telegram config for company 1...
[2026-02-09 12:27:42] Config found, bot token: 8415659161:AAFh...
[2026-02-09 12:27:42] Webhook secret in DB: SET
[2026-02-09 12:27:42] Secret header from Telegram: NOT PRESENT
[2026-02-09 12:27:42] Secret validation passed
[2026-02-09 12:27:42] Creating TelegramWebhook handler...
[2026-02-09 12:27:42] Calling handler->handle()...
[2026-02-09 12:27:42] Handler completed successfully
[2026-02-09 12:27:42] Sending OK response to Telegram
[2026-02-09 12:27:47] ===== WEBHOOK HANDLER START =====
[2026-02-09 12:27:47] Input received, size: 454
[2026-02-09 12:27:48] JSON parsed, update_id: 633184142
[2026-02-09 12:27:48] Loading telegram config for company 1...
[2026-02-09 12:27:48] Config found, bot token: 8415659161:AAFh...
[2026-02-09 12:27:48] Webhook secret in DB: SET
[2026-02-09 12:27:48] Secret header from Telegram: NOT PRESENT
[2026-02-09 12:27:48] Secret validation passed
[2026-02-09 12:27:48] Creating TelegramWebhook handler...
[2026-02-09 12:27:48] Calling handler->handle()...
[2026-02-09 12:27:48] Handler completed successfully
[2026-02-09 12:27:48] Sending OK response to Telegram
[2026-02-09 12:27:52] ===== WEBHOOK HANDLER START =====
[2026-02-09 12:27:52] Input received, size: 454
[2026-02-09 12:27:52] JSON parsed, update_id: 633184143
[2026-02-09 12:27:52] Loading telegram config for company 1...
[2026-02-09 12:27:52] Config found, bot token: 8415659161:AAFh...
[2026-02-09 12:27:52] Webhook secret in DB: SET
[2026-02-09 12:27:52] Secret header from Telegram: NOT PRESENT
[2026-02-09 12:27:52] Secret validation passed
[2026-02-09 12:27:52] Creating TelegramWebhook handler...
[2026-02-09 12:27:52] Calling handler->handle()...
[2026-02-09 12:27:52] Handler completed successfully
[2026-02-09 12:27:52] Sending OK response to Telegram
[2026-02-09 12:28:30] ===== WEBHOOK HANDLER START =====
[2026-02-09 12:28:30] Input received, size: 605
[2026-02-09 12:28:30] JSON parsed, update_id: 633184144
[2026-02-09 12:28:30] Loading telegram config for company 1...
[2026-02-09 12:28:30] Config found, bot token: 8415659161:AAFh...
[2026-02-09 12:28:30] Webhook secret in DB: SET
[2026-02-09 12:28:30] Secret header from Telegram: NOT PRESENT
[2026-02-09 12:28:30] Secret validation passed
[2026-02-09 12:28:30] Creating TelegramWebhook handler...
[2026-02-09 12:28:30] Calling handler->handle()...
[2026-02-09 12:28:30] Handler completed successfully
[2026-02-09 12:28:30] Sending OK response to Telegram
[2026-02-09 12:28:33] ===== WEBHOOK HANDLER START =====
[2026-02-09 12:28:33] Input received, size: 502
[2026-02-09 12:28:33] JSON parsed, update_id: 633184145
[2026-02-09 12:28:33] Loading telegram config for company 1...
[2026-02-09 12:28:33] Config found, bot token: 8415659161:AAFh...
[2026-02-09 12:28:33] Webhook secret in DB: SET
[2026-02-09 12:28:33] Secret header from Telegram: NOT PRESENT
[2026-02-09 12:28:33] Secret validation passed
[2026-02-09 12:28:33] Creating TelegramWebhook handler...
[2026-02-09 12:28:33] Calling handler->handle()...
[2026-02-09 12:28:33] Handler completed successfully
[2026-02-09 12:28:33] Sending OK response to Telegram
[2026-02-09 12:28:36] ===== WEBHOOK HANDLER START =====
[2026-02-09 12:28:36] Input received, size: 883
[2026-02-09 12:28:36] JSON parsed, update_id: 633184146
[2026-02-09 12:28:36] Loading telegram config for company 1...
[2026-02-09 12:28:36] Config found, bot token: 8415659161:AAFh...
[2026-02-09 12:28:36] Webhook secret in DB: SET
[2026-02-09 12:28:36] Secret header from Telegram: NOT PRESENT
[2026-02-09 12:28:36] Secret validation passed
[2026-02-09 12:28:36] Creating TelegramWebhook handler...
[2026-02-09 12:28:36] Calling handler->handle()...
[2026-02-09 12:28:36] Handler completed successfully
[2026-02-09 12:28:36] Sending OK response to Telegram
[2026-02-09 12:28:41] ===== WEBHOOK HANDLER START =====
[2026-02-09 12:28:41] Input received, size: 1332
[2026-02-09 12:28:41] JSON parsed, update_id: 633184147
[2026-02-09 12:28:41] Loading telegram config for company 1...
[2026-02-09 12:28:41] Config found, bot token: 8415659161:AAFh...
[2026-02-09 12:28:41] Webhook secret in DB: SET
[2026-02-09 12:28:41] Secret header from Telegram: NOT PRESENT
[2026-02-09 12:28:41] Secret validation passed
[2026-02-09 12:28:41] Creating TelegramWebhook handler...
[2026-02-09 12:28:41] Calling handler->handle()...
[2026-02-09 12:28:41] Handler completed successfully
[2026-02-09 12:28:41] Sending OK response to Telegram
[2026-02-09 12:28:48] ===== WEBHOOK HANDLER START =====
[2026-02-09 12:28:48] Input received, size: 605
[2026-02-09 12:28:48] JSON parsed, update_id: 633184148
[2026-02-09 12:28:48] Loading telegram config for company 1...
[2026-02-09 12:28:48] Config found, bot token: 8415659161:AAFh...
[2026-02-09 12:28:48] Webhook secret in DB: SET
[2026-02-09 12:28:48] Secret header from Telegram: NOT PRESENT
[2026-02-09 12:28:48] Secret validation passed
[2026-02-09 12:28:48] Creating TelegramWebhook handler...
[2026-02-09 12:28:48] Calling handler->handle()...
[2026-02-09 12:28:48] Handler completed successfully
[2026-02-09 12:28:48] Sending OK response to Telegram
[2026-02-09 12:33:59] ===== WEBHOOK HANDLER START =====
[2026-02-09 12:33:59] Input received, size: 1332
[2026-02-09 12:33:59] JSON parsed, update_id: 633184149
[2026-02-09 12:33:59] Loading telegram config for company 1...
[2026-02-09 12:33:59] Config found, bot token: 8415659161:AAFh...
[2026-02-09 12:33:59] Webhook secret in DB: SET
[2026-02-09 12:33:59] Secret header from Telegram: NOT PRESENT
[2026-02-09 12:33:59] Secret validation passed
[2026-02-09 12:33:59] Creating TelegramWebhook handler...
[2026-02-09 12:33:59] Calling handler->handle()...
[2026-02-09 12:33:59] Handler completed successfully
[2026-02-09 12:33:59] Sending OK response to Telegram
[2026-02-09 12:34:05] ===== WEBHOOK HANDLER START =====
[2026-02-09 12:34:05] Input received, size: 605
[2026-02-09 12:34:05] JSON parsed, update_id: 633184150
[2026-02-09 12:34:05] Loading telegram config for company 1...
[2026-02-09 12:34:05] Config found, bot token: 8415659161:AAFh...
[2026-02-09 12:34:05] Webhook secret in DB: SET
[2026-02-09 12:34:05] Secret header from Telegram: NOT PRESENT
[2026-02-09 12:34:05] Secret validation passed
[2026-02-09 12:34:05] Creating TelegramWebhook handler...
[2026-02-09 12:34:05] Calling handler->handle()...
[2026-02-09 12:34:05] Handler completed successfully
[2026-02-09 12:34:05] Sending OK response to Telegram
[2026-02-09 12:41:39] ===== WEBHOOK HANDLER START =====
[2026-02-09 12:41:39] Input received, size: 497
[2026-02-09 12:41:39] JSON parsed, update_id: 633184151
[2026-02-09 12:41:39] Loading telegram config for company 1...
[2026-02-09 12:41:39] Config found, bot token: 8415659161:AAFh...
[2026-02-09 12:41:39] Webhook secret in DB: SET
[2026-02-09 12:41:39] Secret header from Telegram: NOT PRESENT
[2026-02-09 12:41:39] Secret validation passed
[2026-02-09 12:41:39] Creating TelegramWebhook handler...
[2026-02-09 12:41:39] Calling handler->handle()...
[2026-02-09 12:41:39] Handler completed successfully
[2026-02-09 12:41:39] Sending OK response to Telegram
[2026-02-09 13:06:11] ===== WEBHOOK HANDLER START =====
[2026-02-09 13:06:11] Input received, size: 497
[2026-02-09 13:06:11] JSON parsed, update_id: 633184152
[2026-02-09 13:06:11] Loading telegram config for company 1...
[2026-02-09 13:06:11] Config found, bot token: 8415659161:AAFh...
[2026-02-09 13:06:11] Webhook secret in DB: SET
[2026-02-09 13:06:11] Secret header from Telegram: NOT PRESENT
[2026-02-09 13:06:11] Secret validation passed
[2026-02-09 13:06:11] Creating TelegramWebhook handler...
[2026-02-09 13:06:11] Calling handler->handle()...
[2026-02-09 13:06:11] Handler completed successfully
[2026-02-09 13:06:11] Sending OK response to Telegram
[2026-02-09 13:08:31] ===== WEBHOOK HANDLER START =====
[2026-02-09 13:08:31] Input received, size: 497
[2026-02-09 13:08:31] JSON parsed, update_id: 633184153
[2026-02-09 13:08:31] Loading telegram config for company 1...
[2026-02-09 13:08:31] Config found, bot token: 8415659161:AAFh...
[2026-02-09 13:08:31] Webhook secret in DB: SET
[2026-02-09 13:08:31] Secret header from Telegram: NOT PRESENT
[2026-02-09 13:08:31] Secret validation passed
[2026-02-09 13:08:31] Creating TelegramWebhook handler...
[2026-02-09 13:08:31] Calling handler->handle()...
[2026-02-09 13:08:31] Handler completed successfully
[2026-02-09 13:08:31] Sending OK response to Telegram
[2026-02-09 13:09:43] ===== WEBHOOK HANDLER START =====
[2026-02-09 13:09:43] Input received, size: 497
[2026-02-09 13:09:43] JSON parsed, update_id: 633184154
[2026-02-09 13:09:43] Loading telegram config for company 1...
[2026-02-09 13:09:43] Config found, bot token: 8415659161:AAFh...
[2026-02-09 13:09:43] Webhook secret in DB: SET
[2026-02-09 13:09:43] Secret header from Telegram: NOT PRESENT
[2026-02-09 13:09:43] Secret validation passed
[2026-02-09 13:09:43] Creating TelegramWebhook handler...
[2026-02-09 13:09:43] Calling handler->handle()...
[2026-02-09 13:09:43] Handler completed successfully
[2026-02-09 13:09:43] Sending OK response to Telegram
[2026-02-09 17:21:45] ===== WEBHOOK HANDLER START =====
[2026-02-09 17:21:45] Input received, size: 497
[2026-02-09 17:21:45] JSON parsed, update_id: 633184155
[2026-02-09 17:21:45] Loading telegram config for company 1...
[2026-02-09 17:21:45] Config found, bot token: 8415659161:AAFh...
[2026-02-09 17:21:45] Webhook secret in DB: SET
[2026-02-09 17:21:45] Secret header from Telegram: NOT PRESENT
[2026-02-09 17:21:45] Secret validation passed
[2026-02-09 17:21:45] Creating TelegramWebhook handler...
[2026-02-09 17:21:45] Calling handler->handle()...
[2026-02-09 17:21:45] Handler completed successfully
[2026-02-09 17:21:45] Sending OK response to Telegram
[2026-02-09 17:22:37] ===== WEBHOOK HANDLER START =====
[2026-02-09 17:22:37] Input received, size: 497
[2026-02-09 17:22:37] JSON parsed, update_id: 633184156
[2026-02-09 17:22:37] Loading telegram config for company 1...
[2026-02-09 17:22:37] Config found, bot token: 8415659161:AAFh...
[2026-02-09 17:22:37] Webhook secret in DB: SET
[2026-02-09 17:22:37] Secret header from Telegram: NOT PRESENT
[2026-02-09 17:22:37] Secret validation passed
[2026-02-09 17:22:37] Creating TelegramWebhook handler...
[2026-02-09 17:22:37] Calling handler->handle()...
[2026-02-09 17:22:37] Handler completed successfully
[2026-02-09 17:22:37] Sending OK response to Telegram
[2026-02-10 02:35:33] ===== WEBHOOK HANDLER START =====
[2026-02-10 02:35:33] Input received, size: 434
[2026-02-10 02:35:33] JSON parsed, update_id: 633184157
[2026-02-10 02:35:33] Loading telegram config for company 1...
[2026-02-10 02:35:33] Config found, bot token: 8415659161:AAFh...
[2026-02-10 02:35:33] Webhook secret in DB: SET
[2026-02-10 02:35:33] Secret header from Telegram: NOT PRESENT
[2026-02-10 02:35:33] Secret validation passed
[2026-02-10 02:35:33] Creating TelegramWebhook handler...
[2026-02-10 02:35:33] Calling handler->handle()...
[2026-02-10 02:35:33] Handler completed successfully
[2026-02-10 02:35:33] Sending OK response to Telegram
[2026-02-10 02:44:45] ===== WEBHOOK HANDLER START =====
[2026-02-10 02:44:45] Input received, size: 750
[2026-02-10 02:44:45] JSON parsed, update_id: 633184158
[2026-02-10 02:44:45] Loading telegram config for company 1...
[2026-02-10 02:44:45] Config found, bot token: 8415659161:AAFh...
[2026-02-10 02:44:45] Webhook secret in DB: SET
[2026-02-10 02:44:45] Secret header from Telegram: NOT PRESENT
[2026-02-10 02:44:45] Secret validation passed
[2026-02-10 02:44:45] Creating TelegramWebhook handler...
[2026-02-10 02:44:45] Calling handler->handle()...
[2026-02-10 02:44:45] Handler completed successfully
[2026-02-10 02:44:45] Sending OK response to Telegram
[2026-02-10 02:44:45] ===== WEBHOOK HANDLER START =====
[2026-02-10 02:44:45] Input received, size: 817
[2026-02-10 02:44:46] JSON parsed, update_id: 633184159
[2026-02-10 02:44:46] Loading telegram config for company 1...
[2026-02-10 02:44:46] Config found, bot token: 8415659161:AAFh...
[2026-02-10 02:44:46] Webhook secret in DB: SET
[2026-02-10 02:44:46] Secret header from Telegram: NOT PRESENT
[2026-02-10 02:44:46] Secret validation passed
[2026-02-10 02:44:46] Creating TelegramWebhook handler...
[2026-02-10 02:44:46] Calling handler->handle()...
[2026-02-10 02:44:46] Handler completed successfully
[2026-02-10 02:44:46] Sending OK response to Telegram
[2026-02-10 02:56:11] ===== WEBHOOK HANDLER START =====
[2026-02-10 02:56:11] Input received, size: 361
[2026-02-10 02:56:11] JSON parsed, update_id: 633184160
[2026-02-10 02:56:11] Loading telegram config for company 1...
[2026-02-10 02:56:11] Config found, bot token: 8415659161:AAFh...
[2026-02-10 02:56:11] Webhook secret in DB: SET
[2026-02-10 02:56:11] Secret header from Telegram: NOT PRESENT
[2026-02-10 02:56:11] Secret validation passed
[2026-02-10 02:56:11] Creating TelegramWebhook handler...
[2026-02-10 02:56:11] Calling handler->handle()...
[2026-02-10 02:56:11] Handler completed successfully
[2026-02-10 02:56:11] Sending OK response to Telegram
[2026-02-10 02:56:18] ===== WEBHOOK HANDLER START =====
[2026-02-10 02:56:18] Input received, size: 301
[2026-02-10 02:56:18] JSON parsed, update_id: 633184161
[2026-02-10 02:56:18] Loading telegram config for company 1...
[2026-02-10 02:56:18] Config found, bot token: 8415659161:AAFh...
[2026-02-10 02:56:18] Webhook secret in DB: SET
[2026-02-10 02:56:18] Secret header from Telegram: NOT PRESENT
[2026-02-10 02:56:18] Secret validation passed
[2026-02-10 02:56:18] Creating TelegramWebhook handler...
[2026-02-10 02:56:18] Calling handler->handle()...
[2026-02-10 02:56:18] Handler completed successfully
[2026-02-10 02:56:18] Sending OK response to Telegram
[2026-02-10 02:56:34] ===== WEBHOOK HANDLER START =====
[2026-02-10 02:56:34] Input received, size: 360
[2026-02-10 02:56:34] JSON parsed, update_id: 633184162
[2026-02-10 02:56:34] Loading telegram config for company 1...
[2026-02-10 02:56:34] Config found, bot token: 8415659161:AAFh...
[2026-02-10 02:56:34] Webhook secret in DB: SET
[2026-02-10 02:56:34] Secret header from Telegram: NOT PRESENT
[2026-02-10 02:56:34] Secret validation passed
[2026-02-10 02:56:34] Creating TelegramWebhook handler...
[2026-02-10 02:56:34] Calling handler->handle()...
[2026-02-10 02:56:34] Handler completed successfully
[2026-02-10 02:56:34] Sending OK response to Telegram
[2026-02-10 02:56:46] ===== WEBHOOK HANDLER START =====
[2026-02-10 02:56:46] Input received, size: 361
[2026-02-10 02:56:46] JSON parsed, update_id: 633184163
[2026-02-10 02:56:46] Loading telegram config for company 1...
[2026-02-10 02:56:46] Config found, bot token: 8415659161:AAFh...
[2026-02-10 02:56:46] Webhook secret in DB: SET
[2026-02-10 02:56:46] Secret header from Telegram: NOT PRESENT
[2026-02-10 02:56:46] Secret validation passed
[2026-02-10 02:56:46] Creating TelegramWebhook handler...
[2026-02-10 02:56:46] Calling handler->handle()...
[2026-02-10 02:56:46] Handler completed successfully
[2026-02-10 02:56:46] Sending OK response to Telegram
[2026-02-10 02:56:55] ===== WEBHOOK HANDLER START =====
[2026-02-10 02:56:55] Input received, size: 360
[2026-02-10 02:56:55] JSON parsed, update_id: 633184164
[2026-02-10 02:56:55] Loading telegram config for company 1...
[2026-02-10 02:56:55] Config found, bot token: 8415659161:AAFh...
[2026-02-10 02:56:55] Webhook secret in DB: SET
[2026-02-10 02:56:55] Secret header from Telegram: NOT PRESENT
[2026-02-10 02:56:55] Secret validation passed
[2026-02-10 02:56:55] Creating TelegramWebhook handler...
[2026-02-10 02:56:55] Calling handler->handle()...
[2026-02-10 02:56:55] Handler completed successfully
[2026-02-10 02:56:55] Sending OK response to Telegram
[2026-02-10 02:57:01] ===== WEBHOOK HANDLER START =====
[2026-02-10 02:57:01] Input received, size: 311
[2026-02-10 02:57:01] JSON parsed, update_id: 633184165
[2026-02-10 02:57:01] Loading telegram config for company 1...
[2026-02-10 02:57:01] Config found, bot token: 8415659161:AAFh...
[2026-02-10 02:57:01] Webhook secret in DB: SET
[2026-02-10 02:57:01] Secret header from Telegram: NOT PRESENT
[2026-02-10 02:57:01] Secret validation passed
[2026-02-10 02:57:01] Creating TelegramWebhook handler...
[2026-02-10 02:57:01] Calling handler->handle()...
[2026-02-10 02:57:01] Handler completed successfully
[2026-02-10 02:57:01] Sending OK response to Telegram
[2026-02-10 02:57:11] ===== WEBHOOK HANDLER START =====
[2026-02-10 02:57:11] Input received, size: 319
[2026-02-10 02:57:11] JSON parsed, update_id: 633184166
[2026-02-10 02:57:11] Loading telegram config for company 1...
[2026-02-10 02:57:11] Config found, bot token: 8415659161:AAFh...
[2026-02-10 02:57:11] Webhook secret in DB: SET
[2026-02-10 02:57:11] Secret header from Telegram: NOT PRESENT
[2026-02-10 02:57:11] Secret validation passed
[2026-02-10 02:57:11] Creating TelegramWebhook handler...
[2026-02-10 02:57:11] Calling handler->handle()...
[2026-02-10 02:57:11] Handler completed successfully
[2026-02-10 02:57:11] Sending OK response to Telegram
[2026-02-10 02:57:20] ===== WEBHOOK HANDLER START =====
[2026-02-10 02:57:20] Input received, size: 313
[2026-02-10 02:57:20] JSON parsed, update_id: 633184167
[2026-02-10 02:57:20] Loading telegram config for company 1...
[2026-02-10 02:57:20] Config found, bot token: 8415659161:AAFh...
[2026-02-10 02:57:20] Webhook secret in DB: SET
[2026-02-10 02:57:20] Secret header from Telegram: NOT PRESENT
[2026-02-10 02:57:20] Secret validation passed
[2026-02-10 02:57:20] Creating TelegramWebhook handler...
[2026-02-10 02:57:20] Calling handler->handle()...
[2026-02-10 02:57:20] Handler completed successfully
[2026-02-10 02:57:20] Sending OK response to Telegram
[2026-02-10 02:57:32] ===== WEBHOOK HANDLER START =====
[2026-02-10 02:57:32] Input received, size: 315
[2026-02-10 02:57:32] JSON parsed, update_id: 633184168
[2026-02-10 02:57:32] Loading telegram config for company 1...
[2026-02-10 02:57:32] Config found, bot token: 8415659161:AAFh...
[2026-02-10 02:57:32] Webhook secret in DB: SET
[2026-02-10 02:57:32] Secret header from Telegram: NOT PRESENT
[2026-02-10 02:57:32] Secret validation passed
[2026-02-10 02:57:32] Creating TelegramWebhook handler...
[2026-02-10 02:57:32] Calling handler->handle()...
[2026-02-10 02:57:32] Handler completed successfully
[2026-02-10 02:57:32] Sending OK response to Telegram
[2026-02-10 02:59:42] ===== WEBHOOK HANDLER START =====
[2026-02-10 02:59:42] Input received, size: 927
[2026-02-10 02:59:42] JSON parsed, update_id: 633184169
[2026-02-10 02:59:42] Loading telegram config for company 1...
[2026-02-10 02:59:42] Config found, bot token: 8415659161:AAFh...
[2026-02-10 02:59:42] Webhook secret in DB: SET
[2026-02-10 02:59:42] Secret header from Telegram: NOT PRESENT
[2026-02-10 02:59:42] Secret validation passed
[2026-02-10 02:59:42] Creating TelegramWebhook handler...
[2026-02-10 02:59:42] Calling handler->handle()...
[2026-02-10 02:59:42] Handler completed successfully
[2026-02-10 02:59:42] Sending OK response to Telegram
[2026-02-10 02:59:46] ===== WEBHOOK HANDLER START =====
[2026-02-10 02:59:46] Input received, size: 930
[2026-02-10 02:59:46] JSON parsed, update_id: 633184170
[2026-02-10 02:59:46] Loading telegram config for company 1...
[2026-02-10 02:59:46] Config found, bot token: 8415659161:AAFh...
[2026-02-10 02:59:46] Webhook secret in DB: SET
[2026-02-10 02:59:46] Secret header from Telegram: NOT PRESENT
[2026-02-10 02:59:46] Secret validation passed
[2026-02-10 02:59:46] Creating TelegramWebhook handler...
[2026-02-10 02:59:46] Calling handler->handle()...
[2026-02-10 02:59:46] Handler completed successfully
[2026-02-10 02:59:46] Sending OK response to Telegram
[2026-02-10 02:59:48] ===== WEBHOOK HANDLER START =====
[2026-02-10 02:59:48] Input received, size: 923
[2026-02-10 02:59:48] JSON parsed, update_id: 633184171
[2026-02-10 02:59:48] Loading telegram config for company 1...
[2026-02-10 02:59:48] Config found, bot token: 8415659161:AAFh...
[2026-02-10 02:59:48] Webhook secret in DB: SET
[2026-02-10 02:59:48] Secret header from Telegram: NOT PRESENT
[2026-02-10 02:59:48] Secret validation passed
[2026-02-10 02:59:48] Creating TelegramWebhook handler...
[2026-02-10 02:59:48] Calling handler->handle()...
[2026-02-10 02:59:48] Handler completed successfully
[2026-02-10 02:59:48] Sending OK response to Telegram
[2026-02-10 02:59:50] ===== WEBHOOK HANDLER START =====
[2026-02-10 02:59:50] Input received, size: 930
[2026-02-10 02:59:50] JSON parsed, update_id: 633184172
[2026-02-10 02:59:50] Loading telegram config for company 1...
[2026-02-10 02:59:50] Config found, bot token: 8415659161:AAFh...
[2026-02-10 02:59:50] Webhook secret in DB: SET
[2026-02-10 02:59:50] Secret header from Telegram: NOT PRESENT
[2026-02-10 02:59:50] Secret validation passed
[2026-02-10 02:59:50] Creating TelegramWebhook handler...
[2026-02-10 02:59:50] Calling handler->handle()...
[2026-02-10 02:59:50] Handler completed successfully
[2026-02-10 02:59:50] Sending OK response to Telegram
[2026-02-10 02:59:51] ===== WEBHOOK HANDLER START =====
[2026-02-10 02:59:51] Input received, size: 923
[2026-02-10 02:59:51] JSON parsed, update_id: 633184173
[2026-02-10 02:59:51] Loading telegram config for company 1...
[2026-02-10 02:59:51] Config found, bot token: 8415659161:AAFh...
[2026-02-10 02:59:51] Webhook secret in DB: SET
[2026-02-10 02:59:51] Secret header from Telegram: NOT PRESENT
[2026-02-10 02:59:51] Secret validation passed
[2026-02-10 02:59:51] Creating TelegramWebhook handler...
[2026-02-10 02:59:51] Calling handler->handle()...
[2026-02-10 02:59:51] Handler completed successfully
[2026-02-10 02:59:51] Sending OK response to Telegram
[2026-02-10 02:59:54] ===== WEBHOOK HANDLER START =====
[2026-02-10 02:59:54] Input received, size: 930
[2026-02-10 02:59:54] JSON parsed, update_id: 633184174
[2026-02-10 02:59:54] Loading telegram config for company 1...
[2026-02-10 02:59:54] Config found, bot token: 8415659161:AAFh...
[2026-02-10 02:59:54] Webhook secret in DB: SET
[2026-02-10 02:59:54] Secret header from Telegram: NOT PRESENT
[2026-02-10 02:59:54] Secret validation passed
[2026-02-10 02:59:54] Creating TelegramWebhook handler...
[2026-02-10 02:59:54] Calling handler->handle()...
[2026-02-10 02:59:54] Handler completed successfully
[2026-02-10 02:59:54] Sending OK response to Telegram
[2026-02-10 02:59:56] ===== WEBHOOK HANDLER START =====
[2026-02-10 02:59:56] Input received, size: 930
[2026-02-10 02:59:56] JSON parsed, update_id: 633184175
[2026-02-10 02:59:56] Loading telegram config for company 1...
[2026-02-10 02:59:56] Config found, bot token: 8415659161:AAFh...
[2026-02-10 02:59:56] Webhook secret in DB: SET
[2026-02-10 02:59:56] Secret header from Telegram: NOT PRESENT
[2026-02-10 02:59:56] Secret validation passed
[2026-02-10 02:59:56] Creating TelegramWebhook handler...
[2026-02-10 02:59:56] Calling handler->handle()...
[2026-02-10 02:59:56] Handler completed successfully
[2026-02-10 02:59:56] Sending OK response to Telegram
[2026-02-10 02:59:58] ===== WEBHOOK HANDLER START =====
[2026-02-10 02:59:58] Input received, size: 930
[2026-02-10 02:59:58] JSON parsed, update_id: 633184176
[2026-02-10 02:59:58] Loading telegram config for company 1...
[2026-02-10 02:59:58] Config found, bot token: 8415659161:AAFh...
[2026-02-10 02:59:58] Webhook secret in DB: SET
[2026-02-10 02:59:58] Secret header from Telegram: NOT PRESENT
[2026-02-10 02:59:58] Secret validation passed
[2026-02-10 02:59:58] Creating TelegramWebhook handler...
[2026-02-10 02:59:58] Calling handler->handle()...
[2026-02-10 02:59:58] Handler completed successfully
[2026-02-10 02:59:58] Sending OK response to Telegram
[2026-02-10 03:00:00] ===== WEBHOOK HANDLER START =====
[2026-02-10 03:00:00] Input received, size: 930
[2026-02-10 03:00:00] JSON parsed, update_id: 633184177
[2026-02-10 03:00:00] Loading telegram config for company 1...
[2026-02-10 03:00:00] Config found, bot token: 8415659161:AAFh...
[2026-02-10 03:00:00] Webhook secret in DB: SET
[2026-02-10 03:00:00] Secret header from Telegram: NOT PRESENT
[2026-02-10 03:00:00] Secret validation passed
[2026-02-10 03:00:00] Creating TelegramWebhook handler...
[2026-02-10 03:00:00] Calling handler->handle()...
[2026-02-10 03:00:00] Handler completed successfully
[2026-02-10 03:00:00] Sending OK response to Telegram
[2026-02-10 03:00:01] ===== WEBHOOK HANDLER START =====
[2026-02-10 03:00:01] Input received, size: 930
[2026-02-10 03:00:01] JSON parsed, update_id: 633184178
[2026-02-10 03:00:01] Loading telegram config for company 1...
[2026-02-10 03:00:01] Config found, bot token: 8415659161:AAFh...
[2026-02-10 03:00:01] Webhook secret in DB: SET
[2026-02-10 03:00:01] Secret header from Telegram: NOT PRESENT
[2026-02-10 03:00:01] Secret validation passed
[2026-02-10 03:00:01] Creating TelegramWebhook handler...
[2026-02-10 03:00:01] Calling handler->handle()...
[2026-02-10 03:00:01] Handler completed successfully
[2026-02-10 03:00:01] Sending OK response to Telegram
[2026-02-10 03:00:04] ===== WEBHOOK HANDLER START =====
[2026-02-10 03:00:04] Input received, size: 930
[2026-02-10 03:00:04] JSON parsed, update_id: 633184179
[2026-02-10 03:00:04] Loading telegram config for company 1...
[2026-02-10 03:00:04] Config found, bot token: 8415659161:AAFh...
[2026-02-10 03:00:04] Webhook secret in DB: SET
[2026-02-10 03:00:04] Secret header from Telegram: NOT PRESENT
[2026-02-10 03:00:04] Secret validation passed
[2026-02-10 03:00:04] Creating TelegramWebhook handler...
[2026-02-10 03:00:04] Calling handler->handle()...
[2026-02-10 03:00:04] Handler completed successfully
[2026-02-10 03:00:04] Sending OK response to Telegram
[2026-02-10 03:00:06] ===== WEBHOOK HANDLER START =====
[2026-02-10 03:00:06] Input received, size: 930
[2026-02-10 03:00:06] JSON parsed, update_id: 633184180
[2026-02-10 03:00:06] Loading telegram config for company 1...
[2026-02-10 03:00:06] Config found, bot token: 8415659161:AAFh...
[2026-02-10 03:00:06] Webhook secret in DB: SET
[2026-02-10 03:00:06] Secret header from Telegram: NOT PRESENT
[2026-02-10 03:00:06] Secret validation passed
[2026-02-10 03:00:06] Creating TelegramWebhook handler...
[2026-02-10 03:00:06] Calling handler->handle()...
[2026-02-10 03:00:06] Handler completed successfully
[2026-02-10 03:00:06] Sending OK response to Telegram
[2026-02-10 03:00:07] ===== WEBHOOK HANDLER START =====
[2026-02-10 03:00:07] Input received, size: 930
[2026-02-10 03:00:07] JSON parsed, update_id: 633184181
[2026-02-10 03:00:07] Loading telegram config for company 1...
[2026-02-10 03:00:07] Config found, bot token: 8415659161:AAFh...
[2026-02-10 03:00:07] Webhook secret in DB: SET
[2026-02-10 03:00:07] Secret header from Telegram: NOT PRESENT
[2026-02-10 03:00:07] Secret validation passed
[2026-02-10 03:00:07] Creating TelegramWebhook handler...
[2026-02-10 03:00:07] Calling handler->handle()...
[2026-02-10 03:00:07] Handler completed successfully
[2026-02-10 03:00:07] Sending OK response to Telegram
[2026-02-10 03:00:10] ===== WEBHOOK HANDLER START =====
[2026-02-10 03:00:10] Input received, size: 930
[2026-02-10 03:00:10] JSON parsed, update_id: 633184182
[2026-02-10 03:00:10] Loading telegram config for company 1...
[2026-02-10 03:00:10] Config found, bot token: 8415659161:AAFh...
[2026-02-10 03:00:10] Webhook secret in DB: SET
[2026-02-10 03:00:10] Secret header from Telegram: NOT PRESENT
[2026-02-10 03:00:10] Secret validation passed
[2026-02-10 03:00:10] Creating TelegramWebhook handler...
[2026-02-10 03:00:10] Calling handler->handle()...
[2026-02-10 03:00:10] Handler completed successfully
[2026-02-10 03:00:10] Sending OK response to Telegram
[2026-02-10 03:00:12] ===== WEBHOOK HANDLER START =====
[2026-02-10 03:00:12] Input received, size: 919
[2026-02-10 03:00:12] JSON parsed, update_id: 633184183
[2026-02-10 03:00:12] Loading telegram config for company 1...
[2026-02-10 03:00:12] Config found, bot token: 8415659161:AAFh...
[2026-02-10 03:00:12] Webhook secret in DB: SET
[2026-02-10 03:00:12] Secret header from Telegram: NOT PRESENT
[2026-02-10 03:00:12] Secret validation passed
[2026-02-10 03:00:12] Creating TelegramWebhook handler...
[2026-02-10 03:00:12] Calling handler->handle()...
[2026-02-10 03:00:12] Handler completed successfully
[2026-02-10 03:00:12] Sending OK response to Telegram
[2026-02-10 03:00:14] ===== WEBHOOK HANDLER START =====
[2026-02-10 03:00:14] Input received, size: 919
[2026-02-10 03:00:14] JSON parsed, update_id: 633184184
[2026-02-10 03:00:14] Loading telegram config for company 1...
[2026-02-10 03:00:14] Config found, bot token: 8415659161:AAFh...
[2026-02-10 03:00:14] Webhook secret in DB: SET
[2026-02-10 03:00:14] Secret header from Telegram: NOT PRESENT
[2026-02-10 03:00:14] Secret validation passed
[2026-02-10 03:00:14] Creating TelegramWebhook handler...
[2026-02-10 03:00:14] Calling handler->handle()...
[2026-02-10 03:00:14] Handler completed successfully
[2026-02-10 03:00:14] Sending OK response to Telegram
[2026-02-10 03:18:19] ===== WEBHOOK HANDLER START =====
[2026-02-10 03:18:19] Input received, size: 334
[2026-02-10 03:18:19] JSON parsed, update_id: 633184185
[2026-02-10 03:18:19] Loading telegram config for company 1...
[2026-02-10 03:18:19] Config found, bot token: 8415659161:AAFh...
[2026-02-10 03:18:19] Webhook secret in DB: SET
[2026-02-10 03:18:19] Secret header from Telegram: NOT PRESENT
[2026-02-10 03:18:19] Secret validation passed
[2026-02-10 03:18:19] Creating TelegramWebhook handler...
[2026-02-10 03:18:19] Calling handler->handle()...
[2026-02-10 03:18:19] Handler completed successfully
[2026-02-10 03:18:19] Sending OK response to Telegram
[2026-02-10 03:18:20] ===== WEBHOOK HANDLER START =====
[2026-02-10 03:18:20] Input received, size: 924
[2026-02-10 03:18:20] JSON parsed, update_id: 633184186
[2026-02-10 03:18:20] Loading telegram config for company 1...
[2026-02-10 03:18:20] Config found, bot token: 8415659161:AAFh...
[2026-02-10 03:18:20] Webhook secret in DB: SET
[2026-02-10 03:18:20] Secret header from Telegram: NOT PRESENT
[2026-02-10 03:18:20] Secret validation passed
[2026-02-10 03:18:20] Creating TelegramWebhook handler...
[2026-02-10 03:18:20] Calling handler->handle()...
[2026-02-10 03:18:20] Handler completed successfully
[2026-02-10 03:18:20] Sending OK response to Telegram
[2026-02-10 03:18:22] ===== WEBHOOK HANDLER START =====
[2026-02-10 03:18:22] Input received, size: 931
[2026-02-10 03:18:22] JSON parsed, update_id: 633184187
[2026-02-10 03:18:22] Loading telegram config for company 1...
[2026-02-10 03:18:22] Config found, bot token: 8415659161:AAFh...
[2026-02-10 03:18:22] Webhook secret in DB: SET
[2026-02-10 03:18:22] Secret header from Telegram: NOT PRESENT
[2026-02-10 03:18:22] Secret validation passed
[2026-02-10 03:18:22] Creating TelegramWebhook handler...
[2026-02-10 03:18:22] Calling handler->handle()...
[2026-02-10 03:18:22] Handler completed successfully
[2026-02-10 03:18:22] Sending OK response to Telegram
[2026-02-10 03:18:23] ===== WEBHOOK HANDLER START =====
[2026-02-10 03:18:23] Input received, size: 921
[2026-02-10 03:18:23] JSON parsed, update_id: 633184188
[2026-02-10 03:18:23] Loading telegram config for company 1...
[2026-02-10 03:18:23] Config found, bot token: 8415659161:AAFh...
[2026-02-10 03:18:23] Webhook secret in DB: SET
[2026-02-10 03:18:23] Secret header from Telegram: NOT PRESENT
[2026-02-10 03:18:23] Secret validation passed
[2026-02-10 03:18:23] Creating TelegramWebhook handler...
[2026-02-10 03:18:23] Calling handler->handle()...
[2026-02-10 03:18:23] Handler completed successfully
[2026-02-10 03:18:23] Sending OK response to Telegram
[2026-02-10 10:15:24] ===== WEBHOOK HANDLER START =====
[2026-02-10 10:15:24] Input received, size: 750
[2026-02-10 10:15:24] JSON parsed, update_id: 633184189
[2026-02-10 10:15:24] Loading telegram config for company 1...
[2026-02-10 10:15:24] Config found, bot token: 8415659161:AAFh...
[2026-02-10 10:15:24] Webhook secret in DB: SET
[2026-02-10 10:15:24] Secret header from Telegram: NOT PRESENT
[2026-02-10 10:15:24] Secret validation passed
[2026-02-10 10:15:24] Creating TelegramWebhook handler...
[2026-02-10 10:15:24] Calling handler->handle()...
[2026-02-10 10:15:24] Handler completed successfully
[2026-02-10 10:15:24] Sending OK response to Telegram
[2026-02-10 10:15:24] ===== WEBHOOK HANDLER START =====
[2026-02-10 10:15:24] Input received, size: 715
[2026-02-10 10:15:24] JSON parsed, update_id: 633184190
[2026-02-10 10:15:24] Loading telegram config for company 1...
[2026-02-10 10:15:24] Config found, bot token: 8415659161:AAFh...
[2026-02-10 10:15:24] Webhook secret in DB: SET
[2026-02-10 10:15:24] Secret header from Telegram: NOT PRESENT
[2026-02-10 10:15:24] Secret validation passed
[2026-02-10 10:15:24] Creating TelegramWebhook handler...
[2026-02-10 10:15:24] Calling handler->handle()...
[2026-02-10 10:15:24] Handler completed successfully
[2026-02-10 10:15:24] Sending OK response to Telegram
[2026-02-11 08:22:39] ===== WEBHOOK HANDLER START =====
[2026-02-11 08:22:39] Input received, size: 498
[2026-02-11 08:22:39] JSON parsed, update_id: 633184191
[2026-02-11 08:22:39] Loading telegram config for company 1...
[2026-02-11 08:22:39] Config found, bot token: 8415659161:AAFh...
[2026-02-11 08:22:39] Webhook secret in DB: SET
[2026-02-11 08:22:39] Secret header from Telegram: NOT PRESENT
[2026-02-11 08:22:39] Secret validation passed
[2026-02-11 08:22:39] Creating TelegramWebhook handler...
[2026-02-11 08:22:39] Calling handler->handle()...
[2026-02-11 08:22:39] Handler completed successfully
[2026-02-11 08:22:39] Sending OK response to Telegram
[2026-02-11 08:22:41] ===== WEBHOOK HANDLER START =====
[2026-02-11 08:22:41] Input received, size: 498
[2026-02-11 08:22:41] JSON parsed, update_id: 633184192
[2026-02-11 08:22:41] Loading telegram config for company 1...
[2026-02-11 08:22:41] Config found, bot token: 8415659161:AAFh...
[2026-02-11 08:22:41] Webhook secret in DB: SET
[2026-02-11 08:22:41] Secret header from Telegram: NOT PRESENT
[2026-02-11 08:22:41] Secret validation passed
[2026-02-11 08:22:41] Creating TelegramWebhook handler...
[2026-02-11 08:22:41] Calling handler->handle()...
[2026-02-11 08:22:41] Handler completed successfully
[2026-02-11 08:22:41] Sending OK response to Telegram
[2026-02-11 08:22:43] ===== WEBHOOK HANDLER START =====
[2026-02-11 08:22:43] Input received, size: 498
[2026-02-11 08:22:43] JSON parsed, update_id: 633184193
[2026-02-11 08:22:43] Loading telegram config for company 1...
[2026-02-11 08:22:43] Config found, bot token: 8415659161:AAFh...
[2026-02-11 08:22:43] Webhook secret in DB: SET
[2026-02-11 08:22:43] Secret header from Telegram: NOT PRESENT
[2026-02-11 08:22:43] Secret validation passed
[2026-02-11 08:22:43] Creating TelegramWebhook handler...
[2026-02-11 08:22:43] Calling handler->handle()...
[2026-02-11 08:22:43] Handler completed successfully
[2026-02-11 08:22:43] Sending OK response to Telegram
[2026-02-11 08:23:41] ===== WEBHOOK HANDLER START =====
[2026-02-11 08:23:41] Input received, size: 498
[2026-02-11 08:23:41] JSON parsed, update_id: 633184194
[2026-02-11 08:23:41] Loading telegram config for company 1...
[2026-02-11 08:23:41] Config found, bot token: 8415659161:AAFh...
[2026-02-11 08:23:41] Webhook secret in DB: SET
[2026-02-11 08:23:41] Secret header from Telegram: NOT PRESENT
[2026-02-11 08:23:41] Secret validation passed
[2026-02-11 08:23:41] Creating TelegramWebhook handler...
[2026-02-11 08:23:41] Calling handler->handle()...
[2026-02-11 08:23:41] Handler completed successfully
[2026-02-11 08:23:41] Sending OK response to Telegram
[2026-02-11 09:43:17] ===== WEBHOOK HANDLER START =====
[2026-02-11 09:43:17] Input received, size: 497
[2026-02-11 09:43:17] JSON parsed, update_id: 633184195
[2026-02-11 09:43:17] Loading telegram config for company 1...
[2026-02-11 09:43:17] Config found, bot token: 8415659161:AAFh...
[2026-02-11 09:43:17] Webhook secret in DB: SET
[2026-02-11 09:43:17] Secret header from Telegram: NOT PRESENT
[2026-02-11 09:43:17] Secret validation passed
[2026-02-11 09:43:17] Creating TelegramWebhook handler...
[2026-02-11 09:43:17] Calling handler->handle()...
[2026-02-11 09:43:17] Handler completed successfully
[2026-02-11 09:43:17] Sending OK response to Telegram
[2026-02-11 09:43:21] ===== WEBHOOK HANDLER START =====
[2026-02-11 09:43:21] Input received, size: 503
[2026-02-11 09:43:21] JSON parsed, update_id: 633184196
[2026-02-11 09:43:21] Loading telegram config for company 1...
[2026-02-11 09:43:21] Config found, bot token: 8415659161:AAFh...
[2026-02-11 09:43:21] Webhook secret in DB: SET
[2026-02-11 09:43:21] Secret header from Telegram: NOT PRESENT
[2026-02-11 09:43:21] Secret validation passed
[2026-02-11 09:43:21] Creating TelegramWebhook handler...
[2026-02-11 09:43:21] Calling handler->handle()...
[2026-02-11 09:43:21] Handler completed successfully
[2026-02-11 09:43:21] Sending OK response to Telegram
[2026-02-11 09:43:26] ===== WEBHOOK HANDLER START =====
[2026-02-11 09:43:26] Input received, size: 884
[2026-02-11 09:43:26] JSON parsed, update_id: 633184197
[2026-02-11 09:43:26] Loading telegram config for company 1...
[2026-02-11 09:43:26] Config found, bot token: 8415659161:AAFh...
[2026-02-11 09:43:26] Webhook secret in DB: SET
[2026-02-11 09:43:26] Secret header from Telegram: NOT PRESENT
[2026-02-11 09:43:26] Secret validation passed
[2026-02-11 09:43:26] Creating TelegramWebhook handler...
[2026-02-11 09:43:26] Calling handler->handle()...
[2026-02-11 09:43:26] Handler completed successfully
[2026-02-11 09:43:26] Sending OK response to Telegram
[2026-02-11 09:43:30] ===== WEBHOOK HANDLER START =====
[2026-02-11 09:43:30] Input received, size: 1312
[2026-02-11 09:43:30] JSON parsed, update_id: 633184198
[2026-02-11 09:43:30] Loading telegram config for company 1...
[2026-02-11 09:43:30] Config found, bot token: 8415659161:AAFh...
[2026-02-11 09:43:30] Webhook secret in DB: SET
[2026-02-11 09:43:30] Secret header from Telegram: NOT PRESENT
[2026-02-11 09:43:30] Secret validation passed
[2026-02-11 09:43:30] Creating TelegramWebhook handler...
[2026-02-11 09:43:30] Calling handler->handle()...
[2026-02-11 09:43:30] Handler completed successfully
[2026-02-11 09:43:30] Sending OK response to Telegram
[2026-02-20 03:13:11] ===== WEBHOOK HANDLER START =====
[2026-02-20 03:13:11] Input received, size: 437
[2026-02-20 03:13:11] JSON parsed, update_id: 633184199
[2026-02-20 03:13:11] Loading telegram config for company 1...
[2026-02-20 03:13:11] Config found, bot token: 8415659161:AAFh...
[2026-02-20 03:13:11] Webhook secret in DB: SET
[2026-02-20 03:13:11] Secret header from Telegram: NOT PRESENT
[2026-02-20 03:13:11] Secret validation passed
[2026-02-20 03:13:11] Creating TelegramWebhook handler...
[2026-02-20 03:13:11] Calling handler->handle()...
[2026-02-20 03:13:11] Handler completed successfully
[2026-02-20 03:13:11] Sending OK response to Telegram
[2026-02-20 03:13:21] ===== WEBHOOK HANDLER START =====
[2026-02-20 03:13:21] Input received, size: 437
[2026-02-20 03:13:21] JSON parsed, update_id: 633184200
[2026-02-20 03:13:21] Loading telegram config for company 1...
[2026-02-20 03:13:21] Config found, bot token: 8415659161:AAFh...
[2026-02-20 03:13:21] Webhook secret in DB: SET
[2026-02-20 03:13:21] Secret header from Telegram: NOT PRESENT
[2026-02-20 03:13:21] Secret validation passed
[2026-02-20 03:13:21] Creating TelegramWebhook handler...
[2026-02-20 03:13:21] Calling handler->handle()...
[2026-02-20 03:13:21] Handler completed successfully
[2026-02-20 03:13:21] Sending OK response to Telegram
[2026-02-20 04:35:15] ===== WEBHOOK HANDLER START =====
[2026-02-20 04:35:15] Input received, size: 498
[2026-02-20 04:35:15] JSON parsed, update_id: 633184201
[2026-02-20 04:35:15] Loading telegram config for company 1...
[2026-02-20 04:35:15] Config found, bot token: 8415659161:AAFh...
[2026-02-20 04:35:15] Webhook secret in DB: SET
[2026-02-20 04:35:15] Secret header from Telegram: NOT PRESENT
[2026-02-20 04:35:15] Secret validation passed
[2026-02-20 04:35:15] Creating TelegramWebhook handler...
[2026-02-20 04:35:15] Calling handler->handle()...
[2026-02-20 04:35:15] Handler completed successfully
[2026-02-20 04:35:15] Sending OK response to Telegram
[2026-02-20 04:43:53] ===== WEBHOOK HANDLER START =====
[2026-02-20 04:43:53] Input received, size: 499
[2026-02-20 04:43:54] JSON parsed, update_id: 633184202
[2026-02-20 04:43:54] Loading telegram config for company 1...
[2026-02-20 04:43:54] Config found, bot token: 8415659161:AAFh...
[2026-02-20 04:43:54] Webhook secret in DB: SET
[2026-02-20 04:43:54] Secret header from Telegram: NOT PRESENT
[2026-02-20 04:43:54] Secret validation passed
[2026-02-20 04:43:54] Creating TelegramWebhook handler...
[2026-02-20 04:43:54] Calling handler->handle()...
[2026-02-20 04:43:54] Handler completed successfully
[2026-02-20 04:43:54] Sending OK response to Telegram
[2026-02-20 04:44:09] ===== WEBHOOK HANDLER START =====
[2026-02-20 04:44:09] Input received, size: 498
[2026-02-20 04:44:09] JSON parsed, update_id: 633184203
[2026-02-20 04:44:09] Loading telegram config for company 1...
[2026-02-20 04:44:09] Config found, bot token: 8415659161:AAFh...
[2026-02-20 04:44:09] Webhook secret in DB: SET
[2026-02-20 04:44:09] Secret header from Telegram: NOT PRESENT
[2026-02-20 04:44:09] Secret validation passed
[2026-02-20 04:44:09] Creating TelegramWebhook handler...
[2026-02-20 04:44:09] Calling handler->handle()...
[2026-02-20 04:44:09] Handler completed successfully
[2026-02-20 04:44:09] Sending OK response to Telegram
[2026-02-20 06:28:35] ===== WEBHOOK HANDLER START =====
[2026-02-20 06:28:35] Input received, size: 498
[2026-02-20 06:28:35] JSON parsed, update_id: 633184204
[2026-02-20 06:28:35] Loading telegram config for company 1...
[2026-02-20 06:28:35] Config found, bot token: 8415659161:AAFh...
[2026-02-20 06:28:35] Webhook secret in DB: SET
[2026-02-20 06:28:35] Secret header from Telegram: NOT PRESENT
[2026-02-20 06:28:35] Secret validation passed
[2026-02-20 06:28:35] Creating TelegramWebhook handler...
[2026-02-20 06:28:35] Calling handler->handle()...
[2026-02-20 06:28:35] Handler completed successfully
[2026-02-20 06:28:35] Sending OK response to Telegram
[2026-02-20 06:32:19] ===== WEBHOOK HANDLER START =====
[2026-02-20 06:32:19] Input received, size: 498
[2026-02-20 06:32:19] JSON parsed, update_id: 633184205
[2026-02-20 06:32:19] Loading telegram config for company 1...
[2026-02-20 06:32:19] Config found, bot token: 8415659161:AAFh...
[2026-02-20 06:32:19] Webhook secret in DB: SET
[2026-02-20 06:32:19] Secret header from Telegram: NOT PRESENT
[2026-02-20 06:32:19] Secret validation passed
[2026-02-20 06:32:19] Creating TelegramWebhook handler...
[2026-02-20 06:32:19] Calling handler->handle()...
[2026-02-20 06:32:19] Handler completed successfully
[2026-02-20 06:32:19] Sending OK response to Telegram
[2026-02-25 04:45:44] ===== WEBHOOK HANDLER START =====
[2026-02-25 04:45:44] Input received, size: 497
[2026-02-25 04:45:44] JSON parsed, update_id: 633184206
[2026-02-25 04:45:44] Loading telegram config for company 1...
[2026-02-25 04:45:44] Config found, bot token: 8415659161:AAFh...
[2026-02-25 04:45:44] Webhook secret in DB: SET
[2026-02-25 04:45:44] Secret header from Telegram: NOT PRESENT
[2026-02-25 04:45:44] Secret validation passed
[2026-02-25 04:45:44] Creating TelegramWebhook handler...
[2026-02-25 04:45:44] Calling handler->handle()...
[2026-02-25 04:45:44] Handler completed successfully
[2026-02-25 04:45:44] Sending OK response to Telegram
[2026-02-25 04:45:53] ===== WEBHOOK HANDLER START =====
[2026-02-25 04:45:53] Input received, size: 501
[2026-02-25 04:45:53] JSON parsed, update_id: 633184207
[2026-02-25 04:45:53] Loading telegram config for company 1...
[2026-02-25 04:45:53] Config found, bot token: 8415659161:AAFh...
[2026-02-25 04:45:53] Webhook secret in DB: SET
[2026-02-25 04:45:53] Secret header from Telegram: NOT PRESENT
[2026-02-25 04:45:53] Secret validation passed
[2026-02-25 04:45:53] Creating TelegramWebhook handler...
[2026-02-25 04:45:53] Calling handler->handle()...
[2026-02-25 04:45:53] Handler completed successfully
[2026-02-25 04:45:53] Sending OK response to Telegram
[2026-02-26 10:18:46] ===== WEBHOOK HANDLER START =====
[2026-02-26 10:18:46] Input received, size: 435
[2026-02-26 10:18:46] JSON parsed, update_id: 633184208
[2026-02-26 10:18:46] Loading telegram config for company 1...
[2026-02-26 10:18:46] Config found, bot token: 8415659161:AAFh...
[2026-02-26 10:18:46] Webhook secret in DB: SET
[2026-02-26 10:18:46] Secret header from Telegram: NOT PRESENT
[2026-02-26 10:18:46] Secret validation passed
[2026-02-26 10:18:46] Creating TelegramWebhook handler...
[2026-02-26 10:18:46] Calling handler->handle()...
[2026-02-26 10:18:46] Handler completed successfully
[2026-02-26 10:18:46] Sending OK response to Telegram
[2026-02-26 10:18:59] ===== WEBHOOK HANDLER START =====
[2026-02-26 10:18:59] Input received, size: 498
[2026-02-26 10:18:59] JSON parsed, update_id: 633184209
[2026-02-26 10:18:59] Loading telegram config for company 1...
[2026-02-26 10:18:59] Config found, bot token: 8415659161:AAFh...
[2026-02-26 10:18:59] Webhook secret in DB: SET
[2026-02-26 10:18:59] Secret header from Telegram: NOT PRESENT
[2026-02-26 10:18:59] Secret validation passed
[2026-02-26 10:18:59] Creating TelegramWebhook handler...
[2026-02-26 10:18:59] Calling handler->handle()...
[2026-02-26 10:18:59] Handler completed successfully
[2026-02-26 10:18:59] Sending OK response to Telegram
[2026-02-26 10:19:46] ===== WEBHOOK HANDLER START =====
[2026-02-26 10:19:46] Input received, size: 497
[2026-02-26 10:19:46] JSON parsed, update_id: 633184210
[2026-02-26 10:19:46] Loading telegram config for company 1...
[2026-02-26 10:19:46] Config found, bot token: 8415659161:AAFh...
[2026-02-26 10:19:46] Webhook secret in DB: SET
[2026-02-26 10:19:46] Secret header from Telegram: NOT PRESENT
[2026-02-26 10:19:46] Secret validation passed
[2026-02-26 10:19:46] Creating TelegramWebhook handler...
[2026-02-26 10:19:46] Calling handler->handle()...
[2026-02-26 10:19:46] Handler completed successfully
[2026-02-26 10:19:46] Sending OK response to Telegram
[2026-02-26 10:28:11] ===== WEBHOOK HANDLER START =====
[2026-02-26 10:28:11] Input received, size: 497
[2026-02-26 10:28:11] JSON parsed, update_id: 633184211
[2026-02-26 10:28:11] Loading telegram config for company 1...
[2026-02-26 10:28:11] Config found, bot token: 8415659161:AAFh...
[2026-02-26 10:28:11] Webhook secret in DB: SET
[2026-02-26 10:28:11] Secret header from Telegram: NOT PRESENT
[2026-02-26 10:28:11] Secret validation passed
[2026-02-26 10:28:11] Creating TelegramWebhook handler...
[2026-02-26 10:28:11] Calling handler->handle()...
[2026-02-26 10:28:11] Handler completed successfully
[2026-02-26 10:28:11] Sending OK response to Telegram
[2026-02-26 10:28:18] ===== WEBHOOK HANDLER START =====
[2026-02-26 10:28:18] Input received, size: 501
[2026-02-26 10:28:18] JSON parsed, update_id: 633184212
[2026-02-26 10:28:18] Loading telegram config for company 1...
[2026-02-26 10:28:18] Config found, bot token: 8415659161:AAFh...
[2026-02-26 10:28:18] Webhook secret in DB: SET
[2026-02-26 10:28:18] Secret header from Telegram: NOT PRESENT
[2026-02-26 10:28:18] Secret validation passed
[2026-02-26 10:28:18] Creating TelegramWebhook handler...
[2026-02-26 10:28:18] Calling handler->handle()...
[2026-02-26 10:28:18] Handler completed successfully
[2026-02-26 10:28:18] Sending OK response to Telegram
[2026-02-26 10:28:24] ===== WEBHOOK HANDLER START =====
[2026-02-26 10:28:24] Input received, size: 497
[2026-02-26 10:28:24] JSON parsed, update_id: 633184213
[2026-02-26 10:28:24] Loading telegram config for company 1...
[2026-02-26 10:28:24] Config found, bot token: 8415659161:AAFh...
[2026-02-26 10:28:24] Webhook secret in DB: SET
[2026-02-26 10:28:24] Secret header from Telegram: NOT PRESENT
[2026-02-26 10:28:24] Secret validation passed
[2026-02-26 10:28:24] Creating TelegramWebhook handler...
[2026-02-26 10:28:24] Calling handler->handle()...
[2026-02-26 10:28:24] Handler completed successfully
[2026-02-26 10:28:24] Sending OK response to Telegram
[2026-02-26 10:28:30] ===== WEBHOOK HANDLER START =====
[2026-02-26 10:28:30] Input received, size: 506
[2026-02-26 10:28:31] JSON parsed, update_id: 633184214
[2026-02-26 10:28:31] Loading telegram config for company 1...
[2026-02-26 10:28:31] Config found, bot token: 8415659161:AAFh...
[2026-02-26 10:28:31] Webhook secret in DB: SET
[2026-02-26 10:28:31] Secret header from Telegram: NOT PRESENT
[2026-02-26 10:28:31] Secret validation passed
[2026-02-26 10:28:31] Creating TelegramWebhook handler...
[2026-02-26 10:28:31] Calling handler->handle()...
[2026-02-26 10:28:31] Handler completed successfully
[2026-02-26 10:28:31] Sending OK response to Telegram
[2026-02-26 10:31:11] ===== WEBHOOK HANDLER START =====
[2026-02-26 10:31:11] Input received, size: 539
[2026-02-26 10:31:11] JSON parsed, update_id: 633184215
[2026-02-26 10:31:11] Loading telegram config for company 1...
[2026-02-26 10:31:11] Config found, bot token: 8415659161:AAFh...
[2026-02-26 10:31:11] Webhook secret in DB: SET
[2026-02-26 10:31:11] Secret header from Telegram: NOT PRESENT
[2026-02-26 10:31:11] Secret validation passed
[2026-02-26 10:31:11] Creating TelegramWebhook handler...
[2026-02-26 10:31:11] Calling handler->handle()...
[2026-02-26 10:31:11] Handler completed successfully
[2026-02-26 10:31:11] Sending OK response to Telegram
[2026-02-26 10:31:41] ===== WEBHOOK HANDLER START =====
[2026-02-26 10:31:41] Input received, size: 497
[2026-02-26 10:31:41] JSON parsed, update_id: 633184216
[2026-02-26 10:31:41] Loading telegram config for company 1...
[2026-02-26 10:31:41] Config found, bot token: 8415659161:AAFh...
[2026-02-26 10:31:41] Webhook secret in DB: SET
[2026-02-26 10:31:41] Secret header from Telegram: NOT PRESENT
[2026-02-26 10:31:41] Secret validation passed
[2026-02-26 10:31:41] Creating TelegramWebhook handler...
[2026-02-26 10:31:41] Calling handler->handle()...
[2026-02-26 10:31:41] Handler completed successfully
[2026-02-26 10:31:41] Sending OK response to Telegram
[2026-02-26 10:31:51] ===== WEBHOOK HANDLER START =====
[2026-02-26 10:31:51] Input received, size: 506
[2026-02-26 10:31:51] JSON parsed, update_id: 633184217
[2026-02-26 10:31:51] Loading telegram config for company 1...
[2026-02-26 10:31:51] Config found, bot token: 8415659161:AAFh...
[2026-02-26 10:31:51] Webhook secret in DB: SET
[2026-02-26 10:31:51] Secret header from Telegram: NOT PRESENT
[2026-02-26 10:31:51] Secret validation passed
[2026-02-26 10:31:51] Creating TelegramWebhook handler...
[2026-02-26 10:31:51] Calling handler->handle()...
[2026-02-26 10:31:51] Handler completed successfully
[2026-02-26 10:31:51] Sending OK response to Telegram
[2026-02-26 11:57:01] ===== WEBHOOK HANDLER START =====
[2026-02-26 11:57:01] Input received, size: 498
[2026-02-26 11:57:01] JSON parsed, update_id: 633184218
[2026-02-26 11:57:01] Loading telegram config for company 1...
[2026-02-26 11:57:01] Config found, bot token: 8415659161:AAFh...
[2026-02-26 11:57:01] Webhook secret in DB: SET
[2026-02-26 11:57:01] Secret header from Telegram: NOT PRESENT
[2026-02-26 11:57:01] Secret validation passed
[2026-02-26 11:57:01] Creating TelegramWebhook handler...
[2026-02-26 11:57:01] Calling handler->handle()...
[2026-02-26 11:57:01] Handler completed successfully
[2026-02-26 11:57:01] Sending OK response to Telegram
[2026-02-26 12:04:11] ===== WEBHOOK HANDLER START =====
[2026-02-26 12:04:11] Input received, size: 497
[2026-02-26 12:04:11] JSON parsed, update_id: 633184219
[2026-02-26 12:04:11] Loading telegram config for company 1...
[2026-02-26 12:04:11] Config found, bot token: 8415659161:AAFh...
[2026-02-26 12:04:11] Webhook secret in DB: SET
[2026-02-26 12:04:11] Secret header from Telegram: NOT PRESENT
[2026-02-26 12:04:11] Secret validation passed
[2026-02-26 12:04:11] Creating TelegramWebhook handler...
[2026-02-26 12:04:11] Calling handler->handle()...
[2026-02-26 12:04:11] Handler completed successfully
[2026-02-26 12:04:11] Sending OK response to Telegram
[2026-02-26 12:05:50] ===== WEBHOOK HANDLER START =====
[2026-02-26 12:05:50] Input received, size: 501
[2026-02-26 12:05:50] JSON parsed, update_id: 633184220
[2026-02-26 12:05:50] Loading telegram config for company 1...
[2026-02-26 12:05:50] Config found, bot token: 8415659161:AAFh...
[2026-02-26 12:05:50] Webhook secret in DB: SET
[2026-02-26 12:05:50] Secret header from Telegram: NOT PRESENT
[2026-02-26 12:05:50] Secret validation passed
[2026-02-26 12:05:50] Creating TelegramWebhook handler...
[2026-02-26 12:05:50] Calling handler->handle()...
[2026-02-26 12:05:50] Handler completed successfully
[2026-02-26 12:05:50] Sending OK response to Telegram
[2026-02-26 12:06:02] ===== WEBHOOK HANDLER START =====
[2026-02-26 12:06:02] Input received, size: 497
[2026-02-26 12:06:02] JSON parsed, update_id: 633184221
[2026-02-26 12:06:02] Loading telegram config for company 1...
[2026-02-26 12:06:02] Config found, bot token: 8415659161:AAFh...
[2026-02-26 12:06:02] Webhook secret in DB: SET
[2026-02-26 12:06:02] Secret header from Telegram: NOT PRESENT
[2026-02-26 12:06:02] Secret validation passed
[2026-02-26 12:06:02] Creating TelegramWebhook handler...
[2026-02-26 12:06:02] Calling handler->handle()...
[2026-02-26 12:06:02] Handler completed successfully
[2026-02-26 12:06:02] Sending OK response to Telegram
[2026-02-26 12:06:15] ===== WEBHOOK HANDLER START =====
[2026-02-26 12:06:15] Input received, size: 506
[2026-02-26 12:06:15] JSON parsed, update_id: 633184222
[2026-02-26 12:06:15] Loading telegram config for company 1...
[2026-02-26 12:06:15] Config found, bot token: 8415659161:AAFh...
[2026-02-26 12:06:15] Webhook secret in DB: SET
[2026-02-26 12:06:15] Secret header from Telegram: NOT PRESENT
[2026-02-26 12:06:15] Secret validation passed
[2026-02-26 12:06:15] Creating TelegramWebhook handler...
[2026-02-26 12:06:15] Calling handler->handle()...
[2026-02-26 12:06:15] Handler completed successfully
[2026-02-26 12:06:15] Sending OK response to Telegram
[2026-02-26 13:07:32] ===== WEBHOOK HANDLER START =====
[2026-02-26 13:07:32] Input received, size: 498
[2026-02-26 13:07:32] JSON parsed, update_id: 633184223
[2026-02-26 13:07:32] Loading telegram config for company 1...
[2026-02-26 13:07:32] Config found, bot token: 8415659161:AAFh...
[2026-02-26 13:07:32] Webhook secret in DB: SET
[2026-02-26 13:07:32] Secret header from Telegram: NOT PRESENT
[2026-02-26 13:07:32] Secret validation passed
[2026-02-26 13:07:32] Creating TelegramWebhook handler...
[2026-02-26 13:07:32] Calling handler->handle()...
[2026-02-26 13:07:32] Handler completed successfully
[2026-02-26 13:07:32] Sending OK response to Telegram
[2026-02-26 13:07:53] ===== WEBHOOK HANDLER START =====
[2026-02-26 13:07:53] Input received, size: 498
[2026-02-26 13:07:53] JSON parsed, update_id: 633184224
[2026-02-26 13:07:53] Loading telegram config for company 1...
[2026-02-26 13:07:53] Config found, bot token: 8415659161:AAFh...
[2026-02-26 13:07:53] Webhook secret in DB: SET
[2026-02-26 13:07:53] Secret header from Telegram: NOT PRESENT
[2026-02-26 13:07:53] Secret validation passed
[2026-02-26 13:07:53] Creating TelegramWebhook handler...
[2026-02-26 13:07:53] Calling handler->handle()...
[2026-02-26 13:07:53] Handler completed successfully
[2026-02-26 13:07:53] Sending OK response to Telegram
[2026-02-26 13:07:57] ===== WEBHOOK HANDLER START =====
[2026-02-26 13:07:57] Input received, size: 497
[2026-02-26 13:07:57] JSON parsed, update_id: 633184225
[2026-02-26 13:07:57] Loading telegram config for company 1...
[2026-02-26 13:07:57] Config found, bot token: 8415659161:AAFh...
[2026-02-26 13:07:57] Webhook secret in DB: SET
[2026-02-26 13:07:57] Secret header from Telegram: NOT PRESENT
[2026-02-26 13:07:57] Secret validation passed
[2026-02-26 13:07:57] Creating TelegramWebhook handler...
[2026-02-26 13:07:57] Calling handler->handle()...
[2026-02-26 13:07:57] Handler completed successfully
[2026-02-26 13:07:57] Sending OK response to Telegram
[2026-02-26 13:08:04] ===== WEBHOOK HANDLER START =====
[2026-02-26 13:08:04] Input received, size: 501
[2026-02-26 13:08:04] JSON parsed, update_id: 633184226
[2026-02-26 13:08:04] Loading telegram config for company 1...
[2026-02-26 13:08:04] Config found, bot token: 8415659161:AAFh...
[2026-02-26 13:08:04] Webhook secret in DB: SET
[2026-02-26 13:08:04] Secret header from Telegram: NOT PRESENT
[2026-02-26 13:08:04] Secret validation passed
[2026-02-26 13:08:04] Creating TelegramWebhook handler...
[2026-02-26 13:08:04] Calling handler->handle()...
[2026-02-26 13:08:04] Handler completed successfully
[2026-02-26 13:08:04] Sending OK response to Telegram
[2026-02-26 13:08:10] ===== WEBHOOK HANDLER START =====
[2026-02-26 13:08:10] Input received, size: 498
[2026-02-26 13:08:10] JSON parsed, update_id: 633184227
[2026-02-26 13:08:10] Loading telegram config for company 1...
[2026-02-26 13:08:10] Config found, bot token: 8415659161:AAFh...
[2026-02-26 13:08:10] Webhook secret in DB: SET
[2026-02-26 13:08:10] Secret header from Telegram: NOT PRESENT
[2026-02-26 13:08:10] Secret validation passed
[2026-02-26 13:08:10] Creating TelegramWebhook handler...
[2026-02-26 13:08:10] Calling handler->handle()...
[2026-02-26 13:08:10] Handler completed successfully
[2026-02-26 13:08:10] Sending OK response to Telegram
[2026-02-27 01:52:10] ===== WEBHOOK HANDLER START =====
[2026-02-27 01:52:10] Input received, size: 498
[2026-02-27 01:52:10] JSON parsed, update_id: 633184228
[2026-02-27 01:52:10] Loading telegram config for company 1...
[2026-02-27 01:52:10] Config found, bot token: 8415659161:AAFh...
[2026-02-27 01:52:10] Webhook secret in DB: SET
[2026-02-27 01:52:10] Secret header from Telegram: NOT PRESENT
[2026-02-27 01:52:10] Secret validation passed
[2026-02-27 01:52:10] Creating TelegramWebhook handler...
[2026-02-27 01:52:10] Calling handler->handle()...
[2026-02-27 01:52:10] Handler completed successfully
[2026-02-27 01:52:10] Sending OK response to Telegram
[2026-02-27 01:56:23] ===== WEBHOOK HANDLER START =====
[2026-02-27 01:56:23] Input received, size: 498
[2026-02-27 01:56:23] JSON parsed, update_id: 633184229
[2026-02-27 01:56:23] Loading telegram config for company 1...
[2026-02-27 01:56:23] Config found, bot token: 8415659161:AAFh...
[2026-02-27 01:56:23] Webhook secret in DB: SET
[2026-02-27 01:56:23] Secret header from Telegram: NOT PRESENT
[2026-02-27 01:56:23] Secret validation passed
[2026-02-27 01:56:23] Creating TelegramWebhook handler...
[2026-02-27 01:56:23] Calling handler->handle()...
[2026-02-27 01:56:23] Handler completed successfully
[2026-02-27 01:56:23] Sending OK response to Telegram
[2026-02-27 01:56:27] ===== WEBHOOK HANDLER START =====
[2026-02-27 01:56:27] Input received, size: 497
[2026-02-27 01:56:27] JSON parsed, update_id: 633184230
[2026-02-27 01:56:27] Loading telegram config for company 1...
[2026-02-27 01:56:27] Config found, bot token: 8415659161:AAFh...
[2026-02-27 01:56:27] Webhook secret in DB: SET
[2026-02-27 01:56:27] Secret header from Telegram: NOT PRESENT
[2026-02-27 01:56:27] Secret validation passed
[2026-02-27 01:56:27] Creating TelegramWebhook handler...
[2026-02-27 01:56:27] Calling handler->handle()...
[2026-02-27 01:56:27] Handler completed successfully
[2026-02-27 01:56:27] Sending OK response to Telegram
[2026-02-27 01:56:33] ===== WEBHOOK HANDLER START =====
[2026-02-27 01:56:33] Input received, size: 501
[2026-02-27 01:56:33] JSON parsed, update_id: 633184231
[2026-02-27 01:56:33] Loading telegram config for company 1...
[2026-02-27 01:56:33] Config found, bot token: 8415659161:AAFh...
[2026-02-27 01:56:33] Webhook secret in DB: SET
[2026-02-27 01:56:33] Secret header from Telegram: NOT PRESENT
[2026-02-27 01:56:33] Secret validation passed
[2026-02-27 01:56:33] Creating TelegramWebhook handler...
[2026-02-27 01:56:33] Calling handler->handle()...
[2026-02-27 01:56:33] Handler completed successfully
[2026-02-27 01:56:33] Sending OK response to Telegram
[2026-02-27 01:57:22] ===== WEBHOOK HANDLER START =====
[2026-02-27 01:57:22] Input received, size: 497
[2026-02-27 01:57:22] JSON parsed, update_id: 633184232
[2026-02-27 01:57:22] Loading telegram config for company 1...
[2026-02-27 01:57:22] Config found, bot token: 8415659161:AAFh...
[2026-02-27 01:57:22] Webhook secret in DB: SET
[2026-02-27 01:57:22] Secret header from Telegram: NOT PRESENT
[2026-02-27 01:57:22] Secret validation passed
[2026-02-27 01:57:22] Creating TelegramWebhook handler...
[2026-02-27 01:57:22] Calling handler->handle()...
[2026-02-27 01:57:22] Handler completed successfully
[2026-02-27 01:57:22] Sending OK response to Telegram
[2026-02-27 01:57:24] ===== WEBHOOK HANDLER START =====
[2026-02-27 01:57:24] Input received, size: 498
[2026-02-27 01:57:24] JSON parsed, update_id: 633184233
[2026-02-27 01:57:24] Loading telegram config for company 1...
[2026-02-27 01:57:24] Config found, bot token: 8415659161:AAFh...
[2026-02-27 01:57:24] Webhook secret in DB: SET
[2026-02-27 01:57:24] Secret header from Telegram: NOT PRESENT
[2026-02-27 01:57:24] Secret validation passed
[2026-02-27 01:57:24] Creating TelegramWebhook handler...
[2026-02-27 01:57:24] Calling handler->handle()...
[2026-02-27 01:57:24] Handler completed successfully
[2026-02-27 01:57:24] Sending OK response to Telegram
[2026-02-27 01:57:30] ===== WEBHOOK HANDLER START =====
[2026-02-27 01:57:30] Input received, size: 497
[2026-02-27 01:57:30] JSON parsed, update_id: 633184234
[2026-02-27 01:57:30] Loading telegram config for company 1...
[2026-02-27 01:57:30] Config found, bot token: 8415659161:AAFh...
[2026-02-27 01:57:30] Webhook secret in DB: SET
[2026-02-27 01:57:30] Secret header from Telegram: NOT PRESENT
[2026-02-27 01:57:30] Secret validation passed
[2026-02-27 01:57:30] Creating TelegramWebhook handler...
[2026-02-27 01:57:30] Calling handler->handle()...
[2026-02-27 01:57:30] Handler completed successfully
[2026-02-27 01:57:30] Sending OK response to Telegram
[2026-02-27 01:57:36] ===== WEBHOOK HANDLER START =====
[2026-02-27 01:57:36] Input received, size: 505
[2026-02-27 01:57:36] JSON parsed, update_id: 633184235
[2026-02-27 01:57:36] Loading telegram config for company 1...
[2026-02-27 01:57:36] Config found, bot token: 8415659161:AAFh...
[2026-02-27 01:57:36] Webhook secret in DB: SET
[2026-02-27 01:57:36] Secret header from Telegram: NOT PRESENT
[2026-02-27 01:57:36] Secret validation passed
[2026-02-27 01:57:36] Creating TelegramWebhook handler...
[2026-02-27 01:57:36] Calling handler->handle()...
[2026-02-27 01:57:36] Handler completed successfully
[2026-02-27 01:57:36] Sending OK response to Telegram
[2026-02-27 02:01:34] ===== WEBHOOK HANDLER START =====
[2026-02-27 02:01:34] Input received, size: 498
[2026-02-27 02:01:34] JSON parsed, update_id: 633184236
[2026-02-27 02:01:34] Loading telegram config for company 1...
[2026-02-27 02:01:34] Config found, bot token: 8415659161:AAFh...
[2026-02-27 02:01:34] Webhook secret in DB: SET
[2026-02-27 02:01:34] Secret header from Telegram: NOT PRESENT
[2026-02-27 02:01:34] Secret validation passed
[2026-02-27 02:01:34] Creating TelegramWebhook handler...
[2026-02-27 02:01:34] Calling handler->handle()...
[2026-02-27 02:01:34] Handler completed successfully
[2026-02-27 02:01:34] Sending OK response to Telegram
[2026-02-27 02:01:56] ===== WEBHOOK HANDLER START =====
[2026-02-27 02:01:56] Input received, size: 498
[2026-02-27 02:01:56] JSON parsed, update_id: 633184237
[2026-02-27 02:01:56] Loading telegram config for company 1...
[2026-02-27 02:01:56] Config found, bot token: 8415659161:AAFh...
[2026-02-27 02:01:56] Webhook secret in DB: SET
[2026-02-27 02:01:56] Secret header from Telegram: NOT PRESENT
[2026-02-27 02:01:56] Secret validation passed
[2026-02-27 02:01:56] Creating TelegramWebhook handler...
[2026-02-27 02:01:56] Calling handler->handle()...
[2026-02-27 02:01:56] Handler completed successfully
[2026-02-27 02:01:56] Sending OK response to Telegram
[2026-02-27 02:02:03] ===== WEBHOOK HANDLER START =====
[2026-02-27 02:02:03] Input received, size: 501
[2026-02-27 02:02:03] JSON parsed, update_id: 633184238
[2026-02-27 02:02:03] Loading telegram config for company 1...
[2026-02-27 02:02:03] Config found, bot token: 8415659161:AAFh...
[2026-02-27 02:02:03] Webhook secret in DB: SET
[2026-02-27 02:02:03] Secret header from Telegram: NOT PRESENT
[2026-02-27 02:02:03] Secret validation passed
[2026-02-27 02:02:03] Creating TelegramWebhook handler...
[2026-02-27 02:02:03] Calling handler->handle()...
[2026-02-27 02:02:03] Handler completed successfully
[2026-02-27 02:02:03] Sending OK response to Telegram
[2026-02-27 02:02:13] ===== WEBHOOK HANDLER START =====
[2026-02-27 02:02:13] Input received, size: 498
[2026-02-27 02:02:13] JSON parsed, update_id: 633184239
[2026-02-27 02:02:13] Loading telegram config for company 1...
[2026-02-27 02:02:13] Config found, bot token: 8415659161:AAFh...
[2026-02-27 02:02:13] Webhook secret in DB: SET
[2026-02-27 02:02:13] Secret header from Telegram: NOT PRESENT
[2026-02-27 02:02:13] Secret validation passed
[2026-02-27 02:02:13] Creating TelegramWebhook handler...
[2026-02-27 02:02:13] Calling handler->handle()...
[2026-02-27 02:02:13] Handler completed successfully
[2026-02-27 02:02:13] Sending OK response to Telegram
[2026-02-27 02:02:19] ===== WEBHOOK HANDLER START =====
[2026-02-27 02:02:19] Input received, size: 501
[2026-02-27 02:02:19] JSON parsed, update_id: 633184240
[2026-02-27 02:02:19] Loading telegram config for company 1...
[2026-02-27 02:02:19] Config found, bot token: 8415659161:AAFh...
[2026-02-27 02:02:19] Webhook secret in DB: SET
[2026-02-27 02:02:19] Secret header from Telegram: NOT PRESENT
[2026-02-27 02:02:19] Secret validation passed
[2026-02-27 02:02:19] Creating TelegramWebhook handler...
[2026-02-27 02:02:19] Calling handler->handle()...
[2026-02-27 02:02:19] Handler completed successfully
[2026-02-27 02:02:19] Sending OK response to Telegram
[2026-02-27 02:06:38] ===== WEBHOOK HANDLER START =====
[2026-02-27 02:06:38] Input received, size: 498
[2026-02-27 02:06:38] JSON parsed, update_id: 633184241
[2026-02-27 02:06:38] Loading telegram config for company 1...
[2026-02-27 02:06:38] Config found, bot token: 8415659161:AAFh...
[2026-02-27 02:06:38] Webhook secret in DB: SET
[2026-02-27 02:06:38] Secret header from Telegram: NOT PRESENT
[2026-02-27 02:06:38] Secret validation passed
[2026-02-27 02:06:38] Creating TelegramWebhook handler...
[2026-02-27 02:06:38] Calling handler->handle()...
[2026-02-27 02:06:38] Handler completed successfully
[2026-02-27 02:06:38] Sending OK response to Telegram
[2026-02-27 02:07:00] ===== WEBHOOK HANDLER START =====
[2026-02-27 02:07:00] Input received, size: 501
[2026-02-27 02:07:00] JSON parsed, update_id: 633184242
[2026-02-27 02:07:00] Loading telegram config for company 1...
[2026-02-27 02:07:00] Config found, bot token: 8415659161:AAFh...
[2026-02-27 02:07:00] Webhook secret in DB: SET
[2026-02-27 02:07:00] Secret header from Telegram: NOT PRESENT
[2026-02-27 02:07:00] Secret validation passed
[2026-02-27 02:07:00] Creating TelegramWebhook handler...
[2026-02-27 02:07:00] Calling handler->handle()...
[2026-02-27 02:07:00] Handler completed successfully
[2026-02-27 02:07:00] Sending OK response to Telegram
[2026-02-27 02:07:16] ===== WEBHOOK HANDLER START =====
[2026-02-27 02:07:16] Input received, size: 497
[2026-02-27 02:07:16] JSON parsed, update_id: 633184243
[2026-02-27 02:07:16] Loading telegram config for company 1...
[2026-02-27 02:07:16] Config found, bot token: 8415659161:AAFh...
[2026-02-27 02:07:16] Webhook secret in DB: SET
[2026-02-27 02:07:16] Secret header from Telegram: NOT PRESENT
[2026-02-27 02:07:16] Secret validation passed
[2026-02-27 02:07:16] Creating TelegramWebhook handler...
[2026-02-27 02:07:16] Calling handler->handle()...
[2026-02-27 02:07:16] Handler completed successfully
[2026-02-27 02:07:16] Sending OK response to Telegram
[2026-02-27 02:07:31] ===== WEBHOOK HANDLER START =====
[2026-02-27 02:07:31] Input received, size: 501
[2026-02-27 02:07:31] JSON parsed, update_id: 633184244
[2026-02-27 02:07:31] Loading telegram config for company 1...
[2026-02-27 02:07:31] Config found, bot token: 8415659161:AAFh...
[2026-02-27 02:07:31] Webhook secret in DB: SET
[2026-02-27 02:07:31] Secret header from Telegram: NOT PRESENT
[2026-02-27 02:07:31] Secret validation passed
[2026-02-27 02:07:31] Creating TelegramWebhook handler...
[2026-02-27 02:07:31] Calling handler->handle()...
[2026-02-27 02:07:31] Handler completed successfully
[2026-02-27 02:07:31] Sending OK response to Telegram
[2026-02-27 02:13:02] ===== WEBHOOK HANDLER START =====
[2026-02-27 02:13:02] Input received, size: 498
[2026-02-27 02:13:02] JSON parsed, update_id: 633184245
[2026-02-27 02:13:02] Loading telegram config for company 1...
[2026-02-27 02:13:02] Config found, bot token: 8415659161:AAFh...
[2026-02-27 02:13:02] Webhook secret in DB: SET
[2026-02-27 02:13:02] Secret header from Telegram: NOT PRESENT
[2026-02-27 02:13:02] Secret validation passed
[2026-02-27 02:13:02] Creating TelegramWebhook handler...
[2026-02-27 02:13:02] Calling handler->handle()...
[2026-02-27 02:13:02] Handler completed successfully
[2026-02-27 02:13:02] Sending OK response to Telegram
[2026-02-27 02:13:05] ===== WEBHOOK HANDLER START =====
[2026-02-27 02:13:05] Input received, size: 497
[2026-02-27 02:13:05] JSON parsed, update_id: 633184246
[2026-02-27 02:13:05] Loading telegram config for company 1...
[2026-02-27 02:13:05] Config found, bot token: 8415659161:AAFh...
[2026-02-27 02:13:05] Webhook secret in DB: SET
[2026-02-27 02:13:05] Secret header from Telegram: NOT PRESENT
[2026-02-27 02:13:05] Secret validation passed
[2026-02-27 02:13:05] Creating TelegramWebhook handler...
[2026-02-27 02:13:05] Calling handler->handle()...
[2026-02-27 02:13:05] Handler completed successfully
[2026-02-27 02:13:05] Sending OK response to Telegram
[2026-02-27 02:13:13] ===== WEBHOOK HANDLER START =====
[2026-02-27 02:13:13] Input received, size: 506
[2026-02-27 02:13:13] JSON parsed, update_id: 633184247
[2026-02-27 02:13:13] Loading telegram config for company 1...
[2026-02-27 02:13:13] Config found, bot token: 8415659161:AAFh...
[2026-02-27 02:13:13] Webhook secret in DB: SET
[2026-02-27 02:13:13] Secret header from Telegram: NOT PRESENT
[2026-02-27 02:13:13] Secret validation passed
[2026-02-27 02:13:13] Creating TelegramWebhook handler...
[2026-02-27 02:13:13] Calling handler->handle()...
[2026-02-27 02:13:13] Handler completed successfully
[2026-02-27 02:13:13] Sending OK response to Telegram
[2026-02-27 04:36:49] ===== WEBHOOK HANDLER START =====
[2026-02-27 04:36:49] Input received, size: 436
[2026-02-27 04:36:49] JSON parsed, update_id: 633184248
[2026-02-27 04:36:49] Loading telegram config for company 1...
[2026-02-27 04:36:49] Config found, bot token: 8415659161:AAFh...
[2026-02-27 04:36:49] Webhook secret in DB: SET
[2026-02-27 04:36:49] Secret header from Telegram: NOT PRESENT
[2026-02-27 04:36:49] Secret validation passed
[2026-02-27 04:36:49] Creating TelegramWebhook handler...
[2026-02-27 04:36:49] Calling handler->handle()...
[2026-02-27 04:36:49] Handler completed successfully
[2026-02-27 04:36:49] Sending OK response to Telegram
[2026-02-27 04:39:14] ===== WEBHOOK HANDLER START =====
[2026-02-27 04:39:14] Input received, size: 436
[2026-02-27 04:39:14] JSON parsed, update_id: 633184249
[2026-02-27 04:39:14] Loading telegram config for company 1...
[2026-02-27 04:39:14] Config found, bot token: 8415659161:AAFh...
[2026-02-27 04:39:14] Webhook secret in DB: SET
[2026-02-27 04:39:14] Secret header from Telegram: NOT PRESENT
[2026-02-27 04:39:14] Secret validation passed
[2026-02-27 04:39:14] Creating TelegramWebhook handler...
[2026-02-27 04:39:14] Calling handler->handle()...
[2026-02-27 04:39:14] Handler completed successfully
[2026-02-27 04:39:14] Sending OK response to Telegram
[2026-02-27 04:39:27] ===== WEBHOOK HANDLER START =====
[2026-02-27 04:39:27] Input received, size: 497
[2026-02-27 04:39:27] JSON parsed, update_id: 633184250
[2026-02-27 04:39:27] Loading telegram config for company 1...
[2026-02-27 04:39:27] Config found, bot token: 8415659161:AAFh...
[2026-02-27 04:39:27] Webhook secret in DB: SET
[2026-02-27 04:39:27] Secret header from Telegram: NOT PRESENT
[2026-02-27 04:39:27] Secret validation passed
[2026-02-27 04:39:27] Creating TelegramWebhook handler...
[2026-02-27 04:39:27] Calling handler->handle()...
[2026-02-27 04:39:27] Handler completed successfully
[2026-02-27 04:39:27] Sending OK response to Telegram
[2026-02-27 04:45:08] ===== WEBHOOK HANDLER START =====
[2026-02-27 04:45:08] Input received, size: 497
[2026-02-27 04:45:08] JSON parsed, update_id: 633184251
[2026-02-27 04:45:08] Loading telegram config for company 1...
[2026-02-27 04:45:08] Config found, bot token: 8415659161:AAFh...
[2026-02-27 04:45:08] Webhook secret in DB: SET
[2026-02-27 04:45:08] Secret header from Telegram: NOT PRESENT
[2026-02-27 04:45:08] Secret validation passed
[2026-02-27 04:45:08] Creating TelegramWebhook handler...
[2026-02-27 04:45:08] Calling handler->handle()...
[2026-02-27 04:45:08] Handler completed successfully
[2026-02-27 04:45:08] Sending OK response to Telegram
[2026-02-27 04:48:08] ===== WEBHOOK HANDLER START =====
[2026-02-27 04:48:08] Input received, size: 498
[2026-02-27 04:48:08] JSON parsed, update_id: 633184252
[2026-02-27 04:48:08] Loading telegram config for company 1...
[2026-02-27 04:48:08] Config found, bot token: 8415659161:AAFh...
[2026-02-27 04:48:08] Webhook secret in DB: SET
[2026-02-27 04:48:08] Secret header from Telegram: NOT PRESENT
[2026-02-27 04:48:08] Secret validation passed
[2026-02-27 04:48:08] Creating TelegramWebhook handler...
[2026-02-27 04:48:08] Calling handler->handle()...
[2026-02-27 04:48:08] Handler completed successfully
[2026-02-27 04:48:08] Sending OK response to Telegram
[2026-02-27 04:48:14] ===== WEBHOOK HANDLER START =====
[2026-02-27 04:48:14] Input received, size: 438
[2026-02-27 04:48:14] JSON parsed, update_id: 633184253
[2026-02-27 04:48:14] Loading telegram config for company 1...
[2026-02-27 04:48:14] Config found, bot token: 8415659161:AAFh...
[2026-02-27 04:48:14] Webhook secret in DB: SET
[2026-02-27 04:48:14] Secret header from Telegram: NOT PRESENT
[2026-02-27 04:48:14] Secret validation passed
[2026-02-27 04:48:14] Creating TelegramWebhook handler...
[2026-02-27 04:48:14] Calling handler->handle()...
[2026-02-27 04:48:14] Handler completed successfully
[2026-02-27 04:48:14] Sending OK response to Telegram
